OrderID,OrderDate,CustomerID,CustomerSegment,Region,City,Channel,Category,Product,Quantity,UnitPrice,DiscountPct,GrossSales,DiscountAmount,NetSales,UnitCost,TotalCost,Profit,PaymentMode
101902,2025-04-12,CUST3987,Individual,West,Pune,Retail Store,Furniture,Bookshelf,4,4263.38,0.05,17053.52,852.68,16200.84,2547.19,10188.76,6012.08,UPI
105090,2024-07-11,CUST3240,Small Business,South,Bengaluru,Retail Store,Apparel,Wool Sweater,5,2147.28,0.05,10736.4,536.82,10199.58,1435.92,7179.6,3019.98,UPI
105814,2024-02-29,CUST3663,Individual,Central,Nagpur,Online,Apparel,Running Shoes,2,1890.64,0.05,3781.28,189.06,3592.22,1387.54,2775.08,817.14,UPI
102382,2024-06-07,CUST1447,Individual,West,Pune,Online,Apparel,Wool Sweater,3,2088.45,0.2,6265.35,1253.07,5012.28,1289.22,3867.66,1144.62,Net Banking
101626,2025-02-02,CUST3663,Small Business,South,Chennai,Online,Electronics,Laptop Stand,2,4486.9,0.0,8973.8,0.0,8973.8,2956.66,5913.32,3060.48,Cash on Delivery
101700,2024-12-18,CUST3559,Individual,West,Mumbai,Online,Furniture,Filing Cabinet,4,11103.81,0.0,44415.24,0.0,44415.24,7877.38,31509.52,12905.72,Debit Card
102142,2025-12-27,CUST2949,Individual,South,Hyderabad,Distributor,Electronics,USB-C Hub,1,4694.0,0.15,4694.0,704.1,3989.9,3287.28,3287.28,702.62,Net Banking
101173,2024-09-09,CUST3883,Small Business,South,Chennai,Online,Electronics,Laptop Stand,3,2296.17,0.05,6888.51,344.43,6544.08,1343.25,4029.75,2514.33,Credit Card
103111,2024-06-29,CUST3867,Individual,East,Kolkata,Online,Furniture,Bookshelf,1,2201.06,0.0,2201.06,0.0,2201.06,1425.06,1425.06,776.0,Debit Card
100966,2025-12-09,CUST4152,Individual,North,Chandigarh,Retail Store,Furniture,Standing Desk,6,8054.12,0.15,48324.72,7248.71,41076.01,4531.26,27187.56,13888.45,Credit Card
105626,2024-02-15,CUST2518,Individual,South,Hyderabad,Retail Store,Stationery,Gel Pens Pack,1,378.5,0.0,378.5,0.0,378.5,237.4,237.4,141.1,UPI
102806,2025-05-03,CUST4279,Individual,North,Delhi,Online,Stationery,Desk Organizer,2,679.68,0.05,1359.36,67.97,1291.39,447.18,894.36,397.03,Net Banking
103972,2024-08-21,CUST3814,Individual,East,Kolkata,Online,Electronics,Power Bank,3,3074.76,0.1,9224.28,922.43,8301.85,1911.91,5735.73,2566.12,Credit Card
101773,2024-03-01,CUST4292,Small Business,North,Lucknow,Online,Apparel,Running Shoes,2,725.11,0.05,1450.22,72.51,1377.71,431.81,863.62,514.09,Debit Card
100136,2024-10-06,CUST4674,Small Business,East,Kolkata,Retail Store,Furniture,Office Chair,9,6382.46,0.1,57442.14,5744.21,51697.93,4603.22,41428.98,10268.95,Net Banking
102651,04-09-2024,CUST2057,Enterprise,Central,Nagpur,Online,GROCERIES,Olive Oil,2,829.29,0.2,1658.58,331.72,1326.86,526.11,1052.22,274.64,UPI
103387,2025-02-23,CUST3641,Small Business,South,Bengaluru,Online,Stationery,Desk Organizer,3,349.68,0.0,1049.04,0.0,1049.04,251.83,755.49,293.55,Credit Card
103951,2025-03-31,CUST4957,Individual,South,Bengaluru,Online,Apparel,Running Shoes,5,1586.27,0.05,7931.35,396.57,7534.78,1037.48,5187.4,2347.38,UPI
101846,2025-07-01,CUST3260,Individual,South,Bengaluru,Online,Groceries,Green Tea Pack,5,381.25,0.2,1906.25,381.25,1525.0,228.26,1141.3,383.7,Net Banking
102774,2024-03-12,CUST4664,Enterprise,West,Pune,Distributor,Electronics,USB-C Hub,4,1551.37,0.0,6205.48,0.0,6205.48,1053.14,4212.56,1992.92,Cash on Delivery
100195,2024-07-27,CUST3493,Individual,East,Patna,Retail Store,Furniture,Desk Lamp,3,14394.56,0.0,43183.68,0.0,43183.68,9222.23,27666.69,15516.99,Credit Card
105558,2024-07-28,CUST2452,Small Business,North,Delhi,Online,Furniture,Desk Lamp,2,14475.44,0.05,28950.88,1447.54,27503.34,8693.07,17386.14,10117.2,Credit Card
105368,2024-05-11,CUST3601,Small Business,East,Kolkata,Online,Electronics,USB-C Hub,4,5197.6,0.1,20790.4,2079.04,18711.36,3450.09,13800.36,4911.0,Debit Card
102308,2025-10-17,CUST1917,Individual,West,Mumbai,Retail Store,Furniture,Office Chair,4,4391.17,0.15,17564.68,2634.7,14929.98,3148.18,12592.72,2337.26,Net Banking
100306,2025-07-08,CUST3153,Small Business,East,Bhubaneswar,Online,Electronics,Laptop Stand,3,3352.19,0.1,10056.57,1005.66,9050.91,1929.69,5789.07,3261.84,Debit Card
103160,09/08/2024,CUST1639,Individual,West,Ahmedabad,Distributor,Furniture,Desk Lamp,3,3710.82,0.0,11132.46,0.0,11132.46,2588.85,7766.55,3365.91,Credit Card
102102,2025-10-13,CUST2383,Enterprise,Central,Nagpur,Retail Store,Furniture,Standing Desk,1,11219.42,0.0,11219.42,0.0,11219.42,6913.56,6913.56,4305.86,Cash on Delivery
104807,2025-04-06,CUST3230,Individual,North,Chandigarh,Retail Store,Stationery,Sticky Notes,3,668.45,0.0,2005.35,0.0,2005.35,484.62,1453.86,551.49,UPI
104888,2025-01-28,CUST4054,Small Business,North,Delhi,Online,Groceries,Almond Butter,1,635.54,0.1,635.54,63.55,571.99,425.59,425.59,146.4,Debit Card
105449,2025-07-26,CUST4510,Individual,East,Kolkata,Distributor,Apparel,Rain Jacket,1,2943.81,0.2,2943.81,588.76,2355.05,1645.12,1645.12,709.93,Debit Card
101838,2024-12-29,CUST1132,Individual,Central,Nagpur,Online,Electronics,USB-C Hub,4,2448.87,0.1,9795.48,979.55,8815.93,1375.38,5501.52,3314.41,Net Banking
104297,2024-09-23,CUST3198,Individual,Central,Bhopal,Online,Electronics,USB-C Hub,5,5340.04,0.0,26700.2,0.0,26700.2,3440.82,17204.1,9496.1,Debit Card
105268,2025-05-15,CUST1755,Small Business,East,Bhubaneswar,Retail Store,Apparel,Denim Jacket,5,2715.63,0.0,13578.15,0.0,13578.15,1742.77,8713.85,4864.3,Net Banking
101458,12-16-2025,CUST3042,Small Business,South,Bengaluru,Retail Store,Apparel,Wool Sweater,8,643.03,0.2,5144.24,1028.85,4115.39,389.18,3113.44,1001.95,Debit Card
101647,2024-09-06,CUST1709,Individual,East,Patna,Retail Store,Stationery,Sticky Notes,2,457.84,0.05,915.68,45.78,869.9,324.43,648.86,221.04,Net Banking
103649,2024-03-05,CUST4450,Enterprise,West,Pune,Distributor,Groceries,Organic Coffee,1,559.16,0.1,559.16,55.92,503.24,371.95,371.95,131.29,Debit Card
101445,2025-12-26,CUST1239,Individual,East,Bhubaneswar,Retail Store,Groceries,Organic Coffee,4,685.15,0.1,2740.6,274.06,2466.54,429.6,1718.4,748.14,Debit Card
103007,2025-10-10,CUST1685,Individual,West,Pune,Online,Apparel,Running Shoes,5,1380.55,0.15,6902.75,1035.41,5867.34,890.69,4453.45,1413.89,Net Banking
101926,2025-04-11,CUST3806,Individual,West,Ahmedabad,Retail Store,Furniture,Standing Desk,5,14856.75,0.1,74283.75,7428.38,66855.37,8937.29,44686.45,22168.92,Net Banking
104320,2024-11-29,CUST1254,Individual,North,Delhi,Retail Store,Groceries,Granola Bars,3,158.75,0.0,476.25,0.0,476.25,92.09,276.27,199.98,Debit Card
100277,2025-10-25,CUST2690,,Central,,Online,Apparel,Cotton T-Shirt,1,2862.15,,2862.15,429.32,2432.83,1771.01,1771.01,661.82,
100894,2025-05-02,CUST2793,Small Business,North,Lucknow,Online,Stationery,Sticky Notes,2,436.04,0.0,872.08,0.0,872.08,279.96,559.92,312.16,Net Banking
105157,2024-09-23,CUST4367,Small Business,East,Bhubaneswar,Distributor,Apparel,Cotton T-Shirt,3,1055.61,0.0,3166.83,0.0,3166.83,713.16,2139.48,1027.35,Debit Card
104399,2025-02-03,CUST1052,Small Business,South,Bengaluru,Online,Furniture,Filing Cabinet,1,4632.62,0.05,4632.62,231.63,4400.99,3309.54,3309.54,1091.45,Net Banking
104804,2024-03-28,CUST2659,Individual,North,Chandigarh,Retail Store,Stationery,Notebook Set,1,494.48,0.0,494.48,0.0,494.48,334.29,334.29,160.19,Cash on Delivery
104098,2025-06-01,CUST3289,Small Business,East,Bhubaneswar,Distributor,Electronics,Webcam HD,6,1433.25,0.0,8599.5,0.0,8599.5,1049.99,6299.94,2299.56,Cash on Delivery
104060,2025-06-24,CUST3749,Individual,East,Bhubaneswar,Distributor,Groceries,Granola Bars,10,512.96,0.0,5129.6,0.0,5129.6,301.73,3017.3,2112.3,UPI
102748,2024-11-21,CUST2680,Individual,North,Lucknow,Online,Stationery,Notebook Set,6,259.62,0.0,1557.72,0.0,1557.72,192.15,1152.9,404.82,Cash on Delivery
104437,2025-06-22,CUST3582,Small Business,South,Hyderabad,Retail Store,Stationery,Sticky Notes,7,223.41,0.05,1563.87,78.19,1485.68,158.18,1107.26,378.42,Debit Card
104753,2025-07-14,CUST3765,Individual,South,Bengaluru,Retail Store,Groceries,Green Tea Pack,2,255.31,0.0,510.62,0.0,510.62,154.38,308.76,201.86,Net Banking
103958,2025-05-30,CUST3996,Individual,West,Mumbai,Online,Stationery,Desk Organizer,2,454.0,0.0,908.0,0.0,908.0,280.5,561.0,347.0,Cash on Delivery
105125,2024-11-18,CUST2245,Enterprise,South,Hyderabad,Online,Furniture,Standing Desk,8,11354.96,0.2,90839.68,18167.94,72671.74,6904.33,55234.64,17437.1,UPI
102414,2025-05-31,CUST1448,Small Business,South,Hyderabad,Retail Store,Groceries,Granola Bars,1,875.26,0.0,875.26,0.0,875.26,635.23,635.23,240.03,Debit Card
102702,2025-05-11,CUST3681,Small Business,West,Pune,Online,Furniture,Filing Cabinet,2,8811.65,0.15,17623.3,2643.49,14979.81,5456.8,10913.6,4066.21,Cash on Delivery
105115,2025-02-24,CUST3723,Individual,North,Lucknow,Online,Apparel,Cotton T-Shirt,5,943.06,0.05,4715.3,235.77,4479.53,597.47,2987.35,1492.18,Credit Card
103573,2025-04-23,CUST4512,Individual, West  ,Pune,Retail Store,Furniture,Desk Lamp,2,13632.34,0.0,27264.68,0.0,27264.68,8941.35,17882.7,9381.98,Debit Card
100501,2025-11-03,CUST3829,Small Business,East,Bhubaneswar,Retail Store,Groceries,Green Tea Pack,1,749.82,0.1,749.82,74.98,674.84,443.47,443.47,231.37,Cash on Delivery
104905,2025-07-19,CUST4965,Individual,West,Pune,Online,Groceries,Organic Coffee,5,201.22,0.0,1006.1,0.0,1006.1,116.82,584.1,422.0,Credit Card
103402,2024-05-30,CUST4331,Enterprise,West,Pune,Retail Store,Electronics,USB-C Hub,9,4330.22,0.0,38971.98,0.0,38971.98,3196.85,28771.65,10200.33,Net Banking
102037,2024-11-12,CUST3308,Enterprise,Central,Bhopal,Online,Furniture,Standing Desk,8,10589.76,0.15,84718.08,12707.71,72010.37,7504.86,60038.88,11971.49,Net Banking
105458,2024-10-07,CUST1685,Small Business,South,Chennai,Distributor,Groceries,Green Tea Pack,7,357.03,0.0,2499.21,0.0,2499.21,229.76,1608.32,890.89,Debit Card
101986,2024-05-28,CUST4862,Small Business,Central,Bhopal,Online,Furniture,Bookshelf,3,2916.46,0.0,8749.38,0.0,8749.38,1628.29,4884.87,3864.51,Debit Card
105621,2025-07-02,CUST3569,Individual,West,Mumbai,Retail Store,APPAREL,Wool Sweater,3,1379.36,0.0,4138.08,0.0,4138.08,918.01,2754.03,1384.05,Cash on Delivery
105797,2024-04-19,CUST1560,Individual,Central,Nagpur,Online,Furniture,Office Chair,3,12778.06,0.05,38334.18,1916.71,36417.47,7308.1,21924.3,14493.17,Cash on Delivery
101391,2025-08-12,CUST1173,Individual,North,Delhi,Online,Furniture,Desk Lamp,4,8166.04,0.0,32664.16,0.0,32664.16,5672.96,22691.84,9972.32,Debit Card
103152,2024-02-22,CUST2661,Small Business,East,Patna,Retail Store,Furniture,Standing Desk,1,13590.57,0.0,13590.57,0.0,13590.57,7598.37,7598.37,5992.2,UPI
101666,2024-12-03,CUST3423,Individual,East,Kolkata,Distributor,Apparel,Rain Jacket,6,1642.94,0.2,9857.64,1971.53,7886.11,1212.23,7273.38,612.73,UPI
100916,2024-06-05,CUST1587,Individual,North,Delhi,Online,Apparel,Rain Jacket,2,1545.38,0.0,3090.76,0.0,3090.76,1022.07,2044.14,1046.62,UPI
101896,2024-10-17,CUST1429,Small Business,North,Delhi,Online,Apparel,Wool Sweater,3,1596.31,0.2,4788.93,957.79,3831.14,890.52,2671.56,1159.58,UPI
105748,2024-10-01,CUST3105,Individual,North,Chandigarh,Distributor,Groceries,Green Tea Pack,2,260.82,0.15,521.64,78.25,443.39,179.12,358.24,85.15,Net Banking
103362,2025-05-05,CUST1901,Individual,West,Ahmedabad,Online,Furniture,Desk Lamp,4,12168.64,0.15,48674.56,7301.18,41373.38,7862.96,31451.84,9921.54,Net Banking
101991,2024-01-03,CUST3061,Individual,West,Mumbai,Online,Apparel,Running Shoes,2,2497.35,0.0,4994.7,0.0,4994.7,1703.48,3406.96,1587.74,Cash on Delivery
103899,2024-12-11,CUST4785,Individual,East,Bhubaneswar,Online,Electronics,Laptop Stand,6,5632.21,0.0,33793.26,0.0,33793.26,3544.96,21269.76,12523.5,Cash on Delivery
101283,2025-06-04,CUST4563,Small Business, South  ,Chennai,Retail Store,Electronics,USB-C Hub,5,2730.32,0.0,13651.6,0.0,13651.6,1509.07,7545.35,6106.25,Net Banking
102039,2025-02-25,CUST4885,Individual,East,Patna,Retail Store,Furniture,Filing Cabinet,1,9143.4,0.1,9143.4,914.34,8229.06,5878.76,5878.76,2350.3,Credit Card
103643,2024-04-04,CUST4817,Individual,North,Chandigarh,Retail Store,Apparel,Denim Jacket,3,1171.35,0.0,3514.05,0.0,3514.05,714.6,2143.8,1370.25,Net Banking
103324,2024-11-08,CUST2350,Small Business,North,Lucknow,Online,Groceries,Organic Coffee,4,587.21,0.0,2348.84,0.0,2348.84,437.28,1749.12,599.72,UPI
104010,2024-04-11,CUST2821,Small Business,North,Lucknow,Online,APPAREL,Wool Sweater,4,2751.91,0.0,11007.64,0.0,11007.64,1761.06,7044.24,3963.4,Credit Card
104937,03/10/2024,CUST1344,Individual,South,Chennai,Online,Apparel,Wool Sweater,1,733.6,0.15,733.6,110.04,623.56,454.0,454.0,169.56,Cash on Delivery
100583,2025-02-08,CUST2045,Individual,West,Pune,Retail Store,Apparel,Wool Sweater,1,723.64,0.2,723.64,144.73,578.91,461.15,461.15,117.76,Debit Card
104809,2024-11-06,CUST2549,Individual,Central,Bhopal,Online,Electronics,Wireless Mouse,9,1534.22,0.05,13807.98,690.4,13117.58,991.67,8925.03,4192.55,Credit Card
104843,2024-09-07,CUST1392,Individual,North,Chandigarh,Retail Store,Apparel,Running Shoes,2,2466.91,0.0,4933.82,0.0,4933.82,1623.64,3247.28,1686.54,UPI
101209,2024-06-17,CUST3988,Individual,South,Hyderabad,Online,Groceries,Organic Coffee,2,509.04,0.0,1018.08,0.0,1018.08,350.87,701.74,316.34,UPI
103179,19-Dec-2024,CUST3976,Individual,South,Bengaluru,Online,Furniture,Bookshelf,8,7346.4,0.15,58771.2,8815.68,49955.52,4577.04,36616.32,13339.2,Credit Card
103583,2025-04-14,CUST3008,Small Business,East,Patna,Online,Apparel,Wool Sweater,3,2006.61,0.1,6019.83,601.98,5417.85,1179.14,3537.42,1880.43,Debit Card
104388,2025-12-03,CUST3641,Individual,East,,Retail Store,Electronics,Wireless Mouse,6,4945.98,0.0,29675.88,0.0,29675.88,3049.03,18294.18,11381.7,
105995,2025-09-08,CUST2712,Small Business,West,Pune,Retail Store,Stationery,Desk Organizer,2,314.63,0.1,629.26,62.93,566.33,212.48,424.96,141.37,Cash on Delivery
100408,2025-04-12,CUST3778,Individual,Central,Bhopal,Retail Store,Stationery,Gel Pens Pack,2,289.15,0.2,578.3,115.66,462.64,215.83,431.66,30.98,Credit Card
105129,2025-02-23,CUST1920,Individual,East,Patna,Retail Store,Apparel,Cotton T-Shirt,1,1486.96,0.1,1486.96,148.7,1338.26,908.5,908.5,429.76,Net Banking
104337,2025-10-09,CUST1896,Individual,North,Delhi,Online,Furniture,Standing Desk,2,9140.57,0.1,18281.14,1828.11,16453.03,5417.17,10834.34,5618.69,Debit Card
101792,2024-06-18,CUST3785,Individual,East,Bhubaneswar,Online,Furniture,Standing Desk,3,13514.7,0.0,40544.1,0.0,40544.1,8235.47,24706.41,15837.69,Credit Card
100453,2024-10-12,CUST2567,Individual,North,Delhi,Online,Furniture,Filing Cabinet,7,2386.41,0.0,16704.87,0.0,16704.87,1776.48,12435.36,4269.51,Cash on Delivery
101539,2024-07-13,CUST3526,Individual,South,Bengaluru,Online,Stationery,Notebook Set,3,369.17,0.05,1107.51,55.38,1052.13,213.88,641.64,410.49,Credit Card
102268,2025-09-27,CUST4624,Individual,East,Bhubaneswar,Online,Apparel,Running Shoes,2,2242.38,0.1,4484.76,448.48,4036.28,1564.94,3129.88,906.4,Cash on Delivery
103355,2024-08-01,CUST2190,Small Business,West,Mumbai,Online,Electronics,Wireless Mouse,1,4644.52,0.0,4644.52,0.0,4644.52,3366.74,3366.74,1277.78,Net Banking
100684,13/05/2024,CUST1339,Individual,South,Bengaluru,Retail Store,Groceries,Almond Butter,3,739.54,0.15,2218.62,332.79,1885.83,414.4,1243.2,642.63,UPI
105720,2025-04-25,CUST1861,Individual,South,Chennai,Distributor,Stationery,Desk Organizer,4,459.4,0.0,1837.6,0.0,1837.6,289.46,1157.84,679.76,UPI
102957,2024-05-03,CUST2017,Small Business,West,Pune,Retail Store,Apparel,Running Shoes,2,947.87,0.0,1895.74,0.0,1895.74,674.12,1348.24,547.5,Credit Card
100949,2025-01-28,CUST3915,Small Business,East,Kolkata,Online,Furniture,Desk Lamp,1,14457.55,0.2,14457.55,2891.51,11566.04,10177.96,10177.96,1388.08,Cash on Delivery
102812,2024-06-23,CUST3172,Individual,North,Chandigarh,Distributor,APPAREL,Wool Sweater,6,1505.0,0.0,9030.0,0.0,9030.0,1118.57,6711.42,2318.58,Debit Card
105303,2025-03-19,CUST1924,Individual,West,Ahmedabad,Online,Stationery,Gel Pens Pack,2,512.84,0.05,1025.68,51.28,974.4,311.76,623.52,350.88,Debit Card
101307,2024-04-28,CUST3400,Enterprise,West,Pune,Online,Stationery,Notebook Set,2,157.31,0.0,314.62,0.0,314.62,91.51,183.02,131.6,Credit Card
102168,2025-12-08,CUST2844,Small Business,East,Patna,Retail Store,Furniture,Office Chair,6,10693.32,0.0,64159.92,0.0,64159.92,7227.06,43362.36,20797.56,Debit Card
100360,2024-06-23,CUST1538,Small Business,South,Bengaluru,Distributor,Apparel,Rain Jacket,1,2298.42,0.0,2298.42,0.0,2298.42,1318.17,1318.17,980.25,UPI
104285,2024-12-28,CUST2936,Small Business,West,Mumbai,Online,Apparel,Wool Sweater,4,728.28,0.15,2913.12,436.97,2476.15,523.98,2095.92,380.23,Net Banking
100057,2024-05-14,CUST2890,Small Business,West,Mumbai,Online,Apparel,Wool Sweater,2,435.55,0.2,871.1,174.22,696.88,319.08,638.16,58.72,Debit Card
102707,2024-08-17,CUST1969,Individual,South,Chennai,Online,Apparel,Running Shoes,2,1042.1,0.2,2084.2,416.84,1667.36,657.86,1315.72,351.64,Cash on Delivery
101484,2024-12-21,CUST4582,,South,,Online,Stationery,Desk Organizer,1,545.84,,545.84,27.29,518.55,334.39,334.39,184.16,
104913,2024-04-22,CUST2353,Individual,North,Chandigarh,Online,Groceries,Almond Butter,3,503.82,0.0,1511.46,0.0,1511.46,338.85,1016.55,494.91,Credit Card
101507,2025-01-22,CUST1930,Individual,Central,Raipur,Online,Furniture,Filing Cabinet,1,11541.25,0.0,11541.25,0.0,11541.25,7722.53,7722.53,3818.72,Cash on Delivery
102594,2025-01-05,CUST2202,Individual,South,Hyderabad,Retail Store,STATIONERY,Whiteboard,1,205.46,0.0,205.46,0.0,205.46,148.01,148.01,57.45,Net Banking
103731,2024-11-13,CUST4811,Small Business, Central  ,Bhopal,Online,Groceries,Granola Bars,8,615.78,0.05,4926.24,246.31,4679.93,447.54,3580.32,1099.61,Debit Card
101245,2024-11-02,CUST3212,Individual,South,Hyderabad,Online,Stationery,Desk Organizer,8,606.88,0.05,4855.04,242.75,4612.29,444.84,3558.72,1053.57,UPI
104927,2024-05-12,CUST2333,Individual,North,Lucknow,Online,Stationery,Gel Pens Pack,4,111.13,0.2,444.52,88.9,355.62,76.57,306.28,49.34,Debit Card
101936,05-07-2025,CUST3148,Individual,Central,Raipur,Distributor,Electronics,Wireless Mouse,4,2956.47,0.2,11825.88,2365.18,9460.7,1905.13,7620.52,1840.18,Debit Card
104831,2025-07-15,CUST2398,Enterprise,East,Bhubaneswar,Online,Stationery,Sticky Notes,2,177.82,0.2,355.64,71.13,284.51,116.65,233.3,51.21,Debit Card
105661,2025-05-01,CUST3894,Small Business,Central,Bhopal,Online,Groceries,Organic Coffee,2,674.42,0.2,1348.84,269.77,1079.07,379.29,758.58,320.49,UPI
102632,2024-03-03,CUST2793,Individual,West,Mumbai,Online,Furniture,Bookshelf,2,10867.01,0.2,21734.02,4346.8,17387.22,8149.52,16299.04,1088.18,Credit Card
103671,2025-01-18,CUST2312,Individual,West,Pune,Online,Groceries,Green Tea Pack,1,766.78,0.1,766.78,76.68,690.1,529.16,529.16,160.94,UPI
104585,2024-01-15,CUST3906,Individual,West,Mumbai,Online,Apparel,Wool Sweater,2,1906.19,0.0,3812.38,0.0,3812.38,1150.69,2301.38,1511.0,Net Banking
102951,2025-03-15,CUST1122,Small Business,North,Delhi,Online,Groceries,Olive Oil,3,456.92,0.0,1370.76,0.0,1370.76,302.22,906.66,464.1,Cash on Delivery
105790,2024-07-21,CUST4052,,Central,,Online,Groceries,Olive Oil,2,835.4,,1670.8,83.54,1587.26,611.22,1222.44,364.82,
100001,2025-10-16,CUST3298,Small Business,East,Kolkata,Online,Electronics,Wireless Mouse,4,5439.33,0.1,21757.32,2175.73,19581.59,3646.55,14586.2,4995.39,Credit Card
100247,2024-10-03,CUST3142,Individual,South,Chennai,Retail Store,Stationery,Desk Organizer,3,457.58,0.2,1372.74,274.55,1098.19,275.74,827.22,270.97,Credit Card
104332,2025-04-17,CUST2116,Small Business,West,Pune,Online,Furniture,Filing Cabinet,2,9673.86,0.2,19347.72,3869.54,15478.18,5973.62,11947.24,3530.94,Net Banking
103416,2024-05-30,CUST3387,Individual,Central,Raipur,Retail Store,Apparel,Cotton T-Shirt,2,2093.77,0.05,4187.54,209.38,3978.16,1312.33,2624.66,1353.5,UPI
101441,2025-01-22,CUST3703,Small Business,North,Delhi,Online,Stationery,Gel Pens Pack,3,567.11,0.0,1701.33,0.0,1701.33,421.92,1265.76,435.57,Cash on Delivery
102956,2025-11-26,CUST1480,Small Business,Central,Bhopal,Online,Furniture,Filing Cabinet,3,11023.62,0.1,33070.86,3307.09,29763.77,7459.88,22379.64,7384.13,Net Banking
102014,2024-11-20,CUST1735,Individual,North,Chandigarh,Retail Store,Stationery,Desk Organizer,8,522.07,0.15,4176.56,626.48,3550.08,310.96,2487.68,1062.4,Cash on Delivery
102590,2024-09-13,CUST4136,Individual,East,Patna,Online,Electronics,Webcam HD,2,3603.61,0.0,7207.22,0.0,7207.22,2043.63,4087.26,3119.96,Net Banking
102795,2025-03-10,CUST4450,Individual,South,Chennai,Retail Store,Stationery,Gel Pens Pack,2,467.25,0.0,934.5,0.0,934.5,343.47,686.94,247.56,Debit Card
100434,2025-04-01,CUST1049,Small Business,West,Mumbai,Online,Electronics,Webcam HD,3,5705.69,0.0,17117.07,0.0,17117.07,3578.74,10736.22,6380.85,Debit Card
100659,2024-08-12,CUST1444,Individual,Central,Raipur,Retail Store,Groceries,Green Tea Pack,1,191.0,0.05,191.0,9.55,181.45,112.49,112.49,68.96,Cash on Delivery
102030,2024-11-08,CUST3238,Enterprise,South,Bengaluru,Online,Electronics,Bluetooth Speaker,4,1134.24,0.0,4536.96,0.0,4536.96,630.78,2523.12,2013.84,Net Banking
101652,2024-12-12,CUST4730,Individual,Central,Raipur,Retail Store,Furniture,Desk Lamp,9,11956.34,0.0,107607.06,0.0,107607.06,7060.33,63542.97,44064.09,Cash on Delivery
105547,2025-01-29,CUST3615,Small Business,South,Hyderabad,Retail Store,Groceries,Organic Coffee,1,746.18,0.2,746.18,149.24,596.94,430.2,430.2,166.74,UPI
102375,2024-06-26,CUST2674,Individual,North,Lucknow,Online,APPAREL,Wool Sweater,1,646.42,0.0,646.42,0.0,646.42,426.89,426.89,219.53,Cash on Delivery
103193,2025-12-25,CUST4599,Individual,South,Chennai,Online,Apparel,Cotton T-Shirt,8,2025.91,0.0,16207.28,0.0,16207.28,1336.58,10692.64,5514.64,UPI
105042,2025-02-06,CUST4132,Individual,North,Chandigarh,Online,Stationery,Desk Organizer,4,272.72,0.15,1090.88,163.63,927.25,167.63,670.52,256.73,Cash on Delivery
102005,2025-05-08,CUST1497,Individual,West,Mumbai,Online,Stationery,Whiteboard,1,456.67,0.0,456.67,0.0,456.67,331.62,331.62,125.05,Net Banking
104143,2024-02-24,CUST4767,Individual,East,Kolkata,Online,Furniture,Standing Desk,1,8948.51,0.2,8948.51,1789.7,7158.81,6326.44,6326.44,832.37,UPI
101818,2024-07-15,CUST2106,Individual,Central,Bhopal,Retail Store,Stationery,Notebook Set,3,497.48,0.1,1492.44,149.24,1343.2,347.71,1043.13,300.07,Net Banking
104709,2025-12-21,CUST1530,Individual,South,Bengaluru,Online,Electronics,Webcam HD,1,2320.37,0.2,2320.37,464.07,1856.3,1440.92,1440.92,415.38,Debit Card
102426,2024-01-15,CUST2488,Individual,South,Bengaluru,Retail Store,Groceries,Organic Coffee,1,413.33,0.2,413.33,82.67,330.66,267.26,267.26,63.4,Credit Card
104539,2025-08-23,CUST4206,Small Business,North,Delhi,Retail Store,Furniture,Desk Lamp,2,3044.33,0.2,6088.66,1217.73,4870.93,1701.95,3403.9,1467.03,Debit Card
100893,2024-08-28,CUST3901,Individual,East,Kolkata,Distributor,Apparel,Rain Jacket,2,2468.45,0.2,4936.9,987.38,3949.52,1844.18,3688.36,261.16,UPI
102926,2025-04-01,CUST2477,Small Business,North,Lucknow,Online,STATIONERY,Gel Pens Pack,1,544.65,0.2,544.65,108.93,435.72,350.19,350.19,85.53,Net Banking
102464,2025-06-14,CUST2557,Individual,South,Hyderabad,Retail Store,Groceries,Granola Bars,3,470.38,0.2,1411.14,282.23,1128.91,276.05,828.15,300.76,Credit Card
103691,2025-06-26,CUST1744,Individual,North,Lucknow,Distributor,Apparel,Denim Jacket,3,515.15,0.0,1545.45,0.0,1545.45,297.59,892.77,652.68,Cash on Delivery
103667,2024-03-05,CUST1012,Individual,East,Patna,Distributor,Electronics,Webcam HD,4,1328.97,0.05,5315.88,265.79,5050.09,881.45,3525.8,1524.29,Cash on Delivery
105955,2024-08-10,CUST4035,Individual,Central,Bhopal,Retail Store,Stationery,Whiteboard,2,649.23,0.15,1298.46,194.77,1103.69,435.41,870.82,232.87,Credit Card
104215,2024-06-12,CUST1403,Individual,Central,Raipur,Retail Store,Furniture,Standing Desk,3,7270.83,0.0,21812.49,0.0,21812.49,5276.85,15830.55,5981.94,Net Banking
105818,2025-10-14,CUST1946,Small Business,North,Chandigarh,Retail Store,Apparel,Running Shoes,4,468.94,0.2,1875.76,375.15,1500.61,351.3,1405.2,95.41,UPI
102288,2025-08-13,CUST2584,Individual,South,Chennai,Online,Furniture,Standing Desk,1,4945.23,0.0,4945.23,0.0,4945.23,2772.53,2772.53,2172.7,Cash on Delivery
100719,2025-03-07,CUST3744,Individual,Central,Nagpur,Retail Store,Electronics,Bluetooth Speaker,3,1461.83,0.05,4385.49,219.27,4166.22,840.83,2522.49,1643.73,Debit Card
101544,2025-02-22,CUST4257,Individual,West,Ahmedabad,Online,Electronics,Webcam HD,1,4775.3,0.0,4775.3,0.0,4775.3,2922.12,2922.12,1853.18,Cash on Delivery
105161,2024-12-13,CUST4884,Individual,Central,Raipur,Retail Store,Furniture,Office Chair,8,12268.59,0.0,98148.72,0.0,98148.72,7709.42,61675.36,36473.36,Net Banking
102130,2024-11-28,CUST4947,Individual,East,Bhubaneswar,Distributor,Stationery,Gel Pens Pack,4,437.19,0.05,1748.76,87.44,1661.32,308.81,1235.24,426.08,Net Banking
101421,2024-07-25,CUST4954,Individual,South,Bengaluru,Retail Store,Groceries,Granola Bars,6,862.94,0.0,5177.64,0.0,5177.64,513.28,3079.68,2097.96,UPI
100116,2025-02-24,CUST1528,Individual,North,Delhi,Distributor,GROCERIES,Granola Bars,5,735.2,0.0,3676.0,0.0,3676.0,517.25,2586.25,1089.75,Credit Card
101922,2025-04-10,CUST4670,Individual,West,Mumbai,Online,Furniture,Office Chair,4,7462.59,0.2,29850.36,5970.07,23880.29,5572.51,22290.04,1590.25,UPI
100986,2025-06-06,CUST4081,Individual,West,Ahmedabad,Distributor,Furniture,Office Chair,5,11794.38,0.0,58971.9,0.0,58971.9,7445.54,37227.7,21744.2,Credit Card
102514,2024-05-16,CUST2991,Individual,Central,Raipur,Online,Stationery,Sticky Notes,3,370.16,0.05,1110.48,55.52,1054.96,204.85,614.55,440.41,Cash on Delivery
101170,2025-01-14,CUST3273,Enterprise,East,Patna,Online,GROCERIES,Granola Bars,5,757.57,0.0,3787.85,0.0,3787.85,433.41,2167.05,1620.8,UPI
103891,2024-10-23,CUST1570,Individual, South  ,Hyderabad,Online,Apparel,Rain Jacket,6,1826.88,0.1,10961.28,1096.13,9865.15,1177.92,7067.52,2797.63,Credit Card
100522,2024-10-08,CUST3162,Small Business,Central,Nagpur,Online,Furniture,Standing Desk,2,2584.79,0.05,5169.58,258.48,4911.1,1434.07,2868.14,2042.96,Debit Card
105808,2025-06-07,CUST4853,Individual,East,Bhubaneswar,Online,Stationery,Desk Organizer,3,173.01,0.05,519.03,25.95,493.08,99.04,297.12,195.96,UPI
103360,2024-07-12,CUST2074,Individual,West,Ahmedabad,Online,Apparel,Running Shoes,1,822.61,0.0,822.61,0.0,822.61,535.06,535.06,287.55,Cash on Delivery
103209,2025-02-14,CUST4632,Individual,Central,Bhopal,Online,Groceries,Organic Coffee,1,738.06,0.15,738.06,110.71,627.35,510.16,510.16,117.19,Cash on Delivery
100969,2025-10-16,CUST2768,Enterprise, South  ,Hyderabad,Online,Apparel,Wool Sweater,4,2148.91,0.05,8595.64,429.78,8165.86,1336.76,5347.04,2818.82,Cash on Delivery
102627,2024-03-01,CUST3487,Individual,West,Pune,Online,Apparel,Cotton T-Shirt,3,2289.12,0.05,6867.36,343.37,6523.99,1610.96,4832.88,1691.11,UPI
103831,2025-10-26,CUST2894,Small Business,East,Patna,Online,Stationery,Sticky Notes,2,586.17,0.15,1172.34,175.85,996.49,368.33,736.66,259.83,Cash on Delivery
101182,2025-11-07,CUST3583,Small Business,South,Chennai,Online,Furniture,Office Chair,3,4229.87,0.15,12689.61,1903.44,10786.17,2884.15,8652.45,2133.72,Cash on Delivery
103308,01-Jun-2024,CUST4787,Small Business,East,Patna,Online,Stationery,Whiteboard,5,183.51,0.15,917.55,137.63,779.92,116.14,580.7,199.22,Debit Card
104311,2024-02-18,CUST2509,Enterprise,North,Chandigarh,Retail Store,Groceries,Olive Oil,2,662.94,0.0,1325.88,0.0,1325.88,398.0,796.0,529.88,Debit Card
104081,2024-01-18,CUST2112,Individual,West,Mumbai,Online,Apparel,Cotton T-Shirt,1,629.61,0.0,629.61,0.0,629.61,384.2,384.2,245.41,UPI
101343,2024-08-17,CUST3204,Enterprise,North,Delhi,Distributor,Furniture,Office Chair,2,2991.5,0.0,5983.0,0.0,5983.0,2070.85,4141.7,1841.3,Credit Card
103481,2024-06-28,CUST1765,Individual,South,Hyderabad,Online,Apparel,Denim Jacket,5,1714.68,0.05,8573.4,428.67,8144.73,1285.88,6429.4,1715.33,Credit Card
105723,2025-05-05,CUST1574,Small Business,North,Lucknow,Online,Groceries,Organic Coffee,3,682.55,0.1,2047.65,204.77,1842.88,402.31,1206.93,635.95,Debit Card
101543,2025-02-14,CUST2673,Individual,Central,Bhopal,Retail Store,Furniture,Desk Lamp,3,2056.08,0.0,6168.24,0.0,6168.24,1315.3,3945.9,2222.34,Net Banking
100122,12-Jun-2024,CUST1881,Enterprise,East,Kolkata,Retail Store,Apparel,Rain Jacket,3,1693.16,0.05,5079.48,253.97,4825.51,1258.59,3775.77,1049.74,Cash on Delivery
103388,2024-07-01,CUST2571,Individual,North,Delhi,Online,Groceries,Olive Oil,2,722.1,0.1,1444.2,144.42,1299.78,499.47,998.94,300.84,UPI
103547,2024-02-24,CUST1990,Individual,East,Bhubaneswar,Distributor,Apparel,Rain Jacket,1,576.7,0.0,576.7,0.0,576.7,385.72,385.72,190.98,Debit Card
105139,2024-07-08,CUST2886,Individual,East,Patna,Retail Store,Furniture,Filing Cabinet,3,7187.88,0.2,21563.64,4312.73,17250.91,5168.41,15505.23,1745.68,Debit Card
104903,2025-05-15,CUST2537,Small Business,Central,Nagpur,Distributor,Groceries,Almond Butter,4,189.13,0.0,756.52,0.0,756.52,113.66,454.64,301.88,Cash on Delivery
104538,2024-04-27,CUST1977,Individual,South,Chennai,Distributor,Apparel,Cotton T-Shirt,8,903.27,0.0,7226.16,0.0,7226.16,616.37,4930.96,2295.2,Credit Card
105199,2025-06-28,CUST2199,Individual,Central,Raipur,Online,Apparel,Wool Sweater,3,2799.49,0.0,8398.47,0.0,8398.47,1793.95,5381.85,3016.62,Debit Card
100150,2025-11-20,CUST1778,Small Business,North,Delhi,Online,Stationery,Desk Organizer,1,673.35,0.0,673.35,0.0,673.35,398.87,398.87,274.48,Debit Card
101524,2025-06-24,CUST4848,Small Business,North,Chandigarh,Retail Store,Stationery,Notebook Set,3,396.82,0.0,1190.46,0.0,1190.46,218.37,655.11,535.35,Net Banking
100597,2025-11-12,CUST4728,Individual,South,Hyderabad,Retail Store,Groceries,Organic Coffee,8,724.75,0.15,5798.0,869.7,4928.3,448.36,3586.88,1341.42,Cash on Delivery
102586,2025-06-27,CUST3151,Small Business,South,Hyderabad,Online,Furniture,Filing Cabinet,1,14939.81,0.05,14939.81,746.99,14192.82,8545.88,8545.88,5646.94,UPI
100009,2025-10-18,CUST4447,Enterprise,East,Patna,Online,Apparel,Cotton T-Shirt,1,1701.52,0.2,1701.52,340.3,1361.22,1148.63,1148.63,212.59,Credit Card
102390,2024-09-08,CUST4038,Individual,West,Pune,Retail Store,Electronics,USB-C Hub,3,2809.97,0.05,8429.91,421.5,8008.41,1616.24,4848.72,3159.69,Credit Card
100118,2025-07-18,CUST3308,Small Business,East,Bhubaneswar,Online,Apparel,Denim Jacket,1,845.12,0.0,845.12,0.0,845.12,607.22,607.22,237.9,Debit Card
102573,2024-11-17,CUST2917,Individual,Central,Raipur,Retail Store,Stationery,Whiteboard,9,520.02,0.15,4680.18,702.03,3978.15,329.56,2966.04,1012.11,Debit Card
101645,2024-05-19,CUST4102,Individual,North,Chandigarh,Online,Apparel,Cotton T-Shirt,1,1382.23,0.15,1382.23,207.33,1174.9,964.56,964.56,210.34,Debit Card
101685,2025-09-02,CUST4665,Enterprise,East,Patna,Retail Store,Stationery,Notebook Set,3,417.73,0.0,1253.19,0.0,1253.19,245.34,736.02,517.17,Net Banking
100511,2024-05-09,CUST4170,Individual,East,Kolkata,Online,Stationery,Desk Organizer,2,414.76,0.0,829.52,0.0,829.52,248.14,496.28,333.24,Debit Card
103243,12-07-2024,CUST1398,Small Business,North,Lucknow,Distributor,Electronics,Laptop Stand,4,3060.88,0.2,12243.52,2448.7,9794.82,1755.09,7020.36,2774.46,Cash on Delivery
104228,2024-01-17,CUST2641,Individual,East,Bhubaneswar,Online,FURNITURE,Filing Cabinet,4,10956.99,0.0,43827.96,0.0,43827.96,6035.07,24140.28,19687.68,Net Banking
101593,2024-06-06,CUST4000,Individual,North,Delhi,Retail Store,Furniture,Filing Cabinet,3,3087.76,0.0,9263.28,0.0,9263.28,2254.6,6763.8,2499.48,Credit Card
102886,2024-02-14,CUST1567,Individual,North,Delhi,Retail Store,Stationery,Whiteboard,3,141.55,0.15,424.65,63.7,360.95,103.96,311.88,49.07,Debit Card
105987,2025-04-14,CUST3897,Individual,East,Patna,Retail Store,Stationery,Desk Organizer,2,549.71,0.15,1099.42,164.91,934.51,305.7,611.4,323.11,Cash on Delivery
104467,2025-02-07,CUST3066,Individual,North,Delhi,Retail Store,Furniture,Desk Lamp,1,8769.32,0.15,8769.32,1315.4,7453.92,5435.48,5435.48,2018.44,UPI
105904,27-Sep-2024,CUST1995,Small Business,East,Patna,Retail Store,Stationery,Whiteboard,4,509.81,0.1,2039.24,203.92,1835.32,340.02,1360.08,475.24,Net Banking
100180,2025-04-13,CUST2741,,Central,,Online,Stationery,Whiteboard,2,551.2,,1102.4,55.12,1047.28,363.39,726.78,320.5,
101747,30-Dec-2024,CUST4924,Individual,North,Chandigarh,Retail Store,Electronics,Power Bank,6,5307.22,0.1,31843.32,3184.33,28658.99,3495.01,20970.06,7688.93,Cash on Delivery
102294,2025-10-02,CUST3935,Small Business,South,Bengaluru,Retail Store,Apparel,Denim Jacket,4,2246.57,0.15,8986.28,1347.94,7638.34,1501.18,6004.72,1633.62,Debit Card
101515,2025-06-03,CUST3109,Small Business,South,Hyderabad,Retail Store,Groceries,Almond Butter,1,461.03,0.2,461.03,92.21,368.82,269.16,269.16,99.66,Debit Card
100084,2024-03-12,CUST1637,Individual,North,Lucknow,Online,Furniture,Office Chair,6,6810.69,0.0,40864.14,0.0,40864.14,4949.11,29694.66,11169.48,Cash on Delivery
104370,2025-12-25,CUST4386,Individual,Central,Raipur,Online,Apparel,Denim Jacket,3,863.11,0.1,2589.33,258.93,2330.4,624.29,1872.87,457.53,Credit Card
100876,2025-02-14,CUST3511,Individual, Central  ,Nagpur,Distributor,Apparel,Wool Sweater,6,594.66,0.0,3567.96,0.0,3567.96,436.84,2621.04,946.92,Cash on Delivery
100950,2024-05-26,CUST3196,Individual,West,Mumbai,Online,Apparel,Cotton T-Shirt,3,779.91,0.0,2339.73,0.0,2339.73,523.28,1569.84,769.89,Credit Card
103613,2024-11-14,CUST4714,Small Business,South,Bengaluru,Online,Stationery,Notebook Set,4,208.44,0.0,833.76,0.0,833.76,132.1,528.4,305.36,Cash on Delivery
103803,2025-06-08,CUST1062,Small Business,East,Patna,Online,Furniture,Office Chair,1,11794.48,0.15,11794.48,1769.17,10025.31,6947.02,6947.02,3078.29,Credit Card
104568,2024-01-07,CUST1558,Individual,East,Patna,Retail Store,Furniture,Desk Lamp,5,14120.61,0.0,70603.05,0.0,70603.05,9262.49,46312.45,24290.6,UPI
102894,2024-09-03,CUST1403,Individual,South,Chennai,Retail Store,Groceries,Organic Coffee,4,739.89,0.1,2959.56,295.96,2663.6,547.59,2190.36,473.24,Debit Card
103987,2024-06-08,CUST3925,Small Business,South,Chennai,Retail Store,STATIONERY,Gel Pens Pack,1,227.92,0.0,227.92,0.0,227.92,156.7,156.7,71.22,Net Banking
103572,2024-11-02,CUST1148,Individual,East,Bhubaneswar,Online,Apparel,Cotton T-Shirt,4,1783.76,0.0,7135.04,0.0,7135.04,1117.94,4471.76,2663.28,Net Banking
102626,2024-11-24,CUST1019,Individual,West,Pune,Online,Apparel,Rain Jacket,3,1823.34,0.15,5470.02,820.5,4649.52,1114.22,3342.66,1306.86,Credit Card
104991,2024-03-09,CUST3871,Individual,East,Kolkata,Online,APPAREL,Denim Jacket,5,1549.95,0.0,7749.75,0.0,7749.75,996.95,4984.75,2765.0,Credit Card
103022,2025-12-08,CUST1906,Individual,Central,Bhopal,Online,APPAREL,Rain Jacket,4,593.8,0.05,2375.2,118.76,2256.44,398.98,1595.92,660.52,Credit Card
103053,2024-02-01,CUST3947,,West,,Distributor,Furniture,Bookshelf,3,2241.84,,6725.52,336.28,6389.24,1233.2,3699.6,2689.64,
104814,2025-06-15,CUST1423,Enterprise,West,Mumbai,Online,Electronics,Webcam HD,3,5376.12,0.1,16128.36,1612.84,14515.52,3171.97,9515.91,4999.61,Credit Card
102563,2025-03-24,CUST3530,Enterprise,South,Bengaluru,Distributor,Furniture,Office Chair,1,9157.55,0.2,9157.55,1831.51,7326.04,6708.74,6708.74,617.3,UPI
105455,2024-01-11,CUST3686,Individual,South,Chennai,Retail Store,Apparel,Rain Jacket,2,2058.63,0.2,4117.26,823.45,3293.81,1503.85,3007.7,286.11,UPI
100699,2024-05-21,CUST2957,Small Business,North,Delhi,Online,Stationery,Whiteboard,3,155.87,0.1,467.61,46.76,420.85,93.23,279.69,141.16,UPI
102237,2024-11-15,CUST2851,Individual,North,Chandigarh,Distributor,Stationery,Desk Organizer,8,316.15,0.15,2529.2,379.38,2149.82,188.5,1508.0,641.82,Cash on Delivery
104779,2024-11-10,CUST4271,Small Business,East,Bhubaneswar,Online,Groceries,Olive Oil,8,158.06,0.0,1264.48,0.0,1264.48,89.07,712.56,551.92,Net Banking
105593,2025-10-09,CUST2459,Individual,South,Hyderabad,Online,Furniture,Desk Lamp,2,13634.22,0.05,27268.44,1363.42,25905.02,8766.64,17533.28,8371.74,UPI
100474,2024-01-29,CUST4402,Individual, South  ,Hyderabad,Online,Electronics,Power Bank,4,1840.39,0.15,7361.56,1104.23,6257.33,1369.13,5476.52,780.81,UPI
100831,2024-06-12,CUST3931,Small Business,North,Delhi,Retail Store,Furniture,Filing Cabinet,2,13208.2,0.15,26416.4,3962.46,22453.94,8683.97,17367.94,5086.0,Cash on Delivery
102715,17/07/2025,CUST4988,Small Business,South,Hyderabad,Online,Electronics,USB-C Hub,2,1538.06,0.05,3076.12,153.81,2922.31,1073.8,2147.6,774.71,Debit Card
104564,2024-09-01,CUST1521,Small Business,North,Chandigarh,Distributor,Furniture,Filing Cabinet,1,10819.9,0.0,10819.9,0.0,10819.9,6444.74,6444.74,4375.16,Cash on Delivery
100245,2024-05-14,CUST3711,Small Business,Central,Raipur,Online,Furniture,Office Chair,4,6877.5,0.1,27510.0,2751.0,24759.0,5150.81,20603.24,4155.76,Net Banking
103087,2025-06-29,CUST2861,Small Business,North,Lucknow,Online,Electronics,Power Bank,3,4790.46,0.1,14371.38,1437.14,12934.24,3238.15,9714.45,3219.79,Credit Card
102114,2024-07-28,CUST3985,Small Business,South,Chennai,Retail Store,Electronics,Power Bank,5,3208.79,0.0,16043.95,0.0,16043.95,1885.84,9429.2,6614.75,Debit Card
103931,2024-05-29,CUST3085,Individual,West,Pune,Online,Apparel,Denim Jacket,5,634.45,0.0,3172.25,0.0,3172.25,371.11,1855.55,1316.7,Net Banking
105301,14-Feb-2024,CUST4010,Small Business,East,,Retail Store,Electronics,Laptop Stand,1,2103.34,0.1,2103.34,210.33,1893.01,1163.4,1163.4,729.61,Debit Card
105983,2025-07-17,CUST3017,Small Business,South,Chennai,Online,Electronics,Bluetooth Speaker,3,5596.12,0.0,16788.36,0.0,16788.36,3167.03,9501.09,7287.27,Cash on Delivery
101789,2024-03-23,CUST3041,Individual,East,Patna,Online,Stationery,Sticky Notes,4,151.23,0.0,604.92,0.0,604.92,96.89,387.56,217.36,Net Banking
103197,2025-04-01,CUST1452,Individual,East,Bhubaneswar,Online,Furniture,Desk Lamp,2,7215.23,0.1,14430.46,1443.05,12987.41,4579.17,9158.34,3829.07,UPI
101422,2025-06-24,CUST4697,Individual,East,Patna,Online,Groceries,Almond Butter,5,664.74,0.2,3323.7,664.74,2658.96,367.54,1837.7,821.26,Credit Card
104962,2025-03-26,CUST3283,Individual,East,Kolkata,Online,Groceries,Organic Coffee,2,311.16,0.0,622.32,0.0,622.32,173.52,347.04,275.28,UPI
100905,2025-11-06,CUST2834,Enterprise,Central,Bhopal,Retail Store,STATIONERY,Notebook Set,3,478.78,0.0,1436.34,0.0,1436.34,294.0,882.0,554.34,Net Banking
101137,2024-08-09,CUST2088,Small Business,Central,Bhopal,Retail Store,Furniture,Bookshelf,3,3265.91,0.0,9797.73,0.0,9797.73,2423.17,7269.51,2528.22,Cash on Delivery
100962,2024-01-25,CUST3444,Individual,South,Bengaluru,Distributor,Apparel,Cotton T-Shirt,5,1590.5,0.05,7952.5,397.62,7554.88,1027.52,5137.6,2417.28,UPI
101691,2025-05-25,CUST2469,Individual,North,Delhi,Online,Stationery,Whiteboard,3,572.79,0.15,1718.37,257.76,1460.61,383.74,1151.22,309.39,Net Banking
102884,2024-11-13,CUST3482,Individual,West,Pune,Online,Furniture,Desk Lamp,4,10480.12,0.05,41920.48,2096.02,39824.46,7301.9,29207.6,10616.86,Net Banking
105299,2024-07-12,CUST4693,Enterprise,Central,Raipur,Retail Store,Groceries,Organic Coffee,5,296.84,0.15,1484.2,222.63,1261.57,216.83,1084.15,177.42,Cash on Delivery
104444,2024-10-10,CUST2425,Individual,West,Mumbai,Online,Apparel,Rain Jacket,4,2706.61,0.0,10826.44,0.0,10826.44,1783.56,7134.24,3692.2,Net Banking
103404,2025-06-07,CUST1313,Small Business,West,Pune,Online,Stationery,Desk Organizer,6,374.91,0.1,2249.46,224.95,2024.51,228.23,1369.38,655.13,Credit Card
100611,2024-11-01,CUST3847,Individual,South,Chennai,Distributor,Apparel,Rain Jacket,6,2752.01,0.0,16512.06,0.0,16512.06,1831.23,10987.38,5524.68,Credit Card
100992,2025-09-19,CUST1842,Individual,South,Hyderabad,Retail Store,Furniture,Bookshelf,3,8014.98,0.0,24044.94,0.0,24044.94,5431.9,16295.7,7749.24,Debit Card
105427,2024-09-14,CUST2514,Individual,West,Ahmedabad,Online,Groceries,Green Tea Pack,3,630.36,0.05,1891.08,94.55,1796.53,375.97,1127.91,668.62,Credit Card
100826,2025-09-05,CUST4577,Individual,East,Bhubaneswar,Online,Apparel,Running Shoes,4,1450.31,0.05,5801.24,290.06,5511.18,843.2,3372.8,2138.38,Net Banking
102973,2025-06-07,CUST4517,Individual,East,Bhubaneswar,Retail Store,Electronics,Webcam HD,1,4803.34,0.0,4803.34,0.0,4803.34,2808.79,2808.79,1994.55,Net Banking
101228,2025-04-25,CUST2659,Small Business,Central,Bhopal,Online,Electronics,Webcam HD,3,3035.46,0.1,9106.38,910.64,8195.74,2012.27,6036.81,2158.93,Debit Card
102831,2024-04-15,CUST2595,Small Business,South,Chennai,Online,Groceries,Almond Butter,1,895.31,0.0,895.31,0.0,895.31,597.43,597.43,297.88,Cash on Delivery
102121,2025-01-04,CUST3851,Small Business, North  ,Lucknow,Online,FURNITURE,Standing Desk,2,4003.04,0.1,8006.08,800.61,7205.47,2783.76,5567.52,1637.95,Debit Card
104363,2025-12-02,CUST3814,Individual,West,Ahmedabad,Retail Store,Stationery,Desk Organizer,6,339.0,0.15,2034.0,305.1,1728.9,252.34,1514.04,214.86,Debit Card
105874,2024-06-22,CUST3011,Small Business,East,Patna,Online,Apparel,Denim Jacket,1,2688.31,0.05,2688.31,134.42,2553.89,1536.8,1536.8,1017.09,Debit Card
101243,2025-07-28,CUST1991,Small Business,South,Hyderabad,Online,Stationery,Whiteboard,2,238.74,0.2,477.48,95.5,381.98,173.39,346.78,35.2,Cash on Delivery
102943,2025-12-30,CUST1724,Individual,Central,Raipur,Online,Groceries,Olive Oil,6,889.66,0.1,5337.96,533.8,4804.16,611.47,3668.82,1135.34,Debit Card
104974,2025-10-25,CUST3745,Individual,South,Hyderabad,Online,Electronics,USB-C Hub,5,1863.49,0.1,9317.45,931.75,8385.7,1103.18,5515.9,2869.8,Credit Card
104579,2024-12-12,CUST2769,Individual,North,Chandigarh,Retail Store,Apparel,Running Shoes,8,584.17,0.15,4673.36,701.0,3972.36,384.77,3078.16,894.2,Cash on Delivery
101128,2025-10-04,CUST3114,Individual,Central,Raipur,Online,GROCERIES,Olive Oil,4,688.9,0.2,2755.6,551.12,2204.48,396.74,1586.96,617.52,Debit Card
100399,2025-08-02,CUST4197,Small Business,South,Chennai,Online,Furniture,Office Chair,5,5592.99,0.0,27964.95,0.0,27964.95,3364.0,16820.0,11144.95,Credit Card
104920,2024-03-12,CUST1996,Small Business,North,Delhi,Online,Electronics,Webcam HD,2,1863.96,0.0,3727.92,0.0,3727.92,1047.6,2095.2,1632.72,Cash on Delivery
101556,2025-05-14,CUST3837,Individual,Central,Raipur,Online,Electronics,Webcam HD,4,1013.34,0.2,4053.36,810.67,3242.69,703.84,2815.36,427.33,Credit Card
101269,2025-12-18,CUST3936,Individual,South,Hyderabad,Retail Store,Electronics,Power Bank,1,4097.03,0.2,4097.03,819.41,3277.62,2360.87,2360.87,916.75,Credit Card
100276,09-13-2025,CUST3774,Individual,West,Pune,Online,Electronics,USB-C Hub,1,3574.03,0.15,3574.03,536.1,3037.93,2068.7,2068.7,969.23,Credit Card
101649,2024-09-05,CUST2655,Small Business,Central,Raipur,Retail Store,Apparel,Rain Jacket,2,2570.58,0.05,5141.16,257.06,4884.1,1918.6,3837.2,1046.9,UPI
104212,2024-02-28,CUST1501,Individual,East,Kolkata,Online,Stationery,Notebook Set,3,595.23,0.0,1785.69,0.0,1785.69,430.15,1290.45,495.24,UPI
102055,2025-02-18,CUST3749,Small Business,South,Bengaluru,Distributor,Electronics,Bluetooth Speaker,5,4212.32,0.15,21061.6,3159.24,17902.36,2613.91,13069.55,4832.81,Debit Card
104013,2025-11-07,CUST3617,Individual,North,Lucknow,Retail Store,Furniture,Bookshelf,6,8422.18,0.0,50533.08,0.0,50533.08,5211.07,31266.42,19266.66,Credit Card
100757,2025-02-21,CUST1736,Individual,Central,Nagpur,Retail Store,Stationery,Gel Pens Pack,2,472.23,0.2,944.46,188.89,755.57,278.44,556.88,198.69,Net Banking
101147,2024-04-02,CUST1724,Small Business,West,Pune,Online,Stationery,Gel Pens Pack,3,401.58,0.0,1204.74,0.0,1204.74,274.29,822.87,381.87,UPI
103933,2024-06-30,CUST1893,Small Business,East,Bhubaneswar,Online,Apparel,Cotton T-Shirt,1,995.5,0.15,995.5,149.32,846.18,617.45,617.45,228.73,Cash on Delivery
102572,2025-10-07,CUST1743,Small Business,North,Lucknow,Retail Store,Electronics,Wireless Mouse,3,3926.05,0.0,11778.15,0.0,11778.15,2208.84,6626.52,5151.63,UPI
100713,2025-08-16,CUST1615,Individual,Central,Bhopal,Online,Stationery,Sticky Notes,7,654.88,0.0,4584.16,0.0,4584.16,421.26,2948.82,1635.34,Cash on Delivery
103169,2024-06-13,CUST2427,Individual,South,Chennai,Retail Store,Furniture,Desk Lamp,5,10649.45,0.2,53247.25,10649.45,42597.8,7342.45,36712.25,5885.55,Cash on Delivery
103864,2025-04-05,CUST2508,Individual,South,Bengaluru,Online,Furniture,Filing Cabinet,4,10294.8,0.0,41179.2,0.0,41179.2,6650.27,26601.08,14578.12,Credit Card
104890,2024-01-30,CUST2191,Individual,South,Bengaluru,Retail Store,Apparel,Wool Sweater,2,2969.71,0.2,5939.42,1187.88,4751.54,2006.84,4013.68,737.86,Cash on Delivery
102977,2024-01-08,CUST4506,Individual,South,Hyderabad,Online,Furniture,Office Chair,5,7821.01,0.2,39105.05,7821.01,31284.04,4521.41,22607.05,8676.99,UPI
105589,2024-09-26,CUST4856,Enterprise,South,Bengaluru,Retail Store,Electronics,USB-C Hub,1,3216.04,0.2,3216.04,643.21,2572.83,2012.82,2012.82,560.01,Credit Card
103327,2024-12-21,CUST3037,Individual,South,Chennai,Retail Store,Electronics,USB-C Hub,4,4335.32,0.05,17341.28,867.06,16474.22,2555.7,10222.8,6251.42,Net Banking
100335,2024-11-18,CUST4938,Small Business,East,Patna,Retail Store,Stationery,Sticky Notes,3,421.15,0.15,1263.45,189.52,1073.93,253.03,759.09,314.84,Cash on Delivery
104531,2024-06-26,CUST1676,Small Business,North,Delhi,Online,Apparel,Wool Sweater,10,2842.91,0.05,28429.1,1421.45,27007.65,2103.73,21037.3,5970.35,Debit Card
102001,2024-08-22,CUST3390,Small Business,West,Ahmedabad,Online,Stationery,Notebook Set,3,272.89,0.15,818.67,122.8,695.87,193.59,580.77,115.1,UPI
101119,2025-08-26,CUST1957,Enterprise,North,Lucknow,Online,Stationery,Gel Pens Pack,4,566.32,0.15,2265.28,339.79,1925.49,380.17,1520.68,404.81,Debit Card
104795,2025-02-14,CUST3880,Small Business,West,Mumbai,Online,Furniture,Office Chair,2,3588.18,0.0,7176.36,0.0,7176.36,2097.79,4195.58,2980.78,Cash on Delivery
105402,2024-05-08,CUST4407,Enterprise,East,Kolkata,Online,Stationery,Sticky Notes,3,134.2,0.0,402.6,0.0,402.6,74.09,222.27,180.33,Net Banking
105452,14-Apr-2025,CUST2865,Small Business,North,Delhi,Distributor,Furniture,Desk Lamp,2,14658.55,0.15,29317.1,4397.56,24919.54,10558.61,21117.22,3802.32,Credit Card
103686,2025-04-02,CUST4372,Individual,East,Bhubaneswar,Retail Store,Groceries,Green Tea Pack,3,895.69,0.0,2687.07,0.0,2687.07,591.12,1773.36,913.71,UPI
102225,2025-04-27,CUST3937,Individual,North,Chandigarh,Online,Groceries,Almond Butter,1,159.39,0.05,159.39,7.97,151.42,99.7,99.7,51.72,Cash on Delivery
100464,2024-10-01,CUST4523,Individual,West,Ahmedabad,Retail Store,Stationery,Desk Organizer,2,266.17,0.05,532.34,26.62,505.72,168.23,336.46,169.26,Credit Card
101129,13/08/2025,CUST4554,Individual,North,Lucknow,Online,Furniture,Filing Cabinet,4,10870.4,0.0,43481.6,0.0,43481.6,7421.37,29685.48,13796.12,Debit Card
102605,2025-11-27,CUST1233,Individual,North,Chandigarh,Distributor,Apparel,Denim Jacket,3,1978.92,0.2,5936.76,1187.35,4749.41,1218.07,3654.21,1095.2,Debit Card
102703,2025-01-05,CUST3312,Individual,South,Bengaluru,Retail Store,Groceries,Organic Coffee,8,600.7,0.05,4805.6,240.28,4565.32,359.6,2876.8,1688.52,Debit Card
104159,2025-03-04,CUST3056,Small Business,Central,Raipur,Retail Store,Stationery,Whiteboard,3,652.87,0.05,1958.61,97.93,1860.68,470.87,1412.61,448.07,Cash on Delivery
104953,2024-05-26,CUST4959,Individual,Central,Bhopal,Online,Furniture,Filing Cabinet,5,6062.26,0.15,30311.3,4546.69,25764.61,3888.45,19442.25,6322.36,Credit Card
103482,2024-12-10,CUST3524,Individual,West,Pune,Online,Electronics,Laptop Stand,3,4303.67,0.0,12911.01,0.0,12911.01,2729.27,8187.81,4723.2,Cash on Delivery
104288,2024-07-05,CUST4545,Individual,Central,Raipur,Online,Furniture,Desk Lamp,5,13526.25,0.0,67631.25,0.0,67631.25,9502.34,47511.7,20119.55,Credit Card
102027,2025-09-25,CUST1156,Small Business,East,Bhubaneswar,Online,Apparel,Rain Jacket,2,945.49,0.0,1890.98,0.0,1890.98,565.52,1131.04,759.94,Cash on Delivery
101681,2025-12-18,CUST4727,Individual,Central,Bhopal,Retail Store,Apparel,Wool Sweater,6,444.7,0.0,2668.2,0.0,2668.2,299.91,1799.46,868.74,Cash on Delivery
105244,2024-10-13,CUST4804,Small Business,North,Delhi,Online,Apparel,Running Shoes,7,2578.25,0.0,18047.75,0.0,18047.75,1905.5,13338.5,4709.25,Cash on Delivery
101410,2024-06-22,CUST1040,Individual,North,Delhi,Retail Store,Electronics,Bluetooth Speaker,5,4973.46,0.1,24867.3,2486.73,22380.57,3315.7,16578.5,5802.07,UPI
104917,2024-08-11,CUST3033,,South,,Online,Groceries,Organic Coffee,4,637.02,,2548.08,382.21,2165.87,383.95,1535.8,630.07,
104165,2025-03-17,CUST2998,Individual, West  ,Ahmedabad,Online,Apparel,Cotton T-Shirt,2,595.84,0.15,1191.68,178.75,1012.93,386.58,773.16,239.77,Debit Card
104526,2025-11-25,CUST2848,Individual,Central,Bhopal,Online,Furniture,Office Chair,4,9681.52,0.1,38726.08,3872.61,34853.47,5634.31,22537.24,12316.23,Cash on Delivery
103630,2024-11-12,CUST3120,Individual,Central,Raipur,Retail Store,Stationery,Sticky Notes,8,119.03,0.0,952.24,0.0,952.24,83.54,668.32,283.92,Debit Card
103960,2024-02-02,CUST2876,Enterprise, East  ,Patna,Online,Groceries,Almond Butter,1,752.08,0.1,752.08,75.21,676.87,547.7,547.7,129.17,Credit Card
103739,2025-11-23,CUST3997,Individual,East,Patna,Retail Store,Furniture,Desk Lamp,6,2717.08,0.0,16302.48,0.0,16302.48,1732.76,10396.56,5905.92,Cash on Delivery
102451,2025-09-04,CUST4311,Individual,North,Lucknow,Online,Electronics,Wireless Mouse,2,2106.17,0.15,4212.34,631.85,3580.49,1486.17,2972.34,608.15,Net Banking
105681,2024-11-26,CUST4622,Individual,Central,Nagpur,Retail Store,Groceries,Granola Bars,3,451.03,0.0,1353.09,0.0,1353.09,286.3,858.9,494.19,Net Banking
103611,2025-03-01,CUST3835,Individual, East  ,Kolkata,Online,Apparel,Wool Sweater,1,1477.87,0.1,1477.87,147.79,1330.08,1034.67,1034.67,295.41,UPI
102719,2025-06-12,CUST2838,Individual,West,Mumbai,Online,Electronics,Laptop Stand,2,4266.88,0.0,8533.76,0.0,8533.76,2828.19,5656.38,2877.38,Cash on Delivery
100617,2025-06-25,CUST3435,Small Business,East,Bhubaneswar,Online,Apparel,Rain Jacket,5,1412.86,0.2,7064.3,1412.86,5651.44,927.31,4636.55,1014.89,Credit Card
102497,2024-04-16,CUST1725,Individual, South  ,Bengaluru,Online,Groceries,Olive Oil,2,667.29,0.15,1334.58,200.19,1134.39,498.46,996.92,137.47,Credit Card
101189,2025-05-14,CUST3621,Individual,Central,Bhopal,Online,Apparel,Rain Jacket,5,2474.45,0.05,12372.25,618.61,11753.64,1450.88,7254.4,4499.24,Cash on Delivery
101264,2025-08-09,CUST3330,Small Business,East,Bhubaneswar,Online,Groceries,Organic Coffee,2,562.68,0.1,1125.36,112.54,1012.82,408.59,817.18,195.64,Credit Card
100055,2024-12-22,CUST2033,Individual,East,Bhubaneswar,Online,Groceries,Almond Butter,3,760.17,0.05,2280.51,114.03,2166.48,431.48,1294.44,872.04,UPI
101954,2024-01-14,CUST3356,Small Business,North,,Online,Electronics,Power Bank,1,1930.62,0.0,1930.62,0.0,1930.62,1125.0,1125.0,805.62,Debit Card
101768,2025-11-22,CUST4099,Individual,East,Kolkata,Retail Store,Groceries,Green Tea Pack,4,412.57,0.0,1650.28,0.0,1650.28,248.33,993.32,656.96,Debit Card
103492,2025-02-15,CUST3903,Small Business,West,Pune,Distributor,Electronics,Power Bank,1,5798.26,0.15,5798.26,869.74,4928.52,3554.69,3554.69,1373.83,Cash on Delivery
100162,2024-08-21,CUST4210,Small Business,West,,Online,Apparel,Rain Jacket,4,2474.94,0.0,9899.76,0.0,9899.76,1549.31,6197.24,3702.52,
105724,2025-04-19,CUST2273,Small Business,West,Ahmedabad,Retail Store,Stationery,Notebook Set,-1,475.51,0.0,475.51,0.0,475.51,321.81,321.81,153.7,Net Banking
100798,2024-01-04,CUST2300,Individual,Central,Nagpur,Online,Apparel,Running Shoes,3,1603.81,0.15,4811.43,721.71,4089.72,909.81,2729.43,1360.29,Cash on Delivery
103417,2025-10-05,CUST4814,Enterprise, South  ,Hyderabad,Online,Electronics,USB-C Hub,2,3740.47,0.2,7480.94,1496.19,5984.75,2741.12,5482.24,502.51,Credit Card
105520,2024-12-06,CUST1902,Individual, West  ,,Retail Store,Apparel,Cotton T-Shirt,3,578.85,0.2,1736.55,347.31,1389.24,367.08,1101.24,288.0,
105968,2025-05-23,CUST3695,Small Business,South,Bengaluru,Online,Electronics,Power Bank,1,4971.93,0.05,4971.93,248.6,4723.33,3503.34,3503.34,1219.99,Net Banking
103410,2025-01-13,CUST3464,Individual,North,Lucknow,Online,Electronics,Power Bank,2,4383.17,0.0,8766.34,0.0,8766.34,3111.18,6222.36,2543.98,Debit Card
101003,2025-05-05,CUST1378,Individual,South,Hyderabad,Retail Store,Furniture,Standing Desk,1,2471.81,0.15,2471.81,370.77,2101.04,1812.26,1812.26,288.78,Debit Card
105572,2025-03-14,CUST4627,Individual,East,Patna,Retail Store,Groceries,Organic Coffee,2,196.16,0.1,392.32,39.23,353.09,132.64,265.28,87.81,UPI
100308,2025-01-05,CUST2640,Individual,South,Hyderabad,Online,Stationery,Sticky Notes,1,514.44,0.0,514.44,0.0,514.44,320.5,320.5,193.94,Net Banking
104754,2025-01-07,CUST1241,Individual,Central,Raipur,Retail Store,Stationery,Gel Pens Pack,3,488.15,0.0,1464.45,0.0,1464.45,341.25,1023.75,440.7,UPI
101772,2025-08-26,CUST3023,Small Business,West,Ahmedabad,Online,Stationery,Notebook Set,2,288.34,0.0,576.68,0.0,576.68,183.72,367.44,209.24,Debit Card
101697,2025-01-20,CUST4251,Enterprise,North,Lucknow,Retail Store,Apparel,Wool Sweater,3,1906.35,0.0,5719.05,0.0,5719.05,1048.67,3146.01,2573.04,Net Banking
105773,25/01/2025,CUST2717,Small Business, West  ,Pune,Retail Store,Groceries,Granola Bars,1,775.75,0.05,775.75,38.79,736.96,572.83,572.83,164.13,Debit Card
104523,2025-05-19,CUST2709,Small Business,South,Chennai,Online,Electronics,Webcam HD,5,1408.08,0.05,7040.4,352.02,6688.38,875.08,4375.4,2312.98,UPI
103066,2025-09-08,CUST3182,Small Business,South,Chennai,Distributor,Electronics,USB-C Hub,4,4131.24,0.0,16524.96,0.0,16524.96,2957.47,11829.88,4695.08,Net Banking
100980,2024-03-19,CUST4311,Small Business,West,Mumbai,Online,Furniture,Filing Cabinet,1,4374.81,0.0,4374.81,0.0,4374.81,3030.72,3030.72,1344.09,UPI
101079,2025-01-21,CUST1171,Individual,South,Chennai,Online,Stationery,Notebook Set,3,185.55,0.1,556.65,55.66,500.99,115.98,347.94,153.05,Net Banking
104026,2024-04-11,CUST2999,Small Business,East,Bhubaneswar,Online,Stationery,Sticky Notes,1,403.62,0.0,403.62,0.0,403.62,260.23,260.23,143.39,Credit Card
104732,2024-04-14,CUST1502,Small Business,Central,Raipur,Distributor,Groceries,Organic Coffee,3,286.01,0.15,858.03,128.7,729.33,164.77,494.31,235.02,Net Banking
104345,12-14-2024,CUST1293,Small Business,South,Chennai,Online,Apparel,Running Shoes,9,966.37,0.1,8697.33,869.73,7827.6,660.91,5948.19,1879.41,UPI
101179,2025-05-23,CUST4719,Individual,Central,Nagpur,Retail Store,Groceries,Granola Bars,4,436.67,0.0,1746.68,0.0,1746.68,249.08,996.32,750.36,Credit Card
103683,2025-12-05,CUST3942,Small Business,South,Bengaluru,Online,Apparel,Running Shoes,4,2741.44,0.15,10965.76,1644.86,9320.9,1837.37,7349.48,1971.42,Credit Card
103789,2025-04-25,CUST2022,Individual,South,Bengaluru,Online,Stationery,Whiteboard,3,154.81,0.15,464.43,69.66,394.77,98.27,294.81,99.96,Debit Card
104952,2024-10-17,CUST2193,Individual,South,Chennai,Retail Store,Furniture,Desk Lamp,1,7798.98,0.2,7798.98,1559.8,6239.18,5035.99,5035.99,1203.19,UPI
101184,2024-01-23,CUST4104,Individual,Central,Nagpur,Distributor,Stationery,Desk Organizer,3,241.22,0.1,723.66,72.37,651.29,139.34,418.02,233.27,Debit Card
100853,2024-08-07,CUST2623,Individual,West,Mumbai,Online,Furniture,Bookshelf,4,5367.34,0.15,21469.36,3220.4,18248.96,3393.0,13572.0,4676.96,Net Banking
103993,2024-09-13,CUST1881,Individual,South,Chennai,Online,Furniture,Bookshelf,4,12495.92,0.05,49983.68,2499.18,47484.5,6981.04,27924.16,19560.34,Net Banking
100029,2025-07-21,CUST2319,Small Business,West,Ahmedabad,Distributor,Furniture,Standing Desk,1,9123.18,0.1,9123.18,912.32,8210.86,6124.69,6124.69,2086.17,UPI
105250,2024-06-24,CUST4700,Individual,South,Bengaluru,Retail Store,APPAREL,Running Shoes,3,407.44,0.15,1222.32,183.35,1038.97,284.9,854.7,184.27,Debit Card
102058,2024-09-07,CUST2534,Enterprise,West,Ahmedabad,Retail Store,Groceries,Granola Bars,2,860.21,0.0,1720.42,0.0,1720.42,570.19,1140.38,580.04,UPI
101431,2025-05-27,CUST2861,Individual,East,Bhubaneswar,Online,Electronics,Laptop Stand,1,4906.28,0.0,4906.28,0.0,4906.28,3036.44,3036.44,1869.84,UPI
105287,2024-09-11,CUST1432,Small Business,Central,Bhopal,Distributor,Apparel,Rain Jacket,3,508.72,0.05,1526.16,76.31,1449.85,317.28,951.84,498.01,Credit Card
103655,2024-05-28,CUST3228,Individual,Central,Raipur,Retail Store,FURNITURE,Desk Lamp,5,13282.42,0.0,66412.1,0.0,66412.1,9698.89,48494.45,17917.65,Debit Card
100562,2025-02-24,CUST2944,Small Business,North,Delhi,Online,Groceries,Green Tea Pack,2,802.84,0.2,1605.68,321.14,1284.54,555.51,1111.02,173.52,Cash on Delivery
104357,2024-04-15,CUST2829,Individual,Central,Nagpur,Online,Furniture,Office Chair,4,7394.39,0.05,29577.56,1478.88,28098.68,4411.52,17646.08,10452.6,Debit Card
102013,2025-06-22,CUST1775,Small Business,North,Chandigarh,Online,Groceries,Almond Butter,3,667.71,0.0,2003.13,0.0,2003.13,423.8,1271.4,731.73,UPI
105323,2025-07-21,CUST3286,Small Business,North,Delhi,Distributor,Furniture,Filing Cabinet,1,11665.54,0.0,11665.54,0.0,11665.54,8373.75,8373.75,3291.79,Cash on Delivery
104074,09-20-2025,CUST3745,Small Business,South,Chennai,Online,Groceries,Organic Coffee,1,156.44,0.0,156.44,0.0,156.44,103.28,103.28,53.16,UPI
105634,2024-01-15,CUST3378,Small Business,North,Lucknow,Online,Electronics,Bluetooth Speaker,1,2307.36,0.2,2307.36,461.47,1845.89,1533.03,1533.03,312.86,Net Banking
105361,2025-10-07,CUST1225,Individual,Central,Nagpur,Retail Store,Furniture,Desk Lamp,4,13518.07,0.0,54072.28,0.0,54072.28,10063.93,40255.72,13816.56,Debit Card
105228,2024-11-05,CUST2832,Individual,North,Delhi,Retail Store,Stationery,Notebook Set,8,447.81,0.15,3582.48,537.37,3045.11,289.77,2318.16,726.95,UPI
100748,2025-08-05,CUST2132,Individual,South,Chennai,Online,Apparel,Running Shoes,2,2058.13,0.1,4116.26,411.63,3704.63,1518.42,3036.84,667.79,Cash on Delivery
101727,2025-01-28,CUST2746,Individual, Central  ,Raipur,Online,Groceries,Granola Bars,3,389.95,0.0,1169.85,0.0,1169.85,288.05,864.15,305.7,Net Banking
104484,2025-04-29,CUST2670,Individual,North,Chandigarh,Online,Stationery,Whiteboard,1,464.4,0.0,464.4,0.0,464.4,270.66,270.66,193.74,Debit Card
105446,08/09/2024,CUST4732,Small Business,North,Chandigarh,Online,Apparel,Running Shoes,1,2691.87,0.0,2691.87,0.0,2691.87,1966.15,1966.15,725.72,Net Banking
104986,2025-07-09,CUST1250,Individual,Central,Nagpur,Online,Electronics,Wireless Mouse,6,5229.32,0.0,31375.92,0.0,31375.92,3471.44,20828.64,10547.28,Cash on Delivery
100346,2025-01-20,CUST4490,Individual,North,Chandigarh,Online,Stationery,Desk Organizer,4,121.29,0.15,485.16,72.77,412.39,73.29,293.16,119.23,Net Banking
105950,2024-01-26,CUST4562,Individual,South,Bengaluru,Retail Store,Stationery,Gel Pens Pack,3,629.3,0.0,1887.9,0.0,1887.9,431.79,1295.37,592.53,Credit Card
102873,2025-10-07,CUST2259,Enterprise,Central,Raipur,Distributor,Electronics,Wireless Mouse,3,2507.7,0.0,7523.1,0.0,7523.1,1469.49,4408.47,3114.63,Net Banking
100701,2024-03-20,CUST4114,Individual,North,Delhi,Online,Electronics,Laptop Stand,4,2802.31,0.1,11209.24,1120.92,10088.32,2022.4,8089.6,1998.72,UPI
105148,20/09/2024,CUST4996,Individual,West,Mumbai,Distributor,Furniture,Office Chair,1,3688.2,0.1,3688.2,368.82,3319.38,2134.13,2134.13,1185.25,Net Banking
101538,2025-03-20,CUST4055,Individual,North,Delhi,Online,Electronics,USB-C Hub,3,5727.14,0.0,17181.42,0.0,17181.42,3840.76,11522.28,5659.14,UPI
104099,2025-03-11,CUST2604,Individual,South,Chennai,Retail Store,Groceries,Green Tea Pack,2,269.79,0.05,539.58,26.98,512.6,167.13,334.26,178.34,Cash on Delivery
101715,2024-10-01,CUST2660,Individual,East,Bhubaneswar,Online,Furniture,Filing Cabinet,3,9491.34,0.15,28474.02,4271.1,24202.92,6245.79,18737.37,5465.55,UPI
101791,2025-02-15,CUST1190,Individual,Central,Bhopal,Distributor,Groceries,Olive Oil,2,789.05,0.0,1578.1,0.0,1578.1,563.88,1127.76,450.34,Net Banking
104422,2025-02-09,CUST2107,Individual, West  ,Ahmedabad,Retail Store,Stationery,Gel Pens Pack,7,499.53,0.2,3496.71,699.34,2797.37,345.23,2416.61,380.76,Net Banking
103251,2024-08-08,CUST4196,Small Business,Central,Raipur,Online,Stationery,Gel Pens Pack,4,631.04,0.2,2524.16,504.83,2019.33,431.19,1724.76,294.57,Debit Card
104859,2025-11-14,CUST1380,Individual,South,Chennai,Retail Store,Furniture,Desk Lamp,9,3770.77,0.15,33936.93,5090.54,28846.39,2128.82,19159.38,9687.01,Cash on Delivery
105952,2024-10-15,CUST4309,Individual,East,Patna,Online,Apparel,Wool Sweater,6,1230.39,0.05,7382.34,369.12,7013.22,876.24,5257.44,1755.78,Net Banking
105343,2025-02-10,CUST1328,Individual,North,Lucknow,Online,Stationery,Gel Pens Pack,2,626.46,0.05,1252.92,62.65,1190.27,392.72,785.44,404.83,Debit Card
102016,2024-06-18,CUST3988,Individual,South,Hyderabad,Online,Furniture,Bookshelf,5,5619.47,0.05,28097.35,1404.87,26692.48,3952.45,19762.25,6930.23,Net Banking
100403,2024-03-12,CUST3189,Individual,North,Chandigarh,Distributor,Stationery,Gel Pens Pack,3,114.22,0.15,342.66,51.4,291.26,64.89,194.67,96.59,Cash on Delivery
104995,2025-08-29,CUST2621,Individual,South,Bengaluru,Online,Stationery,Gel Pens Pack,1,504.38,0.0,504.38,0.0,504.38,312.09,312.09,192.29,Debit Card
105531,2025-12-01,CUST3943,Small Business,South,Chennai,Retail Store,Groceries,Green Tea Pack,1,362.67,0.05,362.67,18.13,344.54,235.9,235.9,108.64,Cash on Delivery
102018,2024-11-20,CUST3921,Small Business,North,Lucknow,Distributor,Apparel,Rain Jacket,3,535.54,0.15,1606.62,240.99,1365.63,310.82,932.46,433.17,UPI
101669,2025-10-09,CUST1768,Small Business,South,Chennai,Distributor,Apparel,Running Shoes,4,1638.74,0.0,6554.96,0.0,6554.96,1183.23,4732.92,1822.04,Credit Card
102282,2024-03-05,CUST2118,Enterprise,Central,Bhopal,Online,Stationery,Desk Organizer,5,348.01,0.0,1740.05,0.0,1740.05,243.45,1217.25,522.8,Net Banking
101408,2025-08-11,CUST2717,Small Business,South,Bengaluru,Online,Groceries,Green Tea Pack,4,774.29,0.15,3097.16,464.57,2632.59,459.0,1836.0,796.59,Cash on Delivery
100774,2025-09-11,CUST4433,Enterprise,North,Chandigarh,Online,Stationery,Notebook Set,2,304.5,0.0,609.0,0.0,609.0,227.47,454.94,154.06,Net Banking
104354,2024-06-04,CUST2152,Individual,South,Bengaluru,Distributor,Groceries,Green Tea Pack,2,837.58,0.1,1675.16,167.52,1507.64,575.85,1151.7,355.94,Credit Card
103382,2025-02-02,CUST2464,Individual,West,Ahmedabad,Distributor,Electronics,Webcam HD,1,4465.22,0.15,4465.22,669.78,3795.44,3341.83,3341.83,453.61,Credit Card
104826,2024-03-12,CUST4487,Individual,North,Lucknow,Online,Electronics,Bluetooth Speaker,4,1390.45,0.0,5561.8,0.0,5561.8,936.71,3746.84,1814.96,Cash on Delivery
102557,22/06/2024,CUST2695,Individual,North,Chandigarh,Online,ELECTRONICS,Power Bank,3,3382.59,0.2,10147.77,2029.55,8118.22,2098.59,6295.77,1822.45,Debit Card
103909,2024-03-25,CUST3842,Individual,North,Delhi,Distributor,Electronics,Wireless Mouse,3,5215.22,0.2,15645.66,3129.13,12516.53,3136.25,9408.75,3107.78,Cash on Delivery
102743,2025-08-20,CUST4622,Small Business,East,Patna,Retail Store,Furniture,Desk Lamp,5,8356.79,0.2,41783.95,8356.79,33427.16,5812.46,29062.3,4364.86,UPI
104458,2025-01-10,CUST4601,Enterprise,West,,Distributor,Groceries,Olive Oil,3,829.43,0.0,2488.29,0.0,2488.29,617.37,1852.11,636.18,
105629,17-Oct-2025,CUST3215,Small Business,North,Lucknow,Online,Stationery,Gel Pens Pack,5,288.6,0.05,1443.0,72.15,1370.85,188.81,944.05,426.8,Debit Card
103533,2025-01-08,CUST1572,Individual,East,Patna,Online,Groceries,Green Tea Pack,1,645.39,0.0,645.39,0.0,645.39,356.42,356.42,288.97,UPI
102389,2024-08-04,CUST3405,Small Business,East,Kolkata,Online,Apparel,Running Shoes,4,1058.09,0.05,4232.36,211.62,4020.74,637.93,2551.72,1469.02,Net Banking
105797,2024-04-19,CUST1560,Individual,Central,Nagpur,Online,Furniture,Office Chair,3,12778.06,0.05,38334.18,1916.71,36417.47,7308.1,21924.3,14493.17,Cash on Delivery
101443,2024-08-18,CUST4547,Small Business,East,Bhubaneswar,Distributor,Apparel,Rain Jacket,4,1120.79,0.05,4483.16,224.16,4259.0,707.25,2829.0,1430.0,Debit Card
105233,2025-10-17,CUST1394,Individual,West,Pune,Online,Apparel,Running Shoes,3,1818.87,0.05,5456.61,272.83,5183.78,1110.07,3330.21,1853.57,Cash on Delivery
104064,2025-01-08,CUST2166,Enterprise,South,Hyderabad,Distributor,Stationery,Whiteboard,1,612.53,0.0,612.53,0.0,612.53,344.68,344.68,267.85,UPI
101423,2024-12-02,CUST1019,Individual,South,Bengaluru,Online,Electronics,Bluetooth Speaker,4,2759.9,0.1,11039.6,1103.96,9935.64,1579.34,6317.36,3618.28,Credit Card
104397,2024-10-18,CUST1418,Individual,South,Hyderabad,Retail Store,Electronics,Laptop Stand,2,5574.22,0.2,11148.44,2229.69,8918.75,3245.1,6490.2,2428.55,UPI
104100,2025-09-22,CUST2226,Individual,West,Pune,Online,Furniture,Desk Lamp,3,6612.8,0.05,19838.4,991.92,18846.48,4801.48,14404.44,4442.04,UPI
104748,2025-12-03,CUST2840,Individual,South,Bengaluru,Retail Store,Apparel,Running Shoes,1,2030.59,0.0,2030.59,0.0,2030.59,1476.79,1476.79,553.8,Net Banking
103177,2024-02-20,CUST2761,Individual,West,Pune,Online,Apparel,Rain Jacket,1,1151.56,0.15,1151.56,172.73,978.83,669.26,669.26,309.57,UPI
102701,2024-10-03,CUST2220,Individual,West,Pune,Online,Apparel,Rain Jacket,4,2833.09,0.0,11332.36,0.0,11332.36,1806.99,7227.96,4104.4,Cash on Delivery
104681,2024-04-25,CUST2719,Individual,South,Bengaluru,Online,Groceries,Almond Butter,6,269.24,0.1,1615.44,161.54,1453.9,195.76,1174.56,279.34,UPI
103688,2024-07-30,CUST3499,Individual,West,Pune,Online,Furniture,Desk Lamp,5,13709.23,0.0,68546.15,0.0,68546.15,8615.9,43079.5,25466.65,Net Banking
104063,2025-12-03,CUST2584,Small Business,East,Kolkata,Retail Store,Stationery,Sticky Notes,1,680.93,0.2,680.93,136.19,544.74,467.53,467.53,77.21,Net Banking
102444,2025-10-17,CUST1712,Individual,West,Mumbai,Online,Stationery,Desk Organizer,2,370.2,0.0,740.4,0.0,740.4,253.16,506.32,234.08,Net Banking
105880,2024-05-07,CUST4816,Enterprise,West,Ahmedabad,Distributor,Groceries,Organic Coffee,1,441.0,0.05,441.0,22.05,418.95,312.27,312.27,106.68,Credit Card
104663,2025-01-01,CUST1639,Individual,Central,Nagpur,Online,Furniture,Desk Lamp,2,12480.62,0.1,24961.24,2496.12,22465.12,8595.24,17190.48,5274.64,Cash on Delivery
102800,2024-03-12,CUST3713,Individual,East,Kolkata,Online,Apparel,Wool Sweater,7,1391.45,0.0,9740.15,0.0,9740.15,944.69,6612.83,3127.32,UPI
103922,2024-12-21,CUST2028,Individual,South,Hyderabad,Retail Store,Groceries,Olive Oil,3,776.58,0.0,2329.74,0.0,2329.74,556.53,1669.59,660.15,Debit Card
101356,2025-10-31,CUST3184,Individual,North,Lucknow,Online,Apparel,Denim Jacket,3,1708.24,0.05,5124.72,256.24,4868.48,1137.54,3412.62,1455.86,Debit Card
100188,2024-04-03,CUST2956,Individual,South,Chennai,Online,Electronics,Wireless Mouse,3,4335.91,0.05,13007.73,650.39,12357.34,2986.6,8959.8,3397.54,Debit Card
102859,2024-09-14,CUST1024,Individual,North,Chandigarh,Online,Electronics,Laptop Stand,5,1217.7,0.15,6088.5,913.27,5175.23,800.49,4002.45,1172.78,Cash on Delivery
101448,2024-06-08,CUST1315,Individual,North,Lucknow,Online,Apparel,Rain Jacket,3,1613.31,0.0,4839.93,0.0,4839.93,1090.17,3270.51,1569.42,Credit Card
105695,2024-08-19,CUST2666,Individual,East,Patna,Online,Stationery,Sticky Notes,2,420.45,0.0,840.9,0.0,840.9,236.09,472.18,368.72,Debit Card
105668,2025-11-04,CUST3216,Individual,North,Lucknow,Retail Store,Furniture,Bookshelf,6,8158.18,0.1,48949.08,4894.91,44054.17,4865.45,29192.7,14861.47,Cash on Delivery
100420,2025-05-22,CUST2881,Enterprise,Central,Bhopal,Retail Store,Furniture,Office Chair,1,5845.28,0.0,5845.28,0.0,5845.28,3404.06,3404.06,2441.22,Cash on Delivery
103710,2024-11-02,CUST4421,Individual,West,Pune,Online,Groceries,Granola Bars,8,528.77,0.0,4230.16,0.0,4230.16,389.66,3117.28,1112.88,Net Banking
105465,2025-12-05,CUST2353,Small Business,West,Pune,Retail Store,Apparel,Denim Jacket,1,1357.19,0.1,1357.19,135.72,1221.47,826.77,826.77,394.7,Debit Card
105716,2024-08-23,CUST1633,Enterprise,East,Patna,Online,Apparel,Wool Sweater,2,1674.42,0.05,3348.84,167.44,3181.4,1029.25,2058.5,1122.9,Credit Card
103718,2025-04-04,CUST3365,Individual,West,Ahmedabad,Online,Furniture,Standing Desk,3,2574.89,0.0,7724.67,0.0,7724.67,1510.86,4532.58,3192.09,Credit Card
104682,2024-01-08,CUST3216,Small Business,West,Mumbai,Online,Stationery,Desk Organizer,3,606.6,0.1,1819.8,181.98,1637.82,385.6,1156.8,481.02,Debit Card
102254,2025-07-08,CUST3133,Enterprise,Central,Bhopal,Online,Electronics,Bluetooth Speaker,3,5286.02,0.1,15858.06,1585.81,14272.25,3588.79,10766.37,3505.88,Cash on Delivery
102615,2025-03-16,CUST3267,Small Business,East,Bhubaneswar,Distributor,Groceries,Granola Bars,2,202.12,0.0,404.24,0.0,404.24,144.89,289.78,114.46,UPI
104379,2024-03-27,CUST3711,Individual,East,Kolkata,Retail Store,Stationery,Desk Organizer,4,191.04,0.2,764.16,152.83,611.33,137.78,551.12,60.21,Credit Card
102143,2025-12-13,CUST3655,Individual,South,Chennai,Online,Apparel,Wool Sweater,1,2818.57,0.15,2818.57,422.79,2395.78,2037.46,2037.46,358.32,Debit Card
103167,2024-06-12,CUST1114,Individual,South,Hyderabad,Distributor,Furniture,Standing Desk,6,4559.03,0.0,27354.18,0.0,27354.18,2815.52,16893.12,10461.06,UPI
102780,2024-08-31,CUST4895,Individual,East,Bhubaneswar,Retail Store,Apparel,Denim Jacket,3,489.51,0.0,1468.53,0.0,1468.53,284.53,853.59,614.94,Debit Card
100672,2025-11-16,CUST4955,Individual,North,Delhi,Distributor,Apparel,Denim Jacket,3,1308.12,0.15,3924.36,588.65,3335.71,924.54,2773.62,562.09,Cash on Delivery
103450,2025-02-04,CUST3610,Enterprise,South,Hyderabad,Online,Groceries,Olive Oil,2,383.91,0.0,767.82,0.0,767.82,280.79,561.58,206.24,UPI
104259,2025-05-04,CUST3720,Individual,North,Chandigarh,Online,Electronics,Bluetooth Speaker,3,5297.11,0.0,15891.33,0.0,15891.33,3006.65,9019.95,6871.38,Net Banking
103565,2024-04-22,CUST1807,Individual,North,Lucknow,Retail Store,Groceries,Olive Oil,4,649.71,0.2,2598.84,519.77,2079.07,392.86,1571.44,507.63,Cash on Delivery
103800,2025-01-16,CUST3811,Small Business,North,Delhi,Online,Furniture,Standing Desk,2,13051.73,0.05,26103.46,1305.17,24798.29,8064.62,16129.24,8669.05,Net Banking
101395,2025-10-28,CUST3703,Individual,West,Mumbai,Retail Store,Apparel,Wool Sweater,2,663.28,0.15,1326.56,198.98,1127.58,446.18,892.36,235.22,Debit Card
102887,2024-04-16,CUST3230,Small Business,Central,Raipur,Retail Store,Electronics,Webcam HD,5,2899.58,0.0,14497.9,0.0,14497.9,2104.72,10523.6,3974.3,Cash on Delivery
105194,2025-02-17,CUST3098,Individual,East,Bhubaneswar,Online,Furniture,Standing Desk,2,14082.39,0.05,28164.78,1408.24,26756.54,8477.19,16954.38,9802.16,UPI
101562,2025-01-17,CUST1034,Individual,West,Mumbai,Online,GROCERIES,Granola Bars,1,327.38,0.0,327.38,0.0,327.38,208.47,208.47,118.91,Cash on Delivery
101217,2025-06-28,CUST2312,Small Business,East,Bhubaneswar,Online,Furniture,Desk Lamp,2,12195.62,0.2,24391.24,4878.25,19512.99,8478.46,16956.92,2556.07,Debit Card
102652,2024-05-27,CUST3293,Individual,South,Hyderabad,Retail Store,Stationery,Notebook Set,3,581.41,0.1,1744.23,174.42,1569.81,378.99,1136.97,432.84,Net Banking
105587,2024-02-18,CUST2867,Individual, North  ,Delhi,Online,Stationery,Whiteboard,5,256.39,0.0,1281.95,0.0,1281.95,191.2,956.0,325.95,Debit Card
104595,2024-12-21,CUST1623,Individual,East,Kolkata,Online,Electronics,Bluetooth Speaker,4,4074.27,0.0,16297.08,0.0,16297.08,2386.74,9546.96,6750.12,UPI
104425,2025-06-07,CUST3874,Small Business,South,Chennai,Online,Groceries,Organic Coffee,3,656.74,0.05,1970.22,98.51,1871.71,445.17,1335.51,536.2,Net Banking
105675,2024-08-25,CUST4811,Individual,North,Lucknow,Retail Store,Stationery,Whiteboard,1,187.64,0.0,187.64,0.0,187.64,135.21,135.21,52.43,Debit Card
100616,2024-08-19,CUST1391,Individual,North,Chandigarh,Distributor,Apparel,Cotton T-Shirt,2,856.9,0.2,1713.8,342.76,1371.04,609.56,1219.12,151.92,UPI
102596,2025-11-14,CUST1250,Small Business,Central,Bhopal,Retail Store,Groceries,Almond Butter,4,793.84,0.0,3175.36,0.0,3175.36,586.3,2345.2,830.16,Cash on Delivery
105922,2025-04-17,CUST2802,Individual,East,Bhubaneswar,Online,Electronics,USB-C Hub,7,4090.95,0.0,28636.65,0.0,28636.65,2754.94,19284.58,9352.07,Credit Card
102433,2024-09-01,CUST3852,Individual,North,Delhi,Distributor,Furniture,Office Chair,2,6597.34,0.0,13194.68,0.0,13194.68,4118.76,8237.52,4957.16,Debit Card
105055,16/01/2024,CUST3748,Individual,West,Pune,Online,STATIONERY,Whiteboard,1,289.58,0.05,289.58,14.48,275.1,166.98,166.98,108.12,UPI
101223,2025-10-08,CUST3265,Individual,West,Ahmedabad,Online,Stationery,Desk Organizer,2,118.26,0.15,236.52,35.48,201.04,70.61,141.22,59.82,Credit Card
102372,2024-05-23,CUST2378,Individual,West,Ahmedabad,Online,Electronics,Power Bank,3,3706.39,0.15,11119.17,1667.88,9451.29,2296.66,6889.98,2561.31,Net Banking
103847,2024-11-22,CUST3870,Enterprise,West,Pune,Retail Store,Apparel,Wool Sweater,6,853.06,0.2,5118.36,1023.67,4094.69,601.2,3607.2,487.49,UPI
100739,29/02/2024,CUST1232,Small Business,North,Lucknow,Online,Furniture,Standing Desk,1,12311.35,0.15,12311.35,1846.7,10464.65,7386.62,7386.62,3078.03,Cash on Delivery
101429,2025-09-03,CUST1570,Individual, Central  ,Raipur,Online,Apparel,Running Shoes,1,552.26,0.15,552.26,82.84,469.42,305.51,305.51,163.91,Cash on Delivery
100997,2024-09-30,CUST4032,Individual,South,Bengaluru,Online,Stationery,Sticky Notes,3,462.1,0.0,1386.3,0.0,1386.3,262.58,787.74,598.56,Debit Card
105982,2025-07-11,CUST2550,Small Business,Central,Nagpur,Distributor,Electronics,Wireless Mouse,5,4221.62,0.0,21108.1,0.0,21108.1,2753.84,13769.2,7338.9,Cash on Delivery
103112,2024-12-27,CUST4632,Small Business,North,Chandigarh,Online,Apparel,Wool Sweater,6,2151.32,0.15,12907.92,1936.19,10971.73,1467.4,8804.4,2167.33,Debit Card
102124,2024-09-11,CUST3880,Individual,Central,Nagpur,Online,Apparel,Running Shoes,2,1416.19,0.05,2832.38,141.62,2690.76,877.12,1754.24,936.52,Cash on Delivery
104849,2024-02-07,CUST1353,Enterprise,West,Mumbai,Online,Groceries,Organic Coffee,4,766.41,0.15,3065.64,459.85,2605.79,531.57,2126.28,479.51,UPI
103666,2025-05-08,CUST1731,Individual,North,Lucknow,Retail Store,Furniture,Standing Desk,5,5857.31,0.0,29286.55,0.0,29286.55,4351.04,21755.2,7531.35,Credit Card
103839,2024-10-15,CUST4701,Individual,West,Pune,Retail Store,Electronics,USB-C Hub,3,4040.05,0.0,12120.15,0.0,12120.15,2468.28,7404.84,4715.31,UPI
100211,2024-01-31,CUST4882,Enterprise,West,Ahmedabad,Online,Apparel,Cotton T-Shirt,3,2107.85,0.15,6323.55,948.53,5375.02,1182.89,3548.67,1826.35,Debit Card
104536,2024-01-05,CUST2338,Individual,North,Lucknow,Online,Groceries,Green Tea Pack,5,407.76,0.1,2038.8,203.88,1834.92,265.64,1328.2,506.72,Debit Card
104636,2024-04-22,CUST1711,Individual,Central,Nagpur,Retail Store,Stationery,Whiteboard,2,247.92,0.05,495.84,24.79,471.05,175.78,351.56,119.49,Debit Card
104194,2025-05-17,CUST2959,Individual,Central,Raipur,Online,Furniture,Bookshelf,1,14945.07,0.1,14945.07,1494.51,13450.56,9777.56,9777.56,3673.0,Net Banking
102377,2025-04-26,CUST4091,Small Business,North,Delhi,Online,Electronics,Wireless Mouse,3,2000.84,0.0,6002.52,0.0,6002.52,1190.15,3570.45,2432.07,Cash on Delivery
104736,2025-08-24,CUST2589,,North,,Distributor,GROCERIES,Green Tea Pack,2,612.4,,1224.8,183.72,1041.08,414.14,828.28,212.8,
100988,2025-10-23,CUST2136,Individual,Central,Raipur,Online,Furniture,Standing Desk,1,2862.34,0.15,2862.34,429.35,2432.99,1597.16,1597.16,835.83,Credit Card
100740,2024-03-19,CUST1312,Individual,West,Mumbai,Online,Electronics,Bluetooth Speaker,2,4207.09,0.0,8414.18,0.0,8414.18,2866.37,5732.74,2681.44,Net Banking
100922,26-Jun-2025,CUST3637,Enterprise,South,Hyderabad,Online,Furniture,Standing Desk,2,12193.64,0.2,24387.28,4877.46,19509.82,7702.01,15404.02,4105.8,UPI
103151,31-Mar-2024,CUST2591,Small Business, East  ,Kolkata,Online,Apparel,Denim Jacket,6,1084.42,0.1,6506.52,650.65,5855.87,675.3,4051.8,1804.07,UPI
103527,2025-10-12,CUST4746,Individual,South,Chennai,Online,Stationery,Desk Organizer,2,313.68,0.1,627.36,62.74,564.62,188.56,377.12,187.5,Cash on Delivery
100707,2024-10-21,CUST2864,Individual,North,Delhi,Online,Stationery,Sticky Notes,4,123.06,0.0,492.24,0.0,492.24,75.86,303.44,188.8,Debit Card
102999,2025-07-10,CUST4427,Individual,West,Ahmedabad,Retail Store,Furniture,Desk Lamp,2,12558.42,0.0,25116.84,0.0,25116.84,8717.69,17435.38,7681.46,Net Banking
102454,2024-02-14,CUST3259,Individual,West,Mumbai,Retail Store,Electronics,Power Bank,1,4600.6,0.0,4600.6,0.0,4600.6,2900.67,2900.67,1699.93,UPI
102713,2024-11-07,CUST4283,Individual,East,Patna,Online,Electronics,Power Bank,4,2461.34,0.05,9845.36,492.27,9353.09,1434.76,5739.04,3614.05,Credit Card
100608,2024-04-06,CUST1080,Individual,West,Pune,Distributor,Stationery,Gel Pens Pack,3,413.26,0.05,1239.78,61.99,1177.79,294.48,883.44,294.35,Cash on Delivery
105951,2025-06-06,CUST1356,Individual,North,Chandigarh,Online,Groceries,Organic Coffee,5,796.1,0.1,3980.5,398.05,3582.45,481.1,2405.5,1176.95,UPI
101087,2024-10-09,CUST1855,Small Business,West,Ahmedabad,Retail Store,Apparel,Denim Jacket,1,2061.61,0.0,2061.61,0.0,2061.61,1511.77,1511.77,549.84,Credit Card
102498,2025-03-01,CUST4718,Small Business,South,Hyderabad,Retail Store,Furniture,Filing Cabinet,5,7971.81,0.15,39859.05,5978.86,33880.19,4571.34,22856.7,11023.49,UPI
101819,2025-02-23,CUST3507,Individual,East,Bhubaneswar,Online,Furniture,Standing Desk,1,4712.93,0.05,4712.93,235.65,4477.28,3003.25,3003.25,1474.03,Debit Card
102773,2025-02-12,CUST3897,Small Business,West,Ahmedabad,Retail Store,Electronics,Power Bank,3,1190.63,0.0,3571.89,0.0,3571.89,883.54,2650.62,921.27,UPI
104671,2025-09-26,CUST4364,Enterprise, East  ,Kolkata,Retail Store,Electronics,Webcam HD,2,950.51,0.0,1901.02,0.0,1901.02,684.93,1369.86,531.16,Debit Card
103372,2025-04-07,CUST3034,Individual,East,Patna,Distributor,Stationery,Gel Pens Pack,5,302.02,0.15,1510.1,226.51,1283.59,185.64,928.2,355.39,Debit Card
101873,2025-02-23,CUST1600,Individual,North,Lucknow,Distributor,Groceries,Granola Bars,2,360.54,0.1,721.08,72.11,648.97,232.54,465.08,183.89,Net Banking
104491,2024-02-05,CUST4490,Individual,North,Delhi,Retail Store,Stationery,Desk Organizer,1,682.43,0.0,682.43,0.0,682.43,489.59,489.59,192.84,Cash on Delivery
102154,2025-02-19,CUST3738,Individual,South,Hyderabad,Online,Groceries,Organic Coffee,2,494.53,0.05,989.06,49.45,939.61,346.96,693.92,245.69,UPI
100060,2025-07-19,CUST3718,Individual,West,Pune,Distributor,Stationery,Whiteboard,7,517.24,0.2,3620.68,724.14,2896.54,323.92,2267.44,629.1,UPI
103490,2025-05-18,CUST2920,Individual,North,Delhi,Distributor,Groceries,Almond Butter,3,232.69,0.0,698.07,0.0,698.07,149.19,447.57,250.5,UPI
100146,2025-03-25,CUST1586,Individual,South,Bengaluru,Online,Furniture,Desk Lamp,5,9489.43,0.0,47447.15,0.0,47447.15,5791.9,28959.5,18487.65,Net Banking
102737,2024-06-26,CUST1507,Small Business,North,Lucknow,Retail Store,Groceries,Olive Oil,1,820.16,0.0,820.16,0.0,820.16,522.5,522.5,297.66,Net Banking
102406,2025-05-04,CUST1308,Individual,North,Lucknow,Retail Store,Electronics,Bluetooth Speaker,2,2075.62,0.0,4151.24,0.0,4151.24,1238.97,2477.94,1673.3,Net Banking
104529,2025-08-09,CUST3225,Individual,East,Bhubaneswar,Retail Store,Apparel,Running Shoes,5,2186.01,0.15,10930.05,1639.51,9290.54,1278.4,6392.0,2898.54,Cash on Delivery
104293,2024-05-06,CUST2999,Small Business,South,Bengaluru,Online,Apparel,Denim Jacket,4,2187.04,0.15,8748.16,1312.22,7435.94,1578.64,6314.56,1121.38,Credit Card
101183,2025-11-07,CUST2820,Individual,Central,Bhopal,Online,Apparel,Cotton T-Shirt,6,2428.1,0.0,14568.6,0.0,14568.6,1376.0,8256.0,6312.6,Debit Card
103447,2024-08-08,CUST1068,Small Business,South,Bengaluru,Online,FURNITURE,Bookshelf,1,7754.22,0.0,7754.22,0.0,7754.22,4268.51,4268.51,3485.71,Cash on Delivery
102742,2025-03-25,CUST2205,Small Business,Central,Nagpur,Distributor,Apparel,Wool Sweater,3,2382.02,0.15,7146.06,1071.91,6074.15,1528.21,4584.63,1489.52,Debit Card
100758,2025-04-09,CUST1542,Small Business,North,Chandigarh,Online,Electronics,Bluetooth Speaker,4,3243.27,0.0,12973.08,0.0,12973.08,2425.92,9703.68,3269.4,Debit Card
104088,2024-04-25,CUST4969,Small Business,North,Lucknow,Retail Store,Stationery,Whiteboard,3,413.66,0.0,1240.98,0.0,1240.98,234.89,704.67,536.31,Cash on Delivery
100861,2024-06-15,CUST2556,Individual,West,Ahmedabad,Retail Store,Furniture,Office Chair,2,3180.28,0.05,6360.56,318.03,6042.53,1759.42,3518.84,2523.69,Net Banking
103989,2025-05-25,CUST3496,Individual,Central,Nagpur,Distributor,Groceries,Organic Coffee,1,233.41,0.05,233.41,11.67,221.74,161.03,161.03,60.71,Cash on Delivery
103144,2025-12-11,CUST4713,Individual,North,Lucknow,Retail Store,Groceries,Granola Bars,4,388.92,0.0,1555.68,0.0,1555.68,218.74,874.96,680.72,Net Banking
105169,2025-04-20,CUST1621,Individual,North,Delhi,Online,Groceries,Olive Oil,4,857.51,0.2,3430.04,686.01,2744.03,520.11,2080.44,663.59,Cash on Delivery
103263,2025-08-27,CUST3928,Enterprise,Central,Raipur,Retail Store,Electronics,Wireless Mouse,1,2498.12,0.2,2498.12,499.62,1998.5,1473.84,1473.84,524.66,Debit Card
103956,2025-10-17,CUST1900,Enterprise,East,Bhubaneswar,Online,Furniture,Filing Cabinet,2,9874.82,0.15,19749.64,2962.45,16787.19,5656.72,11313.44,5473.75,Debit Card
101826,2025-05-06,CUST4632,Individual,West,Ahmedabad,Online,Apparel,Wool Sweater,4,452.01,0.0,1808.04,0.0,1808.04,272.18,1088.72,719.32,Net Banking
105761,2025-09-04,CUST1963,Individual,West,Pune,Online,APPAREL,Running Shoes,3,1580.45,0.0,4741.35,0.0,4741.35,1100.43,3301.29,1440.06,Debit Card
104139,2025-06-23,CUST4531,Enterprise,West,Mumbai,Retail Store,Electronics,Webcam HD,1,810.93,0.15,810.93,121.64,689.29,495.79,495.79,193.5,Cash on Delivery
104662,2024-02-04,CUST2276,Small Business,North,Chandigarh,Online,Furniture,Filing Cabinet,5,14052.26,0.0,70261.3,0.0,70261.3,10238.86,51194.3,19067.0,Net Banking
101465,2024-11-03,CUST2385,Individual,West,Pune,Online,Electronics,Laptop Stand,1,5440.31,0.15,5440.31,816.05,4624.26,3216.88,3216.88,1407.38,Credit Card
101592,2024-01-26,CUST2821,Individual,West,Ahmedabad,Online,Apparel,Rain Jacket,2,2163.5,0.1,4327.0,432.7,3894.3,1561.22,3122.44,771.86,Net Banking
102984,2025-01-06,CUST2201,Individual,East,Kolkata,Online,Electronics,Power Bank,2,2858.19,0.2,5716.38,1143.28,4573.1,2025.25,4050.5,522.6,UPI
101555,2024-08-30,CUST2769,Small Business,South,Bengaluru,Online,Apparel,Wool Sweater,4,453.73,0.2,1814.92,362.98,1451.94,319.3,1277.2,174.74,UPI
102017,2025-07-09,CUST2367,Individual,North,Delhi,Online,Groceries,Granola Bars,1,168.39,0.05,168.39,8.42,159.97,95.48,95.48,64.49,UPI
103676,2024-09-28,CUST1354,Enterprise,South,Hyderabad,Retail Store,Groceries,Granola Bars,3,541.03,0.0,1623.09,0.0,1623.09,332.87,998.61,624.48,Debit Card
101043,2025-01-31,CUST2290,Individual,South,Bengaluru,Online,Apparel,Running Shoes,1,2828.19,0.2,2828.19,565.64,2262.55,1559.71,1559.71,702.84,UPI
101586,2025-08-11,CUST3710,Individual,Central,Bhopal,Online,Stationery,Sticky Notes,5,617.4,0.1,3087.0,308.7,2778.3,426.28,2131.4,646.9,Debit Card
101802,2025-10-25,CUST4257,Small Business,North,Chandigarh,Online,STATIONERY,Desk Organizer,3,344.13,0.05,1032.39,51.62,980.77,213.23,639.69,341.08,UPI
105612,03-26-2025,CUST4424,Individual,East,Kolkata,Online,Furniture,Standing Desk,4,3137.6,0.0,12550.4,0.0,12550.4,1863.6,7454.4,5096.0,Net Banking
101724,2024-07-31,CUST3369,Individual,East,Patna,Retail Store,Apparel,Denim Jacket,2,789.87,0.0,1579.74,0.0,1579.74,590.41,1180.82,398.92,Credit Card
105296,2025-03-04,CUST3101,Individual,East,Kolkata,Online,Groceries,Organic Coffee,3,386.1,0.0,1158.3,0.0,1158.3,280.52,841.56,316.74,Debit Card
100359,2025-12-09,CUST4146,Individual,North,Delhi,Retail Store,Furniture,Office Chair,1,11449.36,0.1,11449.36,1144.94,10304.42,7168.69,7168.69,3135.73,Net Banking
100447,2025-05-27,CUST1404,Small Business,Central,Raipur,Online,Stationery,Gel Pens Pack,2,547.49,0.0,1094.98,0.0,1094.98,407.72,815.44,279.54,Debit Card
103531,2025-01-05,CUST3040,Enterprise,East,Kolkata,Retail Store,Furniture,Filing Cabinet,1,3525.53,0.1,3525.53,352.55,3172.98,2427.63,2427.63,745.35,UPI
102269,2025-12-31,CUST2479,Individual,Central,Raipur,Online,Apparel,Cotton T-Shirt,4,2785.37,0.05,11141.48,557.07,10584.41,1863.78,7455.12,3129.29,Net Banking
102736,2024-02-15,CUST2279,Individual,Central,Nagpur,Retail Store,Apparel,Rain Jacket,4,900.07,0.0,3600.28,0.0,3600.28,627.52,2510.08,1090.2,UPI
105078,2024-08-25,CUST2757,Individual,Central,Raipur,Online,Stationery,Gel Pens Pack,5,376.54,0.0,1882.7,0.0,1882.7,265.28,1326.4,556.3,UPI
100290,2024-08-09,CUST4777,Small Business,West,Pune,Online,Groceries,Granola Bars,1,644.74,0.15,644.74,96.71,548.03,443.01,443.01,105.02,Cash on Delivery
103086,2025-04-09,CUST4866,Individual,Central,Bhopal,Online,Stationery,Desk Organizer,5,489.64,0.05,2448.2,122.41,2325.79,330.08,1650.4,675.39,Credit Card
102502,2025-09-25,CUST3166,Individual,East,Bhubaneswar,Retail Store,Stationery,Whiteboard,1,308.52,0.15,308.52,46.28,262.24,174.33,174.33,87.91,Credit Card
104614,2024-03-17,CUST3802,Individual,Central,Raipur,Distributor,Electronics,Wireless Mouse,2,5279.71,0.05,10559.42,527.97,10031.45,3003.06,6006.12,4025.33,Credit Card
103289,09-23-2024,CUST4009,Individual,East,Kolkata,Online,Stationery,Desk Organizer,1,271.93,0.2,271.93,54.39,217.54,171.17,171.17,46.37,UPI
105774,2024-08-02,CUST1021,Individual,South,Bengaluru,Online,Stationery,Whiteboard,1,369.59,0.0,369.59,0.0,369.59,242.89,242.89,126.7,Debit Card
101108,06-25-2025,CUST1166,Small Business,East,Kolkata,Online,Apparel,Rain Jacket,1,1927.79,0.0,1927.79,0.0,1927.79,1301.66,1301.66,626.13,UPI
104741,2024-08-05,CUST2174,Small Business,Central,Raipur,Distributor,Apparel,Wool Sweater,3,1946.13,0.15,5838.39,875.76,4962.63,1340.09,4020.27,942.36,Cash on Delivery
103711,2024-01-14,CUST4469,Individual,West,Pune,Online,Electronics,Bluetooth Speaker,1,4604.65,0.0,4604.65,0.0,4604.65,2668.18,2668.18,1936.47,Debit Card
103644,2024-01-17,CUST1179,Individual,Central,Nagpur,Online,Electronics,Wireless Mouse,2,2239.14,0.0,4478.28,0.0,4478.28,1320.25,2640.5,1837.78,Debit Card
101283,2025-06-04,CUST4563,Small Business, South  ,Chennai,Retail Store,Electronics,USB-C Hub,5,2730.32,0.0,13651.6,0.0,13651.6,1509.07,7545.35,6106.25,Net Banking
102412,2025-09-11,CUST4013,Individual,East,Kolkata,Online,Furniture,Desk Lamp,3,7741.06,0.05,23223.18,1161.16,22062.02,5130.22,15390.66,6671.36,Cash on Delivery
100961,2024-04-19,CUST3093,Small Business,Central,Raipur,Retail Store,Furniture,Standing Desk,2,6692.2,0.2,13384.4,2676.88,10707.52,4018.44,8036.88,2670.64,UPI
105395,2024-06-30,CUST3803,Small Business,West,Pune,Online,Groceries,Organic Coffee,1,195.28,0.0,195.28,0.0,195.28,110.31,110.31,84.97,Cash on Delivery
104797,2024-10-26,CUST1026,Individual,Central,Bhopal,Retail Store,Stationery,Notebook Set,4,270.4,0.0,1081.6,0.0,1081.6,179.06,716.24,365.36,UPI
103477,2025-10-14,CUST1945,Individual,East,Kolkata,Online,Stationery,Sticky Notes,3,232.23,0.05,696.69,34.83,661.86,139.33,417.99,243.87,UPI
105420,2025-12-07,CUST2316,Individual,South,Bengaluru,Distributor,Stationery,Whiteboard,1,351.89,0.15,351.89,52.78,299.11,259.87,259.87,39.24,Net Banking
101091,2024-07-08,CUST3037,Individual,North,Lucknow,Online,Furniture,Office Chair,2,9763.56,0.05,19527.12,976.36,18550.76,6613.51,13227.02,5323.74,Cash on Delivery
101277,2024-12-17,CUST4030,Small Business,East,Bhubaneswar,Online,Stationery,Sticky Notes,1,691.52,0.15,691.52,103.73,587.79,465.77,465.77,122.02,Debit Card
100890,16-May-2024,CUST4412,Individual,East,Bhubaneswar,Retail Store,Groceries,Organic Coffee,3,266.26,0.0,798.78,0.0,798.78,172.78,518.34,280.44,Credit Card
105219,2025-08-04,CUST2253,Small Business,East,Patna,Distributor,Furniture,Standing Desk,2,10952.04,0.2,21904.08,4380.82,17523.26,7803.0,15606.0,1917.26,Debit Card
103555,2025-09-18,CUST1740,Individual,North,Chandigarh,Online,Stationery,Gel Pens Pack,4,214.46,0.0,857.84,0.0,857.84,149.6,598.4,259.44,UPI
104718,2025-01-06,CUST4359,Small Business,South,Bengaluru,Distributor,Groceries,Green Tea Pack,3,585.65,0.05,1756.95,87.85,1669.1,338.57,1015.71,653.39,Debit Card
103921,2024-06-28,CUST1072,Individual,West,Ahmedabad,Online,Apparel,Running Shoes,8,2072.72,0.0,16581.76,0.0,16581.76,1330.68,10645.44,5936.32,UPI
102092,2024-11-02,CUST2221,Small Business,North,Delhi,Retail Store,Furniture,Standing Desk,3,11301.15,0.15,33903.45,5085.52,28817.93,6581.68,19745.04,9072.89,UPI
102988,2025-01-04,CUST2425,Individual,West,,Online,Stationery,Sticky Notes,3,212.44,0.0,637.32,0.0,637.32,120.88,362.64,274.68,
101770,2024-02-02,CUST4401,Individual,West,Mumbai,Online,Groceries,Green Tea Pack,2,898.27,0.0,1796.54,0.0,1796.54,614.02,1228.04,568.5,Credit Card
100808,2024-09-07,CUST4125,Individual,East,Kolkata,Online,Furniture,Desk Lamp,2,7122.61,0.05,14245.22,712.26,13532.96,4923.47,9846.94,3686.02,Net Banking
101335,2024-06-25,CUST3781,Individual,West,Pune,Retail Store,Furniture,Standing Desk,1,4126.15,0.05,4126.15,206.31,3919.84,2414.74,2414.74,1505.1,UPI
105905,2024-06-11,CUST3955,Individual,West,Pune,Distributor,Furniture,Desk Lamp,5,13411.88,0.0,67059.4,0.0,67059.4,9695.07,48475.35,18584.05,UPI
101722,2025-09-12,CUST3339,Individual,South,Chennai,Retail Store,Stationery,Desk Organizer,2,686.21,0.0,1372.42,0.0,1372.42,389.11,778.22,594.2,Cash on Delivery
103943,2025-12-30,CUST3834,Small Business,North,Chandigarh,Online,Apparel,Denim Jacket,6,2962.84,0.2,17777.04,3555.41,14221.63,1671.72,10030.32,4191.31,Credit Card
102207,2024-05-15,CUST3140,Enterprise,South,Chennai,Online,Furniture,Office Chair,3,6440.42,0.0,19321.26,0.0,19321.26,4502.01,13506.03,5815.23,UPI
100934,2025-05-15,CUST1304,Small Business,North,Chandigarh,Distributor,Apparel,Running Shoes,1,2729.13,0.2,2729.13,545.83,2183.3,1559.45,1559.45,623.85,Credit Card
105116,2025-11-20,CUST1620,Individual,North,Delhi,Distributor,Stationery,Whiteboard,8,589.21,0.0,4713.68,0.0,4713.68,421.18,3369.44,1344.24,Cash on Delivery
101585,2024-09-25,CUST2984,Individual,East,,Online,Groceries,Organic Coffee,1,313.19,0.2,313.19,62.64,250.55,208.0,208.0,42.55,Net Banking
100433,2024-01-26,CUST4479,Individual,South,Chennai,Online,Groceries,Granola Bars,3,851.75,0.0,2555.25,0.0,2555.25,482.7,1448.1,1107.15,Net Banking
101122,2024-01-16,CUST4183,Individual,West,Ahmedabad,Online,Apparel,Cotton T-Shirt,3,813.96,0.15,2441.88,366.28,2075.6,507.27,1521.81,553.79,UPI
103448,2025-02-14,CUST3121,Individual, South  ,Hyderabad,Retail Store,Electronics,Power Bank,1,1350.51,0.05,1350.51,67.53,1282.98,818.43,818.43,464.55,UPI
104713,2025-05-30,CUST1162,Small Business,Central,Bhopal,Online,Stationery,Desk Organizer,7,276.31,0.05,1934.17,96.71,1837.46,203.73,1426.11,411.35,UPI
101709,2024-11-30,CUST3876,Small Business,East,Kolkata,Online,Groceries,Granola Bars,8,683.22,0.0,5465.76,0.0,5465.76,476.85,3814.8,1650.96,Credit Card
102865,2025-02-17,CUST4682,Individual,West,Ahmedabad,Online,FURNITURE,Office Chair,1,6381.66,0.0,6381.66,0.0,6381.66,4009.5,4009.5,2372.16,Credit Card
105549,2024-01-18,CUST3433,Individual,East,Bhubaneswar,Online,Furniture,Filing Cabinet,1,14875.82,0.0,14875.82,0.0,14875.82,10498.94,10498.94,4376.88,Debit Card
105467,2025-01-20,CUST3311,Individual,North,Chandigarh,Retail Store,Stationery,Notebook Set,1,604.39,0.05,604.39,30.22,574.17,383.43,383.43,190.74,Net Banking
101138,2024-06-02,CUST4419,Individual,North,Delhi,Retail Store,Electronics,USB-C Hub,3,4001.74,0.0,12005.22,0.0,12005.22,2685.22,8055.66,3949.56,UPI
105054,2024-09-21,CUST4896,Individual,East,Patna,Distributor,Stationery,Gel Pens Pack,4,418.85,0.0,1675.4,0.0,1675.4,240.88,963.52,711.88,UPI
105479,2025-01-05,CUST3522,Small Business,West,Ahmedabad,Online,Stationery,Desk Organizer,5,669.01,0.0,3345.05,0.0,3345.05,384.58,1922.9,1422.15,Debit Card
104356,2025-06-05,CUST4909,Small Business,East,Bhubaneswar,Online,Stationery,Notebook Set,2,158.33,0.0,316.66,0.0,316.66,107.56,215.12,101.54,Cash on Delivery
102555,2025-04-03,CUST4234,Individual,West,Mumbai,Retail Store,Apparel,Wool Sweater,2,1048.76,0.1,2097.52,209.75,1887.77,589.74,1179.48,708.29,Net Banking
101742,2025-07-20,CUST1264,Small Business,North,Lucknow,Online,Groceries,Granola Bars,6,886.8,0.15,5320.8,798.12,4522.68,656.56,3939.36,583.32,Net Banking
101885,2025-10-18,CUST4842,Individual,East,Bhubaneswar,Online,Stationery,Sticky Notes,3,493.11,0.1,1479.33,147.93,1331.4,339.95,1019.85,311.55,Cash on Delivery
102656,2024-05-13,CUST1891,Small Business,North,Chandigarh,Distributor,Furniture,Standing Desk,1,9183.59,0.05,9183.59,459.18,8724.41,5232.33,5232.33,3492.08,Net Banking
104799,20-Nov-2024,CUST2672,Individual,Central,Bhopal,Retail Store,Groceries,Olive Oil,3,243.28,0.05,729.84,36.49,693.35,158.76,476.28,217.07,UPI
104609,2024-04-06,CUST1102,Small Business,West,Ahmedabad,Online,Electronics,Webcam HD,3,5483.04,0.0,16449.12,0.0,16449.12,3072.2,9216.6,7232.52,Net Banking
103849,16-Jul-2025,CUST4823,Small Business,North,Lucknow,Online,Furniture,Desk Lamp,5,11105.91,0.0,55529.55,0.0,55529.55,6726.85,33634.25,21895.3,Debit Card
102644,2025-08-24,CUST4306,Individual,North,Lucknow,Online,Groceries,Almond Butter,2,490.76,0.2,981.52,196.3,785.22,355.14,710.28,74.94,Debit Card
102832,2024-07-16,CUST3171,Small Business,East,Kolkata,Distributor,Groceries,Granola Bars,11,441.15,0.05,4852.65,242.63,4610.02,296.72,3263.92,1346.1,Cash on Delivery
103654,2025-06-09,CUST2147,Individual,North,Lucknow,Online,Apparel,Rain Jacket,7,1742.98,0.2,12200.86,2440.17,9760.69,1046.79,7327.53,2433.16,Debit Card
102002,2024-07-03,CUST4126,Enterprise,East,Kolkata,Retail Store,Groceries,Olive Oil,1,227.82,0.1,227.82,22.78,205.04,164.9,164.9,40.14,Credit Card
105555,2024-11-13,CUST1506,Small Business,Central,Raipur,Online,Groceries,Organic Coffee,3,477.49,0.15,1432.47,214.87,1217.6,267.49,802.47,415.13,UPI
105620,2024-06-16,CUST3276,Individual,East,Kolkata,Online,Stationery,Sticky Notes,8,362.68,0.0,2901.44,0.0,2901.44,268.29,2146.32,755.12,UPI
100319,2024-10-26,CUST2729,Small Business,North,Lucknow,Online,Stationery,Gel Pens Pack,4,593.62,0.0,2374.48,0.0,2374.48,357.71,1430.84,943.64,Cash on Delivery
100677,2024-04-26,CUST4789,Individual,West,Pune,Online,Furniture,Filing Cabinet,4,5705.36,0.15,22821.44,3423.22,19398.22,3845.84,15383.36,4014.86,Debit Card
105486,2024-11-22,CUST2417,Individual,West,Mumbai,Distributor,Electronics,Laptop Stand,4,3086.54,0.0,12346.16,0.0,12346.16,1716.37,6865.48,5480.68,Cash on Delivery
105632,2024-04-08,CUST1624,Individual,East,Bhubaneswar,Online,Furniture,Filing Cabinet,4,2438.14,0.0,9752.56,0.0,9752.56,1614.95,6459.8,3292.76,Debit Card
102210,2024-05-06,CUST1307,Individual,North,Delhi,Distributor,Electronics,Webcam HD,3,2142.34,0.15,6427.02,964.05,5462.97,1452.8,4358.4,1104.57,Debit Card
101236,2025-02-12,CUST4634,Individual,West,Pune,Distributor,Furniture,Bookshelf,3,5619.8,0.1,16859.4,1685.94,15173.46,3777.66,11332.98,3840.48,Cash on Delivery
100733,2025-08-05,CUST2465,Individual,Central,Nagpur,Online,Electronics,Bluetooth Speaker,3,3927.75,0.0,11783.25,0.0,11783.25,2466.96,7400.88,4382.37,Cash on Delivery
102756,2025-07-17,CUST4404,Individual,East,Patna,Online,Apparel,Wool Sweater,1,1960.4,0.05,1960.4,98.02,1862.38,1397.37,1397.37,465.01,Credit Card
105536,2025-09-15,CUST4694,Small Business,North,Delhi,Retail Store,Electronics,Power Bank,3,2178.97,0.0,6536.91,0.0,6536.91,1373.19,4119.57,2417.34,Credit Card
104767,2025-05-08,CUST2389,Enterprise,West,Mumbai,Distributor,Furniture,Standing Desk,3,14992.7,0.1,44978.1,4497.81,40480.29,10747.47,32242.41,8237.88,Debit Card
101196,2025-08-03,CUST3582,Small Business,North,Chandigarh,Retail Store,Groceries,Olive Oil,1,675.15,0.1,675.15,67.52,607.63,473.01,473.01,134.62,Cash on Delivery
104455,2025-11-15,CUST4626,Small Business,East,Bhubaneswar,Online,Stationery,Whiteboard,4,569.59,0.0,2278.36,0.0,2278.36,330.16,1320.64,957.72,Debit Card
103216,2025-03-12,CUST1655,Individual,North,Lucknow,Distributor,Groceries,Olive Oil,4,388.01,0.05,1552.04,77.6,1474.44,252.36,1009.44,465.0,Cash on Delivery
102939,2024-01-13,CUST4289,Enterprise,East,Kolkata,Online,Apparel,Denim Jacket,1,2716.51,0.0,2716.51,0.0,2716.51,2001.83,2001.83,714.68,Credit Card
100232,2024-07-24,CUST3002,Small Business,North,Chandigarh,Online,Electronics,Bluetooth Speaker,2,2224.68,0.0,4449.36,0.0,4449.36,1331.22,2662.44,1786.92,Net Banking
102311,2025-10-28,CUST3938,Individual,Central,Bhopal,Distributor,Electronics,Laptop Stand,5,3397.75,0.05,16988.75,849.44,16139.31,2106.87,10534.35,5604.96,Cash on Delivery
103636,2025-06-30,CUST4369,Individual,East,Kolkata,Retail Store,Furniture,Desk Lamp,2,14912.99,0.15,29825.98,4473.9,25352.08,9495.78,18991.56,6360.52,UPI
101261,2025-07-30,CUST3748,Individual,West,Pune,Distributor,Stationery,Desk Organizer,6,108.78,0.2,652.68,130.54,522.14,65.06,390.36,131.78,UPI
101114,2025-06-20,CUST2643,Individual,North,Delhi,Online,Stationery,Sticky Notes,1,186.17,0.0,186.17,0.0,186.17,136.49,136.49,49.68,Cash on Delivery
103594,2025-07-26,CUST3187,Small Business,South,Hyderabad,Online,Groceries,Olive Oil,1,587.46,0.1,587.46,58.75,528.71,412.38,412.38,116.33,UPI
104835,2025-01-31,CUST3289,Small Business,Central,Bhopal,Online,Apparel,Running Shoes,4,2844.76,0.0,11379.04,0.0,11379.04,1726.21,6904.84,4474.2,Credit Card
101833,2024-12-01,CUST3943,Individual,North,Delhi,Retail Store,Groceries,Green Tea Pack,1,452.22,0.05,452.22,22.61,429.61,316.3,316.3,113.31,UPI
104303,2024-08-12,CUST4173,Individual,North,Delhi,Online,Groceries,Granola Bars,2,740.54,0.2,1481.08,296.22,1184.86,537.2,1074.4,110.46,Net Banking
103682,2024-04-20,CUST4337,Individual,West,Mumbai,Retail Store,Apparel,Wool Sweater,4,1873.35,0.0,7493.4,0.0,7493.4,1403.42,5613.68,1879.72,Credit Card
102750,2025-03-12,CUST3668,Individual,East,Kolkata,Distributor,Electronics,Bluetooth Speaker,8,3552.7,0.1,28421.6,2842.16,25579.44,2306.71,18453.68,7125.76,UPI
101083,2025-12-14,CUST2508,Small Business,East,Bhubaneswar,Online,Groceries,Granola Bars,8,165.53,0.2,1324.24,264.85,1059.39,114.78,918.24,141.15,Debit Card
105245,2025-12-15,CUST1961,Enterprise,East,Bhubaneswar,Retail Store,Groceries,Almond Butter,6,634.3,0.1,3805.8,380.58,3425.22,368.65,2211.9,1213.32,Credit Card
103010,2025-10-10,CUST3985,Individual,East,Bhubaneswar,Retail Store,Groceries,Organic Coffee,2,799.27,0.0,1598.54,0.0,1598.54,510.16,1020.32,578.22,Debit Card
104168,04-30-2024,CUST2086,Small Business,Central,Raipur,Online,Stationery,Gel Pens Pack,6,298.01,0.15,1788.06,268.21,1519.85,194.95,1169.7,350.15,Credit Card
105754,2024-07-08,CUST1802,Enterprise,West,Ahmedabad,Online,Electronics,Wireless Mouse,3,2840.98,0.1,8522.94,852.29,7670.65,2007.28,6021.84,1648.81,UPI
101454,2025-11-13,CUST4594,Individual,West,Pune,Retail Store,Groceries,Organic Coffee,9,886.91,0.15,7982.19,1197.33,6784.86,620.58,5585.22,1199.64,Net Banking
101385,2025-08-29,CUST3213,Individual,South,Bengaluru,Online,Electronics,Bluetooth Speaker,2,3601.83,0.0,7203.66,0.0,7203.66,2196.57,4393.14,2810.52,Debit Card
105280,2024-06-18,CUST2779,Individual,Central,Raipur,Online,Groceries,Olive Oil,1,572.24,0.1,572.24,57.22,515.02,401.54,401.54,113.48,UPI
103346,2025-11-04,CUST1837,Small Business,East,Bhubaneswar,Online,Furniture,Desk Lamp,11,11150.41,0.0,122654.51,0.0,122654.51,7128.85,78417.35,44237.16,Credit Card
103954,2024-03-25,CUST3623,,North,,Online,Furniture,Office Chair,4,3727.19,,14908.76,2981.75,11927.01,2456.21,9824.84,2102.17,
103028,2025-04-07,CUST2747,Small Business,North,Lucknow,Online,Groceries,Olive Oil,4,330.13,0.2,1320.52,264.1,1056.42,220.01,880.04,176.38,UPI
102471,2024-01-03,CUST2490,Individual,South,Bengaluru,Distributor,Electronics,Power Bank,1,1918.32,0.0,1918.32,0.0,1918.32,1277.58,1277.58,640.74,Credit Card
103982,2025-02-27,CUST4753,Individual,East,Patna,Online,Apparel,Running Shoes,2,1415.94,0.2,2831.88,566.38,2265.5,810.87,1621.74,643.76,Cash on Delivery
101740,2025-07-26,CUST2723,Individual,South,Bengaluru,Online,Apparel,Running Shoes,3,2685.68,0.0,8057.04,0.0,8057.04,1649.15,4947.45,3109.59,Credit Card
105373,2025-03-31,CUST3267,Small Business,North,Chandigarh,Distributor,Groceries,Almond Butter,6,849.98,0.0,5099.88,0.0,5099.88,482.42,2894.52,2205.36,Cash on Delivery
105293,2025-04-23,CUST2575,Small Business,North,Lucknow,Online,Electronics,Laptop Stand,2,4583.92,0.0,9167.84,0.0,9167.84,2898.38,5796.76,3371.08,Cash on Delivery
105349,2025-10-23,CUST3315,Individual,North,Delhi,Online,Groceries,Granola Bars,4,200.86,0.05,803.44,40.17,763.27,145.88,583.52,179.75,Debit Card
103020,2024-04-15,CUST1210,Individual,East,Patna,Distributor,Stationery,Notebook Set,3,204.06,0.05,612.18,30.61,581.57,114.82,344.46,237.11,Debit Card
105946,2025-06-19,CUST4114,Individual,West,Pune,Online,Apparel,Cotton T-Shirt,7,1176.97,0.1,8238.79,823.88,7414.91,862.88,6040.16,1374.75,UPI
102692,2025-03-22,CUST2790,Small Business,Central,Raipur,Online,Apparel,Running Shoes,2,1821.67,0.2,3643.34,728.67,2914.67,1362.0,2724.0,190.67,UPI
100738,2025-07-19,CUST2788,Small Business,West,Pune,Retail Store,Groceries,Organic Coffee,2,611.74,0.0,1223.48,0.0,1223.48,360.15,720.3,503.18,Cash on Delivery
102681,2025-11-15,CUST4011,Small Business,South,Hyderabad,Online,Apparel,Wool Sweater,3,1357.46,0.0,4072.38,0.0,4072.38,959.08,2877.24,1195.14,Credit Card
102843,2024-08-13,CUST2146,Individual,Central,Bhopal,Online,Electronics,Power Bank,4,1202.96,0.1,4811.84,481.18,4330.66,848.23,3392.92,937.74,Net Banking
102907,2024-04-30,CUST2053,Small Business,South,Hyderabad,Distributor,Groceries,Organic Coffee,3,282.11,0.05,846.33,42.32,804.01,206.4,619.2,184.81,Credit Card
101032,01-10-2024,CUST2120,Individual,Central,Nagpur,Online,Apparel,Running Shoes,1,948.76,0.15,948.76,142.31,806.45,663.0,663.0,143.45,Credit Card
101016,05/04/2024,CUST3327,Individual,East,Patna,Online,Stationery,Whiteboard,1,592.07,0.0,592.07,0.0,592.07,376.19,376.19,215.88,Credit Card
103773,2024-02-16,CUST2211,Individual, Central  ,Raipur,Retail Store,Electronics,Webcam HD,1,5575.3,0.0,5575.3,0.0,5575.3,3328.13,3328.13,2247.17,Net Banking
101716,25/05/2025,CUST2517,Small Business,South,Chennai,Online,Electronics,Power Bank,8,2116.61,0.0,16932.88,0.0,16932.88,1402.17,11217.36,5715.52,Net Banking
101731,2024-02-23,CUST2494,Small Business,West,Pune,Online,Apparel,Wool Sweater,2,2830.16,0.05,5660.32,283.02,5377.3,1617.91,3235.82,2141.48,Debit Card
105302,2024-06-28,CUST1695,Small Business,Central,Raipur,Retail Store,Groceries,Olive Oil,3,877.46,0.2,2632.38,526.48,2105.9,594.24,1782.72,323.18,Credit Card
100326,2024-02-13,CUST3640,Individual,Central,Bhopal,Online,Stationery,Whiteboard,1,550.93,0.0,550.93,0.0,550.93,309.6,309.6,241.33,Credit Card
104461,2025-01-03,CUST1323,Individual,North,Lucknow,Retail Store,Stationery,Desk Organizer,3,367.01,0.1,1101.03,110.1,990.93,228.58,685.74,305.19,Cash on Delivery
105285,26-Jun-2024,CUST3429,Small Business,Central,Nagpur,Online,Electronics,Webcam HD,1,4214.09,0.1,4214.09,421.41,3792.68,3125.31,3125.31,667.37,Credit Card
104959,2024-08-27,CUST4619,Individual,South,Bengaluru,Online,Apparel,Running Shoes,5,2338.27,0.0,11691.35,0.0,11691.35,1430.82,7154.1,4537.25,Credit Card
104870,2024-06-25,CUST1621,Individual,North,Chandigarh,Online,Apparel,Running Shoes,3,2361.45,0.05,7084.35,354.22,6730.13,1706.83,5120.49,1609.64,Net Banking
105545,2024-10-13,CUST3994,Individual,North,Chandigarh,Online,Stationery,Whiteboard,2,175.02,0.05,350.04,17.5,332.54,113.25,226.5,106.04,Net Banking
103257,2024-03-25,CUST1240,Individual,West,Mumbai,Retail Store,Apparel,Denim Jacket,4,2955.92,0.05,11823.68,591.18,11232.5,1748.47,6993.88,4238.62,Net Banking
103637,2025-05-27,CUST4518,Individual,North,Delhi,Online,Apparel,Wool Sweater,2,2707.15,0.0,5414.3,0.0,5414.3,1771.24,3542.48,1871.82,Debit Card
100957,2024-02-27,CUST4096,Individual,North,Lucknow,Retail Store,Stationery,Notebook Set,2,165.36,0.0,330.72,0.0,330.72,101.63,203.26,127.46,UPI
104554,2025-06-22,CUST4474,Individual,South,Hyderabad,Distributor,Apparel,Rain Jacket,2,1552.5,0.05,3105.0,155.25,2949.75,1042.23,2084.46,865.29,Net Banking
103893,2024-10-19,CUST2536,Individual,East,Bhubaneswar,Online,Stationery,Sticky Notes,4,679.4,0.0,2717.6,0.0,2717.6,405.97,1623.88,1093.72,Credit Card
103635,2024-11-23,CUST4592,Enterprise, North  ,Delhi,Online,Groceries,Almond Butter,3,350.81,0.0,1052.43,0.0,1052.43,218.21,654.63,397.8,Cash on Delivery
103528,2025-09-03,CUST3714,Individual,South,Bengaluru,Distributor,Groceries,Organic Coffee,1,555.89,0.15,555.89,83.38,472.51,322.89,322.89,149.62,UPI
102864,2024-06-29,CUST1286,Individual,West,Mumbai,Online,Furniture,Bookshelf,1,13176.06,0.15,13176.06,1976.41,11199.65,7348.25,7348.25,3851.4,UPI
105677,2025-01-07,CUST3867,Individual,East,Patna,Online,Stationery,Desk Organizer,2,692.09,0.15,1384.18,207.63,1176.55,489.56,979.12,197.43,Net Banking
105435,2024-02-08,CUST2717,Individual,Central,Nagpur,Distributor,Stationery,Sticky Notes,4,637.16,0.05,2548.64,127.43,2421.21,463.83,1855.32,565.89,Debit Card
104576,28/08/2024,CUST2382,Enterprise,East,Kolkata,Distributor,GROCERIES,Green Tea Pack,2,384.8,0.05,769.6,38.48,731.12,260.6,521.2,209.92,Credit Card
105201,2025-03-24,CUST1002,Individual,South,Bengaluru,Retail Store,Furniture,Filing Cabinet,3,11813.06,0.0,35439.18,0.0,35439.18,8260.55,24781.65,10657.53,Net Banking
100102,2024-05-29,CUST3978,Small Business,East,Patna,Retail Store,Furniture,Office Chair,6,9999.53,0.0,59997.18,0.0,59997.18,6597.3,39583.8,20413.38,UPI
100972,2025-11-11,CUST1435,Individual,East,Patna,Online,Furniture,Standing Desk,3,10539.59,0.15,31618.77,4742.82,26875.95,7381.01,22143.03,4732.92,Net Banking
101702,2024-05-18,CUST4733,Individual,West,Mumbai,Online,Furniture,Standing Desk,5,6921.16,0.0,34605.8,0.0,34605.8,4379.83,21899.15,12706.65,Debit Card
105871,26-Jul-2024,CUST4601,Individual,East,Patna,Online,Apparel,Denim Jacket,2,2158.0,0.0,4316.0,0.0,4316.0,1329.89,2659.78,1656.22,Net Banking
104080,2025-12-13,CUST3826,Enterprise,North,Delhi,Online,Groceries,Granola Bars,8,531.95,0.15,4255.6,638.34,3617.26,375.6,3004.8,612.46,UPI
103836,2025-06-08,CUST2831,Enterprise,East,Bhubaneswar,Online,Electronics,Wireless Mouse,3,4815.93,0.0,14447.79,0.0,14447.79,3184.42,9553.26,4894.53,Credit Card
105012,2024-02-22,CUST1825,Small Business,South,Bengaluru,Online,Furniture,Standing Desk,1,13795.89,0.0,13795.89,0.0,13795.89,9463.09,9463.09,4332.8,UPI
101253,2025-08-15,CUST3512,Small Business,East,Patna,Online,Electronics,Wireless Mouse,4,3027.72,0.1,12110.88,1211.09,10899.79,1846.84,7387.36,3512.43,Credit Card
100074,2025-10-22,CUST1997,Enterprise,West,Pune,Online,Apparel,Cotton T-Shirt,1,951.48,0.0,951.48,0.0,951.48,673.04,673.04,278.44,Credit Card
105478,2024-01-26,CUST1590,,North,,Retail Store,Apparel,Wool Sweater,1,797.16,,797.16,0.0,797.16,479.37,479.37,317.79,
104765,2025-02-19,CUST3518,Enterprise,South,Hyderabad,Retail Store,Apparel,Cotton T-Shirt,1,1181.25,0.0,1181.25,0.0,1181.25,822.65,822.65,358.6,Cash on Delivery
104808,2024-11-22,CUST3077,Individual,West,Ahmedabad,Distributor,Furniture,Standing Desk,1,6449.42,0.05,6449.42,322.47,6126.95,4538.11,4538.11,1588.84,Cash on Delivery
104483,2025-05-17,CUST4399,Individual,North,Lucknow,Retail Store,Apparel,Wool Sweater,3,2182.73,0.15,6548.19,982.23,5565.96,1604.16,4812.48,753.48,Debit Card
101167,2024-05-06,CUST1091,Individual,South,Chennai,Online,APPAREL,Rain Jacket,6,1552.1,0.05,9312.6,465.63,8846.97,1121.23,6727.38,2119.59,Cash on Delivery
103154,2025-01-18,CUST4186,Individual,South,Bengaluru,Online,Groceries,Granola Bars,1,727.6,0.0,727.6,0.0,727.6,489.31,489.31,238.29,Net Banking
103598,2025-08-30,CUST3749,Individual,West,Pune,Online,Stationery,Whiteboard,1,180.17,0.0,180.17,0.0,180.17,101.23,101.23,78.94,Debit Card
103059,17-Sep-2024,CUST3535,Individual,Central,Bhopal,Distributor,Stationery,Gel Pens Pack,1,472.45,0.05,472.45,23.62,448.83,309.42,309.42,139.41,Debit Card
101060,2025-11-15,CUST2970,Enterprise,Central,Raipur,Distributor,Stationery,Desk Organizer,6,423.4,0.1,2540.4,254.04,2286.36,261.77,1570.62,715.74,Cash on Delivery
101842,2025-09-04,CUST2133,Enterprise,Central,Raipur,Online,Stationery,Desk Organizer,3,544.3,0.05,1632.9,81.65,1551.25,385.1,1155.3,395.95,Net Banking
104602,2024-02-06,CUST3722,Individual,Central,Nagpur,Distributor,Apparel,Denim Jacket,2,1119.88,0.0,2239.76,0.0,2239.76,802.71,1605.42,634.34,Net Banking
105663,30/01/2025,CUST3504,Individual,South,Chennai,Online,Furniture,Desk Lamp,2,9311.63,0.0,18623.26,0.0,18623.26,6299.08,12598.16,6025.1,Cash on Delivery
103625,2025-12-21,CUST3561,Individual,West,Ahmedabad,Retail Store,Furniture,Bookshelf,3,8093.78,0.0,24281.34,0.0,24281.34,5865.19,17595.57,6685.77,Credit Card
104778,2025-11-16,CUST3748,Individual,Central,Bhopal,Online,Stationery,Whiteboard,1,515.26,0.05,515.26,25.76,489.5,358.55,358.55,130.95,Credit Card
103871,2025-10-06,CUST1276,Small Business,South,Bengaluru,Online,ELECTRONICS,Laptop Stand,4,3721.33,0.2,14885.32,2977.06,11908.26,2335.14,9340.56,2567.7,Cash on Delivery
102499,2025-10-30,CUST1682,Individual,East,Patna,Distributor,Apparel,Denim Jacket,3,1897.25,0.05,5691.75,284.59,5407.16,1286.92,3860.76,1546.4,Credit Card
101756,2024-08-20,CUST4217,Individual,Central,Bhopal,Retail Store,Furniture,Filing Cabinet,3,2544.02,0.0,7632.06,0.0,7632.06,1812.56,5437.68,2194.38,Debit Card
101180,2025-01-26,CUST4960,Individual,South,Chennai,Online,Electronics,Bluetooth Speaker,4,3769.29,0.0,15077.16,0.0,15077.16,2628.68,10514.72,4562.44,Credit Card
101176,2024-05-21,CUST3410,Individual,North,Delhi,Distributor,Groceries,Organic Coffee,2,168.7,0.0,337.4,0.0,337.4,94.49,188.98,148.42,Cash on Delivery
103497,2024-06-09,CUST1137,Small Business,West,Ahmedabad,Online,Electronics,Laptop Stand,2,2012.1,0.0,4024.2,0.0,4024.2,1447.46,2894.92,1129.28,UPI
100081,2024-05-13,CUST2440,Individual,Central,Raipur,Retail Store,Stationery,Notebook Set,1,111.9,0.0,111.9,0.0,111.9,74.98,74.98,36.92,Credit Card
105711,2024-06-09,CUST2476,Individual,Central,Raipur,Online,Furniture,Desk Lamp,5,14981.28,0.1,74906.4,7490.64,67415.76,9924.41,49622.05,17793.71,Cash on Delivery
103748,11-11-2024,CUST2498,Individual,East,Kolkata,Online,Stationery,Whiteboard,4,119.87,0.1,479.48,47.95,431.53,68.03,272.12,159.41,Net Banking
105573,2025-09-12,CUST1813,Small Business,South,Chennai,Online,Stationery,Whiteboard,4,159.17,0.05,636.68,31.83,604.85,107.72,430.88,173.97,UPI
101280,2025-01-09,CUST2644,Individual,West,Mumbai,Online,Stationery,Whiteboard,1,246.51,0.0,246.51,0.0,246.51,174.83,174.83,71.68,Net Banking
101078,2025-06-03,CUST2659,Small Business,North,Delhi,Retail Store,Groceries,Olive Oil,1,216.52,0.0,216.52,0.0,216.52,142.04,142.04,74.48,Credit Card
102811,2024-02-11,CUST2437,Small Business,North,Chandigarh,Retail Store,Apparel,Cotton T-Shirt,2,1773.9,0.1,3547.8,354.78,3193.02,1262.92,2525.84,667.18,Net Banking
103203,04-22-2024,CUST1383,Individual,Central,Bhopal,Online,Apparel,Rain Jacket,3,2858.26,0.2,8574.78,1714.96,6859.82,2118.35,6355.05,504.77,Debit Card
100730,2024-01-31,CUST2777,Enterprise,North,Lucknow,Online,Furniture,Bookshelf,1,4596.55,0.0,4596.55,0.0,4596.55,3210.37,3210.37,1386.18,UPI
101116,2024-11-21,CUST4937,Individual,West,Ahmedabad,Retail Store,Furniture,Filing Cabinet,4,7817.36,0.1,31269.44,3126.94,28142.5,4376.45,17505.8,10636.7,Net Banking
105347,2024-07-16,CUST4507,Individual,South,Chennai,Online,Groceries,Olive Oil,2,361.38,0.0,722.76,0.0,722.76,199.84,399.68,323.08,Debit Card
103606,2025-11-19,CUST1418,Individual,West,Ahmedabad,Retail Store,Furniture,Desk Lamp,9,14941.88,0.1,134476.92,13447.69,121029.23,10153.06,91377.54,29651.69,UPI
104244,2025-04-19,CUST2893,Individual,South,Chennai,Retail Store,Stationery,Notebook Set,5,217.45,0.1,1087.25,108.73,978.52,132.3,661.5,317.02,Net Banking
104266,2025-11-19,CUST2011,Individual,West,Mumbai,Online,Stationery,Sticky Notes,4,544.14,0.15,2176.56,326.48,1850.08,355.77,1423.08,427.0,Cash on Delivery
104286,2024-10-03,CUST1522,Individual,South,Chennai,Online,Stationery,Whiteboard,5,400.24,0.15,2001.2,300.18,1701.02,276.62,1383.1,317.92,Cash on Delivery
103369,2025-03-12,CUST1656,Individual,North,Delhi,Online,Furniture,Standing Desk,4,12863.9,0.05,51455.6,2572.78,48882.82,7810.12,31240.48,17642.34,Credit Card
105374,2024-01-29,CUST2875,Individual,North,Chandigarh,Online,Furniture,Desk Lamp,2,11978.1,0.0,23956.2,0.0,23956.2,7449.68,14899.36,9056.84,Debit Card
101701,02/03/2024,CUST2007,Individual,South,Bengaluru,Retail Store,Furniture,Standing Desk,1,14055.69,0.05,14055.69,702.78,13352.91,8305.5,8305.5,5047.41,Cash on Delivery
105747,2025-12-13,CUST3405,Small Business,Central,Raipur,Retail Store,Electronics,Wireless Mouse,4,3052.65,0.0,12210.6,0.0,12210.6,2043.57,8174.28,4036.32,UPI
103002,19/04/2024,CUST4411,Small Business,Central,Raipur,Distributor,Apparel,Denim Jacket,7,2840.96,0.2,19886.72,3977.34,15909.38,1795.15,12566.05,3343.33,Net Banking
102659,2025-03-19,CUST3207,Individual,East,Patna,Retail Store,Stationery,Whiteboard,4,506.77,0.0,2027.08,0.0,2027.08,303.05,1212.2,814.88,UPI
103814,2025-12-01,CUST1593,Enterprise,West,Pune,Retail Store,Furniture,Bookshelf,3,11451.9,0.0,34355.7,0.0,34355.7,7576.61,22729.83,11625.87,Credit Card
101353,2025-02-16,CUST1924,Individual,West,Mumbai,Online,Furniture,Filing Cabinet,1,2010.67,0.0,2010.67,0.0,2010.67,1186.75,1186.75,823.92,Debit Card
104524,2025-01-09,CUST3030,Individual,North,Chandigarh,Online,Stationery,Sticky Notes,1,200.01,0.0,200.01,0.0,200.01,124.53,124.53,75.48,Debit Card
102776,2024-08-31,CUST4246,Individual, West  ,Pune,Online,Apparel,Wool Sweater,1,2806.12,0.2,2806.12,561.22,2244.9,1695.09,1695.09,549.81,Cash on Delivery
102450,2024-11-18,CUST2332,Individual,East,Kolkata,Online,Groceries,Organic Coffee,8,844.6,0.15,6756.8,1013.52,5743.28,586.43,4691.44,1051.84,Credit Card
104087,2025-06-19,CUST2558,Small Business,Central,Nagpur,Online,Electronics,Laptop Stand,6,4230.75,0.0,25384.5,0.0,25384.5,2966.75,17800.5,7584.0,Debit Card
104150,2024-04-15,CUST3761,Individual,North,Lucknow,Retail Store,Groceries,Organic Coffee,3,739.51,0.1,2218.53,221.85,1996.68,470.82,1412.46,584.22,Net Banking
104172,2025-10-22,CUST3058,Individual,South,Hyderabad,Online,Electronics,Wireless Mouse,1,862.12,0.05,862.12,43.11,819.01,588.62,588.62,230.39,Credit Card
105022,2025-03-08,CUST1496,Individual,South,Hyderabad,Online,Apparel,Cotton T-Shirt,5,907.22,0.0,4536.1,0.0,4536.1,607.67,3038.35,1497.75,UPI
103366,2025-04-22,CUST3169,Individual,South,Bengaluru,Online,Electronics,Bluetooth Speaker,5,3999.78,0.1,19998.9,1999.89,17999.01,2950.4,14752.0,3247.01,Cash on Delivery
104353,17-Aug-2024,CUST4961,Individual,Central,Nagpur,Online,Electronics,Webcam HD,4,1555.39,0.1,6221.56,622.16,5599.4,1118.19,4472.76,1126.64,Net Banking
105726,2024-04-14,CUST3884,Small Business,North,Delhi,Retail Store,Stationery,Notebook Set,1,520.22,0.0,520.22,0.0,520.22,332.21,332.21,188.01,UPI
104712,2025-05-27,CUST2195,Individual,South,Bengaluru,Online,Furniture,Filing Cabinet,2,8822.01,0.15,17644.02,2646.6,14997.42,5530.67,11061.34,3936.08,Debit Card
101678,2025-11-06,CUST3482,Individual,South,Bengaluru,Retail Store,Furniture,Standing Desk,8,2171.22,0.0,17369.76,0.0,17369.76,1349.59,10796.72,6573.04,UPI
100652,2024-05-10,CUST3250,Small Business,East,Patna,Online,Furniture,Filing Cabinet,5,12315.52,0.0,61577.6,0.0,61577.6,7717.36,38586.8,22990.8,Cash on Delivery
102482,12-Dec-2024,CUST3161,Individual, East  ,Bhubaneswar,Online,Furniture,Office Chair,8,12130.98,0.2,97047.84,19409.57,77638.27,7447.76,59582.08,18056.19,UPI
101821,2024-07-28,CUST4545,Small Business, Central  ,Nagpur,Online,Apparel,Cotton T-Shirt,2,2970.61,0.05,5941.22,297.06,5644.16,2134.99,4269.98,1374.18,Debit Card
105321,2024-05-10,CUST3877,Small Business,West,Mumbai,Retail Store,Stationery,Gel Pens Pack,1,132.48,0.15,132.48,19.87,112.61,89.43,89.43,23.18,UPI
105327,18-Jul-2024,CUST1759,Individual,East,Kolkata,Online,Electronics,Bluetooth Speaker,3,3315.04,0.0,9945.12,0.0,9945.12,2225.35,6676.05,3269.07,Debit Card
100214,30-Jun-2024,CUST2378,Small Business,North,Delhi,Retail Store,Apparel,Cotton T-Shirt,5,2897.45,0.05,14487.25,724.36,13762.89,1933.19,9665.95,4096.94,UPI
103648,17/02/2025,CUST1117,Individual,Central,Bhopal,Online,Furniture,Office Chair,2,14377.73,0.0,28755.46,0.0,28755.46,10479.29,20958.58,7796.88,Net Banking
100604,2024-02-25,CUST1417,Individual,South,Hyderabad,Online,Apparel,Wool Sweater,5,2345.79,0.15,11728.95,1759.34,9969.61,1691.85,8459.25,1510.36,Cash on Delivery
104926,2024-07-27,CUST1118,Small Business,North,Delhi,Distributor,Furniture,Standing Desk,3,10404.72,0.05,31214.16,1560.71,29653.45,5725.64,17176.92,12476.53,UPI
102991,2025-09-10,CUST3276,Small Business,West,Ahmedabad,Distributor,Groceries,Almond Butter,4,256.64,0.2,1026.56,205.31,821.25,190.93,763.72,57.53,Debit Card
104984,2024-08-31,CUST3532,Individual, Central  ,Nagpur,Distributor,Apparel,Denim Jacket,2,820.24,0.05,1640.48,82.02,1558.46,566.34,1132.68,425.78,Net Banking
100369,2025-04-30,CUST3314,,South,,Online,ELECTRONICS,Power Bank,1,3592.23,,3592.23,718.45,2873.78,2350.09,2350.09,523.69,
100471,2025-11-18,CUST4759,Enterprise,Central,Nagpur,Online,Furniture,Bookshelf,6,8953.84,0.05,53723.04,2686.15,51036.89,6585.56,39513.36,11523.53,Net Banking
105763,2024-08-18,CUST2086,Individual,North,Delhi,Retail Store,Groceries,Olive Oil,6,877.83,0.2,5266.98,1053.4,4213.58,630.12,3780.72,432.86,Credit Card
101011,2025-04-05,CUST2703,Enterprise,East,Patna,Online,Stationery,Gel Pens Pack,2,310.37,0.0,620.74,0.0,620.74,199.46,398.92,221.82,Credit Card
103087,2025-06-29,CUST2861,Small Business,North,Lucknow,Online,Electronics,Power Bank,3,4790.46,0.1,14371.38,1437.14,12934.24,3238.15,9714.45,3219.79,Credit Card
100222,2025-07-16,CUST2939,Individual,North,Chandigarh,Online,Groceries,Green Tea Pack,5,169.3,0.0,846.5,0.0,846.5,126.2,631.0,215.5,Credit Card
100563,2024-06-11,CUST3331,Individual,East,Bhubaneswar,Online,Stationery,Desk Organizer,1,580.69,0.1,580.69,58.07,522.62,357.58,357.58,165.04,Cash on Delivery
101437,2025-10-02,CUST3782,Individual,West,Mumbai,Online,Furniture,Bookshelf,4,8385.2,0.2,33540.8,6708.16,26832.64,4782.17,19128.68,7703.96,Net Banking
103729,2024-03-01,CUST2455,Enterprise,East,Bhubaneswar,Retail Store,Furniture,Office Chair,2,11446.33,0.1,22892.66,2289.27,20603.39,6665.58,13331.16,7272.23,Net Banking
105496,2025-05-10,CUST1466,Individual,East,Kolkata,Distributor,Furniture,Filing Cabinet,2,8046.44,0.0,16092.88,0.0,16092.88,5802.14,11604.28,4488.6,Debit Card
103062,2024-07-21,CUST4558,Individual,South,Chennai,Online,Furniture,Standing Desk,3,3217.83,0.05,9653.49,482.67,9170.82,1823.85,5471.55,3699.27,Debit Card
102985,2024-01-01,CUST3119,Individual,North,Lucknow,Retail Store,Groceries,Almond Butter,4,572.6,0.05,2290.4,114.52,2175.88,340.73,1362.92,812.96,Net Banking
104443,2024-08-26,CUST1681,,Central,,Online,Apparel,Wool Sweater,3,969.19,,2907.57,436.14,2471.43,664.15,1992.45,478.98,
104640,2025-02-21,CUST3871,Individual,West,Ahmedabad,Retail Store,Electronics,Bluetooth Speaker,1,1353.22,0.05,1353.22,67.66,1285.56,771.67,771.67,513.89,UPI
104898,2024-02-13,CUST1992,Individual,West,Mumbai,Online,Stationery,Whiteboard,2,320.51,0.05,641.02,32.05,608.97,239.91,479.82,129.15,Cash on Delivery
104864,09-20-2025,CUST1553,Individual,East,Kolkata,Distributor,Groceries,Olive Oil,3,171.64,0.0,514.92,0.0,514.92,127.48,382.44,132.48,Net Banking
102689,2024-07-05,CUST1888,Individual,West,Ahmedabad,Retail Store,Stationery,Desk Organizer,1,110.77,0.0,110.77,0.0,110.77,73.64,73.64,37.13,Credit Card
102874,25/01/2024,CUST4449,Individual,Central,Bhopal,Online,Groceries,Green Tea Pack,4,670.1,0.0,2680.4,0.0,2680.4,378.33,1513.32,1167.08,Credit Card
104949,10-13-2024,CUST4922,Individual, North  ,Lucknow,Online,Apparel,Rain Jacket,1,612.72,0.2,612.72,122.54,490.18,441.75,441.75,48.43,Credit Card
101491,2024-09-17,CUST4607,Individual,North,Lucknow,Online,Apparel,Rain Jacket,6,1521.7,0.0,9130.2,0.0,9130.2,1129.6,6777.6,2352.6,Credit Card
104996,2025-09-14,CUST4576,Individual,South,Chennai,Online,Groceries,Organic Coffee,1,392.41,0.15,392.41,58.86,333.55,219.31,219.31,114.24,Net Banking
100841,2024-04-03,CUST1299,Individual,South,Hyderabad,Online,Furniture,Office Chair,1,9556.52,0.0,9556.52,0.0,9556.52,6766.05,6766.05,2790.47,UPI
104000,2024-11-03,CUST3289,Enterprise,North,Chandigarh,Retail Store,STATIONERY,Sticky Notes,9,93.55,0.1,841.95,84.2,757.75,66.96,602.64,155.11,Credit Card
104739,2025-07-24,CUST1418,Small Business,Central,Raipur,Retail Store,Stationery,Desk Organizer,6,356.26,0.0,2137.56,0.0,2137.56,255.72,1534.32,603.24,Cash on Delivery
105940,2025-01-06,CUST3101,Enterprise,West,Ahmedabad,Distributor,Stationery,Gel Pens Pack,2,265.57,0.0,531.14,0.0,531.14,149.85,299.7,231.44,Debit Card
100101,2024-04-03,CUST2373,Individual,East,Kolkata,Online,Furniture,Filing Cabinet,2,14928.83,0.2,29857.66,5971.53,23886.13,10344.8,20689.6,3196.53,Cash on Delivery
105217,2025-02-27,CUST3448,Small Business,East,Patna,Online,Furniture,Bookshelf,1,2433.18,0.15,2433.18,364.98,2068.2,1509.14,1509.14,559.06,Credit Card
101522,2024-01-03,CUST4569,Individual,Central,Raipur,Online,Apparel,Running Shoes,2,1122.63,0.15,2245.26,336.79,1908.47,650.38,1300.76,607.71,Net Banking
100876,2025-02-14,CUST3511,Individual, Central  ,Nagpur,Distributor,Apparel,Wool Sweater,6,594.66,0.0,3567.96,0.0,3567.96,436.84,2621.04,946.92,Cash on Delivery
104788,2024-06-13,CUST4106,Individual,North,Lucknow,Online,Furniture,Desk Lamp,1,14556.44,0.1,14556.44,1455.64,13100.8,10650.62,10650.62,2450.18,UPI
105793,2025-08-13,CUST4505,Individual, West  ,Pune,Retail Store,Furniture,Standing Desk,5,4646.03,0.0,23230.15,0.0,23230.15,2757.79,13788.95,9441.2,UPI
102837,2025-01-29,CUST4625,Enterprise,Central,Nagpur,Online,Groceries,Olive Oil,3,690.76,0.2,2072.28,414.46,1657.82,473.3,1419.9,237.92,Debit Card
105671,2024-01-14,CUST3555,Individual,South,Bengaluru,Online,Stationery,Sticky Notes,5,335.61,0.0,1678.05,0.0,1678.05,247.84,1239.2,438.85,UPI
102841,2025-06-06,CUST3525,Small Business,East,Bhubaneswar,Online,Stationery,Desk Organizer,5,388.68,0.1,1943.4,194.34,1749.06,243.59,1217.95,531.11,UPI
100068,2024-07-13,CUST1822,Individual,South,Hyderabad,Online,Stationery,Sticky Notes,3,262.97,0.15,788.91,118.34,670.57,166.49,499.47,171.1,Credit Card
102336,2025-04-28,CUST2381,Enterprise,North,Chandigarh,Online,Electronics,Power Bank,1,3532.55,0.0,3532.55,0.0,3532.55,2219.28,2219.28,1313.27,UPI
103595,2025-03-19,CUST3148,Individual,North,Lucknow,Retail Store,Stationery,Desk Organizer,2,434.29,0.1,868.58,86.86,781.72,257.74,515.48,266.24,Credit Card
105318,2025-01-14,CUST2025,Individual,South,Bengaluru,Retail Store,Apparel,Denim Jacket,1,2372.25,0.0,2372.25,0.0,2372.25,1749.44,1749.44,622.81,Cash on Delivery
104317,2025-06-28,CUST4681,Individual,East,Patna,Retail Store,Apparel,Wool Sweater,11,2416.06,0.15,26576.66,3986.5,22590.16,1469.54,16164.94,6425.22,Net Banking
100373,2025-06-20,CUST1180,Small Business,South,Bengaluru,Retail Store,Apparel,Running Shoes,8,1594.36,0.0,12754.88,0.0,12754.88,976.06,7808.48,4946.4,Debit Card
101864,2025-01-02,CUST3984,Small Business,East,Patna,Distributor,Apparel,Wool Sweater,1,2266.84,0.15,2266.84,340.03,1926.81,1474.66,1474.66,452.15,Cash on Delivery
105035,2025-02-26,CUST2504,Enterprise,North,Chandigarh,Online,STATIONERY,Sticky Notes,4,649.56,0.0,2598.24,0.0,2598.24,357.43,1429.72,1168.52,Net Banking
105740,2025-06-10,CUST4283,Small Business,West,Ahmedabad,Online,Groceries,Organic Coffee,1,769.5,0.0,769.5,0.0,769.5,510.65,510.65,258.85,Net Banking
101498,2024-02-23,CUST2006,Small Business, West  ,Mumbai,Online,Stationery,Sticky Notes,3,537.14,0.0,1611.42,0.0,1611.42,357.19,1071.57,539.85,Cash on Delivery
100494,2025-11-17,CUST1477,Individual,East,Patna,Distributor,Groceries,Granola Bars,1,655.06,0.0,655.06,0.0,655.06,361.05,361.05,294.01,UPI
102698,2024-12-04,CUST4544,Individual,South,Chennai,Retail Store,Furniture,Standing Desk,9,14662.87,0.0,131965.83,0.0,131965.83,8522.7,76704.3,55261.53,Cash on Delivery
100906,2024-07-21,CUST3801,Individual,West,Pune,Online,Apparel,Wool Sweater,5,1985.12,0.2,9925.6,1985.12,7940.48,1205.84,6029.2,1911.28,Cash on Delivery
104482,2025-07-01,CUST3909,Individual,West,Mumbai,Online,Furniture,Filing Cabinet,3,12612.75,0.1,37838.25,3783.83,34054.42,8670.75,26012.25,8042.17,Cash on Delivery
105164,2025-12-28,CUST3347,Individual,East,Kolkata,Online,Electronics,USB-C Hub,11,1321.62,0.05,14537.82,726.89,13810.93,911.98,10031.78,3779.15,Credit Card
104251,2024-01-14,CUST4127,Individual,Central,Raipur,Online,Electronics,USB-C Hub,1,1074.45,0.05,1074.45,53.72,1020.73,669.54,669.54,351.19,Debit Card
104236,2024-11-02,CUST4931,Individual,East,Bhubaneswar,Distributor,GROCERIES,Olive Oil,11,273.81,0.0,3011.91,0.0,3011.91,172.91,1902.01,1109.9,UPI
104810,19/12/2025,CUST4388,Individual,Central,Nagpur,Retail Store,Electronics,Webcam HD,3,1848.46,0.05,5545.38,277.27,5268.11,1320.81,3962.43,1305.68,Cash on Delivery
101282,2024-03-06,CUST2254,Individual,East,Kolkata,Online,Groceries,Green Tea Pack,3,399.03,0.1,1197.09,119.71,1077.38,292.65,877.95,199.43,Net Banking
105706,2024-01-19,CUST2066,Small Business,East,Patna,Online,Apparel,Denim Jacket,2,1279.52,0.1,2559.04,255.9,2303.14,863.29,1726.58,576.56,Net Banking
100913,2025-02-11,CUST3122,Individual,East,Patna,Distributor,Apparel,Rain Jacket,1,2698.47,0.05,2698.47,134.92,2563.55,1592.52,1592.52,971.03,Net Banking
103568,2024-09-23,CUST2744,Individual,North,Lucknow,Distributor,Apparel,Running Shoes,3,2891.29,0.0,8673.87,0.0,8673.87,1628.76,4886.28,3787.59,UPI
105806,11-Apr-2025,CUST4567,Individual,South,Hyderabad,Retail Store,Groceries,Green Tea Pack,2,161.7,0.15,323.4,48.51,274.89,114.88,229.76,45.13,Debit Card
102751,2024-01-19,CUST3184,Enterprise,Central,Raipur,Online,Groceries,Green Tea Pack,4,466.99,0.0,1867.96,0.0,1867.96,261.48,1045.92,822.04,Debit Card
100664,2024-12-15,CUST3037,Individual,East,Patna,Online,Groceries,Green Tea Pack,4,897.76,0.0,3591.04,0.0,3591.04,595.56,2382.24,1208.8,Cash on Delivery
105985,2025-07-05,CUST2505,Small Business,North,Chandigarh,Online,Groceries,Organic Coffee,3,772.38,0.05,2317.14,115.86,2201.28,571.32,1713.96,487.32,Cash on Delivery
102078,2025-08-10,CUST3692,Small Business,West,Ahmedabad,Online,Stationery,Whiteboard,3,581.17,0.05,1743.51,87.18,1656.33,354.65,1063.95,592.38,Cash on Delivery
101096,2025-03-12,CUST2312,Individual,South,Bengaluru,Online,Electronics,Wireless Mouse,5,2868.72,0.15,14343.6,2151.54,12192.06,1839.21,9196.05,2996.01,UPI
105771,2024-01-29,CUST3628,Individual,West,Ahmedabad,Retail Store,Apparel,Rain Jacket,3,1627.79,0.0,4883.37,0.0,4883.37,1139.69,3419.07,1464.3,UPI
105647,2025-07-24,CUST2507,Individual,West,Mumbai,Retail Store,Stationery,Sticky Notes,1,555.99,0.0,555.99,0.0,555.99,392.47,392.47,163.52,Net Banking
105120,2025-10-11,CUST3088,Individual,West,Pune,Retail Store,Electronics,Power Bank,1,5418.24,0.15,5418.24,812.74,4605.5,3797.27,3797.27,808.23,Debit Card
101389,2025-08-09,CUST4395,Individual,West,Pune,Retail Store,Furniture,Office Chair,4,7527.93,0.0,30111.72,0.0,30111.72,4275.01,17100.04,13011.68,Net Banking
104377,2024-03-20,CUST4794,Small Business,South,Bengaluru,Online,Electronics,Bluetooth Speaker,1,4718.47,0.15,4718.47,707.77,4010.7,3104.98,3104.98,905.72,UPI
101982,2025-01-21,CUST2565,Small Business,East,Kolkata,Online,Furniture,Standing Desk,2,4157.14,0.0,8314.28,0.0,8314.28,2318.81,4637.62,3676.66,Net Banking
105262,2024-05-22,CUST3302,Individual,Central,Raipur,Retail Store,Stationery,Notebook Set,3,527.21,0.1,1581.63,158.16,1423.47,389.52,1168.56,254.91,UPI
103470,2025-05-14,CUST2437,Individual,South,Chennai,Online,Furniture,Office Chair,5,12487.13,0.0,62435.65,0.0,62435.65,7024.04,35120.2,27315.45,Net Banking
102567,2024-09-03,CUST2718,Individual,Central,Raipur,Online,Electronics,USB-C Hub,1,1636.31,0.05,1636.31,81.82,1554.49,1174.58,1174.58,379.91,Credit Card
100532,2025-04-18,CUST1959,Small Business,West,Mumbai,Online,Apparel,Denim Jacket,3,897.93,0.2,2693.79,538.76,2155.03,622.77,1868.31,286.72,Credit Card
100079,2025-06-27,CUST4389,Small Business,Central,Raipur,Online,Apparel,Wool Sweater,6,2274.18,0.0,13645.08,0.0,13645.08,1439.02,8634.12,5010.96,Credit Card
105889,2024-08-19,CUST1543,Small Business,North,Chandigarh,Retail Store,Furniture,Standing Desk,1,7547.82,0.0,7547.82,0.0,7547.82,5304.95,5304.95,2242.87,Cash on Delivery
102752,2024-08-07,CUST2149,Individual,North,Chandigarh,Retail Store,Groceries,Granola Bars,4,296.97,0.05,1187.88,59.39,1128.49,168.25,673.0,455.49,UPI
101859,2025-11-11,CUST3663,Small Business,North,Chandigarh,Online,Apparel,Denim Jacket,9,617.67,0.15,5559.03,833.85,4725.18,389.39,3504.51,1220.67,Cash on Delivery
101564,2024-03-01,CUST1947,Individual,South,Chennai,Online,Furniture,Office Chair,4,4600.4,0.15,18401.6,2760.24,15641.36,3079.93,12319.72,3321.64,Debit Card
101123,2024-12-09,CUST4968,Individual,North,Lucknow,Online,Stationery,Whiteboard,1,433.78,0.0,433.78,0.0,433.78,287.84,287.84,145.94,Debit Card
101950,2024-11-10,CUST4539,Individual,North,Delhi,Retail Store,Furniture,Desk Lamp,8,5512.74,0.0,44101.92,0.0,44101.92,3551.2,28409.6,15692.32,Debit Card
102909,2024-09-26,CUST2471,Small Business,West,Mumbai,Online,Electronics,Wireless Mouse,4,5361.53,0.15,21446.12,3216.92,18229.2,3483.42,13933.68,4295.52,Net Banking
101052,2025-06-24,CUST1005,Enterprise,South,Chennai,Distributor,Apparel,Running Shoes,3,2625.96,0.15,7877.88,1181.68,6696.2,1762.15,5286.45,1409.75,Cash on Delivery
102828,2024-01-11,CUST4877,Small Business,West,Ahmedabad,Online,Groceries,Green Tea Pack,3,395.24,0.1,1185.72,118.57,1067.15,256.75,770.25,296.9,Debit Card
105862,2024-07-03,CUST3089,Individual,South,Hyderabad,Retail Store,Furniture,Desk Lamp,6,11083.66,0.15,66501.96,9975.29,56526.67,8177.24,49063.44,7463.23,Net Banking
102479,2024-06-16,CUST1415,Individual,North,Delhi,Online,Electronics,Bluetooth Speaker,6,2308.69,0.05,13852.14,692.61,13159.53,1583.59,9501.54,3657.99,Debit Card
105284,2025-03-05,CUST4828,Small Business,North,Chandigarh,Retail Store,Groceries,Green Tea Pack,3,317.42,0.0,952.26,0.0,952.26,204.27,612.81,339.45,Credit Card
102227,2025-07-04,CUST3637,Individual,Central,Nagpur,Retail Store,Furniture,Filing Cabinet,2,4801.42,0.15,9602.84,1440.43,8162.41,3389.08,6778.16,1384.25,UPI
103788,2025-03-21,CUST1029,Enterprise,East,Bhubaneswar,Distributor,Groceries,Almond Butter,1,892.93,0.1,892.93,89.29,803.64,621.85,621.85,181.79,Net Banking
102982,2024-06-09,CUST4934,Enterprise,East,Patna,Online,Electronics,Power Bank,1,837.44,0.0,837.44,0.0,837.44,498.89,498.89,338.55,Debit Card
103049,2024-05-03,CUST2736,Individual,West,Pune,Online,Furniture,Filing Cabinet,4,9856.36,0.2,39425.44,7885.09,31540.35,6365.1,25460.4,6079.95,Debit Card
101748,2024-08-09,CUST1650,Individual,West,Ahmedabad,Online,Groceries,Green Tea Pack,2,629.91,0.05,1259.82,62.99,1196.83,368.11,736.22,460.61,Net Banking
103071,2024-05-10,CUST3294,Individual,East,Patna,Retail Store,STATIONERY,Notebook Set,3,300.05,0.0,900.15,0.0,900.15,222.39,667.17,232.98,Credit Card
102100,2024-01-08,CUST4648,Small Business,Central,Bhopal,Retail Store,Groceries,Green Tea Pack,1,866.97,0.05,866.97,43.35,823.62,518.92,518.92,304.7,Net Banking
103347,2025-12-18,CUST2644,Small Business,South,Bengaluru,Online,Stationery,Sticky Notes,4,621.38,0.2,2485.52,497.1,1988.42,345.88,1383.52,604.9,Debit Card
101931,2024-02-23,CUST4990,Individual,Central,Raipur,Distributor,Furniture,Standing Desk,2,7214.76,0.05,14429.52,721.48,13708.04,4784.83,9569.66,4138.38,Net Banking
101355,2025-12-18,CUST4507,Individual,West,Pune,Online,Electronics,Laptop Stand,1,4071.58,0.1,4071.58,407.16,3664.42,2664.97,2664.97,999.45,Credit Card
105903,2025-10-28,CUST1768,Individual,South,Chennai,Distributor,Electronics,Bluetooth Speaker,3,2174.86,0.05,6524.58,326.23,6198.35,1332.75,3998.25,2200.1,Cash on Delivery
101837,2024-07-13,CUST2913,Individual,East,Kolkata,Distributor,Groceries,Olive Oil,3,348.85,0.2,1046.55,209.31,837.24,225.36,676.08,161.16,UPI
100229,2024-06-25,CUST4348,Individual,South,Hyderabad,Retail Store,Apparel,Wool Sweater,2,1017.71,0.0,2035.42,0.0,2035.42,563.86,1127.72,907.7,Cash on Delivery
102144,02-Apr-2025,CUST4372,Small Business,East,Patna,Retail Store,Furniture,Bookshelf,4,4393.62,0.0,17574.48,0.0,17574.48,2900.49,11601.96,5972.52,Net Banking
103422,2024-03-29,CUST1624,Individual,West,Mumbai,Online,Electronics,Bluetooth Speaker,1,2794.68,0.0,2794.68,0.0,2794.68,1626.54,1626.54,1168.14,Credit Card
104699,2025-02-24,CUST2576,Individual,North,Chandigarh,Retail Store,APPAREL,Rain Jacket,1,2677.74,0.1,2677.74,267.77,2409.97,1995.35,1995.35,414.62,Debit Card
100935,2024-06-30,CUST4955,Small Business,South,Hyderabad,Retail Store,Apparel,Cotton T-Shirt,7,2498.16,0.0,17487.12,0.0,17487.12,1665.15,11656.05,5831.07,Credit Card
100743,2024-08-03,CUST4953,Small Business,South,Bengaluru,Distributor,Electronics,USB-C Hub,6,3159.57,0.05,18957.42,947.87,18009.55,1927.6,11565.6,6443.95,Cash on Delivery
105162,2024-10-18,CUST2066,Individual, West  ,Ahmedabad,Retail Store,Groceries,Organic Coffee,3,558.8,0.1,1676.4,167.64,1508.76,351.2,1053.6,455.16,Credit Card
103716,2024-08-16,CUST2001,Individual,South,Chennai,Online,Stationery,Gel Pens Pack,3,493.93,0.15,1481.79,222.27,1259.52,325.17,975.51,284.01,Debit Card
101403,2025-06-19,CUST4397,Small Business,West,Mumbai,Online,Electronics,Webcam HD,3,2667.55,0.05,8002.65,400.13,7602.52,1706.97,5120.91,2481.61,Cash on Delivery
100869,2025-11-06,CUST4484,Individual,West,Ahmedabad,Retail Store,Apparel,Running Shoes,8,742.44,0.1,5939.52,593.95,5345.57,517.69,4141.52,1204.05,Debit Card
100723,2024-07-07,CUST3239,Individual,East,Bhubaneswar,Retail Store,Furniture,Desk Lamp,5,2281.55,0.1,11407.75,1140.78,10266.97,1593.28,7966.4,2300.57,Debit Card
103039,2024-03-22,CUST4109,Individual,West,Mumbai,Retail Store,Groceries,Olive Oil,1,592.4,0.0,592.4,0.0,592.4,351.05,351.05,241.35,UPI
101490,2025-03-28,CUST3900,Small Business,West,Ahmedabad,Online,Groceries,Granola Bars,5,248.47,0.1,1242.35,124.23,1118.12,163.75,818.75,299.37,Cash on Delivery
101548,2025-09-15,CUST2693,Individual,West,Pune,Online,Electronics,USB-C Hub,1,1469.09,0.15,1469.09,220.36,1248.73,1053.91,1053.91,194.82,Debit Card
101630,2025-10-23,CUST2283,Individual,South,Bengaluru,Retail Store,Stationery,Whiteboard,4,336.6,0.0,1346.4,0.0,1346.4,185.23,740.92,605.48,UPI
104543,2025-11-29,CUST1587,Small Business,West,Mumbai,Online,Apparel,Cotton T-Shirt,6,1740.41,0.15,10442.46,1566.37,8876.09,1304.17,7825.02,1051.07,Debit Card
103827,2025-01-22,CUST2677,Small Business,East,Kolkata,Retail Store,Groceries,Olive Oil,1,316.04,0.0,316.04,0.0,316.04,210.5,210.5,105.54,Credit Card
104358,2024-04-16,CUST4244,Individual,West,Ahmedabad,Online,Stationery,Desk Organizer,3,365.73,0.0,1097.19,0.0,1097.19,262.16,786.48,310.71,UPI
105292,2024-09-18,CUST3731,Individual,Central,Raipur,Retail Store,Furniture,Standing Desk,3,14923.88,0.05,44771.64,2238.58,42533.06,10342.89,31028.67,11504.39,Credit Card
100508,2025-03-29,CUST1236,Individual,Central,Bhopal,Online,Furniture,Office Chair,2,7642.94,0.0,15285.88,0.0,15285.88,5583.18,11166.36,4119.52,Net Banking
104994,2025-01-02,CUST2332,Individual,West,Pune,Online,Groceries,Granola Bars,1,876.2,0.0,876.2,0.0,876.2,610.11,610.11,266.09,UPI
102699,12-10-2025,CUST1205,Individual,Central,Bhopal,Retail Store,Groceries,Green Tea Pack,4,814.55,0.0,3258.2,0.0,3258.2,608.79,2435.16,823.04,Credit Card
101105,2024-08-13,CUST4634,Individual,East,Bhubaneswar,Online,Apparel,Rain Jacket,3,2573.53,0.0,7720.59,0.0,7720.59,1909.57,5728.71,1991.88,Debit Card
105988,2024-02-15,CUST3143,Individual,East,Patna,Retail Store,Electronics,Webcam HD,1,2160.97,0.05,2160.97,108.05,2052.92,1550.39,1550.39,502.53,Debit Card
101707,10-13-2024,CUST3411,Small Business,South,Bengaluru,Online,Apparel,Running Shoes,3,1995.35,0.05,5986.05,299.3,5686.75,1301.49,3904.47,1782.28,Net Banking
100135,2025-02-10,CUST2917,Small Business,East,Kolkata,Online,Groceries,Green Tea Pack,1,630.98,0.0,630.98,0.0,630.98,454.44,454.44,176.54,Debit Card
101339,2025-05-24,CUST2510,Individual,South,Bengaluru,Distributor,Groceries,Almond Butter,2,212.79,0.0,425.58,0.0,425.58,118.22,236.44,189.14,Debit Card
103120,2025-04-23,CUST4664,Individual,South,Bengaluru,Online,Groceries,Olive Oil,3,570.98,0.2,1712.94,342.59,1370.35,402.95,1208.85,161.5,Credit Card
104655,2025-11-28,CUST3692,Individual,West,Ahmedabad,Retail Store,Apparel,Wool Sweater,9,2741.13,0.05,24670.17,1233.51,23436.66,1939.46,17455.14,5981.52,Cash on Delivery
101703,2025-05-24,CUST3312,Individual,East,Kolkata,Retail Store,Electronics,Wireless Mouse,3,950.37,0.1,2851.11,285.11,2566.0,665.7,1997.1,568.9,UPI
101638,08-17-2025,CUST3388,Individual,East,Kolkata,Online,Furniture,Standing Desk,2,9665.39,0.0,19330.78,0.0,19330.78,5875.62,11751.24,7579.54,Debit Card
104844,2025-10-01,CUST2621,Enterprise,Central,Nagpur,Retail Store,Stationery,Sticky Notes,5,314.77,0.15,1573.85,236.08,1337.77,180.06,900.3,437.47,Cash on Delivery
101219,2024-06-07,CUST3985,Small Business,East,Patna,Online,Stationery,Notebook Set,1,224.18,0.2,224.18,44.84,179.34,127.31,127.31,52.03,UPI
103162,2024-06-13,CUST4854,Individual,East,Kolkata,Retail Store,Apparel,Denim Jacket,3,998.66,0.05,2995.98,149.8,2846.18,572.55,1717.65,1128.53,Cash on Delivery
103092,2024-05-24,CUST1216,Individual,South,Chennai,Online,Furniture,Office Chair,6,14764.0,0.1,88584.0,8858.4,79725.6,10384.03,62304.18,17421.42,Credit Card
105590,2025-04-27,CUST2446,Small Business,South,Hyderabad,Online,Apparel,Wool Sweater,2,1735.95,0.1,3471.9,347.19,3124.71,1167.22,2334.44,790.27,Cash on Delivery
104745,2025-09-22,CUST2058,Individual,West,Ahmedabad,Online,Electronics,Bluetooth Speaker,4,2805.68,0.0,11222.72,0.0,11222.72,1821.82,7287.28,3935.44,Cash on Delivery
105279,2025-10-19,CUST1038,Enterprise,East,Bhubaneswar,Retail Store,Electronics,Wireless Mouse,2,2919.4,0.0,5838.8,0.0,5838.8,2103.27,4206.54,1632.26,Debit Card
105640,2025-08-28,CUST1247,Individual,West,Pune,Retail Store,Groceries,Almond Butter,1,869.78,0.2,869.78,173.96,695.82,520.2,520.2,175.62,UPI
102941,2024-05-01,CUST3547,Individual,Central,Raipur,Distributor,Electronics,Laptop Stand,1,3039.86,0.0,3039.86,0.0,3039.86,2017.08,2017.08,1022.78,Cash on Delivery
100741,2024-09-13,CUST3157,Small Business,West,Ahmedabad,Retail Store,Stationery,Gel Pens Pack,3,421.87,0.2,1265.61,253.12,1012.49,287.18,861.54,150.95,Net Banking
100714,2025-06-19,CUST1020,Individual,Central,Raipur,Online,Apparel,Rain Jacket,5,506.48,0.0,2532.4,0.0,2532.4,328.03,1640.15,892.25,Cash on Delivery
103204,2024-05-01,CUST3640,,West,,Online,Groceries,Olive Oil,2,703.36,,1406.72,281.34,1125.38,449.56,899.12,226.26,
100963,2024-10-19,CUST1398,Small Business,Central,Bhopal,Distributor,Furniture,Office Chair,1,14308.23,0.1,14308.23,1430.82,12877.41,10620.16,10620.16,2257.25,Credit Card
100196,2024-02-26,CUST4577,Individual,North,Delhi,Retail Store,Apparel,Denim Jacket,2,2435.77,0.0,4871.54,0.0,4871.54,1704.93,3409.86,1461.68,Credit Card
103009,2024-03-05,CUST3625,Individual, South  ,Bengaluru,Distributor,Furniture,Bookshelf,1,3954.07,0.15,3954.07,593.11,3360.96,2607.56,2607.56,753.4,Cash on Delivery
105517,2025-04-08,CUST1106,Small Business,North,Lucknow,Online,Stationery,Desk Organizer,6,219.56,0.0,1317.36,0.0,1317.36,128.18,769.08,548.28,Net Banking
100954,01-19-2025,CUST3937,Individual,West,Ahmedabad,Online,STATIONERY,Notebook Set,5,432.49,0.1,2162.45,216.25,1946.2,242.7,1213.5,732.7,UPI
101764,2024-02-16,CUST3302,Small Business,South,Hyderabad,Online,Groceries,Olive Oil,1,409.02,0.15,409.02,61.35,347.67,225.35,225.35,122.32,UPI
104865,2025-09-04,CUST4614,Individual,South,Chennai,Online,Furniture,Standing Desk,6,6232.48,0.0,37394.88,0.0,37394.88,4443.96,26663.76,10731.12,Cash on Delivery
102541,2025-04-24,CUST4056,Individual,East,Patna,Retail Store,Electronics,Power Bank,1,2991.11,0.0,2991.11,0.0,2991.11,1896.71,1896.71,1094.4,Cash on Delivery
105221,2025-03-12,CUST1479,Individual,West,Ahmedabad,Online,Stationery,Gel Pens Pack,6,555.26,0.2,3331.56,666.31,2665.25,334.07,2004.42,660.83,Net Banking
104897,2025-03-15,CUST4061,Small Business,South,Hyderabad,Online,Furniture,Standing Desk,7,8638.17,0.0,60467.19,0.0,60467.19,5590.24,39131.68,21335.51,UPI
103374,18-Jan-2025,CUST1189,Individual,East,Bhubaneswar,Online,Stationery,Notebook Set,2,673.61,0.05,1347.22,67.36,1279.86,453.65,907.3,372.56,Net Banking
103506,2025-10-07,CUST2631,Individual,North,Delhi,Online,Stationery,Whiteboard,7,403.34,0.05,2823.38,141.17,2682.21,265.62,1859.34,822.87,Debit Card
104534,2024-11-03,CUST2104,Small Business,East,Bhubaneswar,Online,Electronics,Webcam HD,6,4349.72,0.2,26098.32,5219.66,20878.66,2594.46,15566.76,5311.9,Cash on Delivery
102424,2024-03-09,CUST3810,Small Business,West,Ahmedabad,Online,Apparel,Denim Jacket,3,1971.34,0.0,5914.02,0.0,5914.02,1363.69,4091.07,1822.95,UPI
105553,2024-09-30,CUST3839,Individual,Central,Nagpur,Online,Stationery,Notebook Set,3,550.62,0.0,1651.86,0.0,1651.86,340.23,1020.69,631.17,UPI
101796,2025-12-24,CUST1385,Individual,South,Chennai,Distributor,Stationery,Notebook Set,1,540.55,0.15,540.55,81.08,459.47,313.0,313.0,146.47,Cash on Delivery
104145,2024-03-11,CUST1298,Individual,South,Bengaluru,Online,Stationery,Desk Organizer,2,191.34,0.05,382.68,19.13,363.55,140.82,281.64,81.91,UPI
101330,2025-04-18,CUST1931,Individual,West,Pune,Retail Store,Electronics,Laptop Stand,3,4890.63,0.0,14671.89,0.0,14671.89,3315.67,9947.01,4724.88,Cash on Delivery
104241,2024-01-05,CUST2875,Enterprise,Central,Raipur,Online,Apparel,Wool Sweater,1,2240.76,0.2,2240.76,448.15,1792.61,1680.19,1680.19,112.42,UPI
104226,2025-03-08,CUST2473,Small Business,South,Bengaluru,Online,Furniture,Desk Lamp,1,4639.55,0.1,4639.55,463.96,4175.59,3061.88,3061.88,1113.71,Debit Card
103616,2025-11-16,CUST1167,Enterprise,North,Lucknow,Online,Stationery,Whiteboard,4,537.61,0.0,2150.44,0.0,2150.44,330.47,1321.88,828.56,Credit Card
101546,2024-07-20,CUST3391,Individual,West,Pune,Online,Furniture,Office Chair,6,10622.13,0.1,63732.78,6373.28,57359.5,7423.19,44539.14,12820.36,Cash on Delivery
102821,2024-07-29,CUST2808,Individual,North,Chandigarh,Online,Groceries,Granola Bars,1,467.59,0.1,467.59,46.76,420.83,298.92,298.92,121.91,UPI
104191,2024-03-23,CUST3976,Small Business,North,Lucknow,Online,Stationery,Gel Pens Pack,2,416.48,0.05,832.96,41.65,791.31,244.99,489.98,301.33,Credit Card
101855,2025-10-18,CUST4660,Individual,South,Bengaluru,Distributor,Apparel,Running Shoes,3,1171.76,0.15,3515.28,527.29,2987.99,811.38,2434.14,553.85,Net Banking
100832,2025-09-13,CUST2802,Individual,West,Pune,Retail Store,Stationery,Notebook Set,4,524.31,0.1,2097.24,209.72,1887.52,354.36,1417.44,470.08,Credit Card
102035,2024-06-11,CUST3406,Individual,Central,Raipur,Online,Apparel,Running Shoes,2,860.64,0.05,1721.28,86.06,1635.22,520.92,1041.84,593.38,UPI
100378,05-14-2024,CUST3724,Individual,West,Mumbai,Online,Electronics,Power Bank,5,5726.73,0.0,28633.65,0.0,28633.65,3951.0,19755.0,8878.65,Cash on Delivery
100475,2025-10-26,CUST2545,Individual,West,Pune,Online,Furniture,Desk Lamp,2,12747.99,0.0,25495.98,0.0,25495.98,8014.65,16029.3,9466.68,UPI
104369,2025-05-05,CUST4484,Small Business,North,Delhi,Online,Apparel,Denim Jacket,3,974.29,0.0,2922.87,0.0,2922.87,704.32,2112.96,809.91,Debit Card
102983,2024-07-30,CUST1145,Individual,North,Chandigarh,Retail Store,Apparel,Cotton T-Shirt,1,2592.02,0.0,2592.02,0.0,2592.02,1677.22,1677.22,914.8,Cash on Delivery
103296,2025-06-01,CUST4907,Individual,North,Delhi,Online,Furniture,Standing Desk,3,13758.71,0.0,41276.13,0.0,41276.13,9532.23,28596.69,12679.44,Net Banking
104187,2024-02-25,CUST3414,Individual,Central,Bhopal,Online,Apparel,Cotton T-Shirt,6,1674.98,0.0,10049.88,0.0,10049.88,1217.83,7306.98,2742.9,Credit Card
105429,2025-02-18,CUST1950,Individual,East,Bhubaneswar,Online,Stationery,Gel Pens Pack,3,105.74,0.0,317.22,0.0,317.22,75.97,227.91,89.31,Debit Card
103709,2024-05-09,CUST4675,Enterprise,East,Kolkata,Retail Store,Groceries,Organic Coffee,5,342.87,0.15,1714.35,257.15,1457.2,210.11,1050.55,406.65,Net Banking
103744,2025-11-24,CUST1321,Individual,Central,Nagpur,Online,STATIONERY,Notebook Set,3,524.18,0.0,1572.54,0.0,1572.54,338.24,1014.72,557.82,Credit Card
105597,2025-08-20,CUST1969,Individual,Central,Nagpur,Online,Furniture,Office Chair,4,12367.8,0.0,49471.2,0.0,49471.2,7869.52,31478.08,17993.12,UPI
104497,2024-03-12,CUST4848,Enterprise,South,Chennai,Retail Store,Groceries,Granola Bars,6,889.17,0.15,5335.02,800.25,4534.77,554.68,3328.08,1206.69,UPI
100189,2024-03-13,CUST3172,Individual, North  ,Lucknow,Retail Store,Furniture,Filing Cabinet,4,3782.68,0.15,15130.72,2269.61,12861.11,2188.55,8754.2,4106.91,Credit Card
100080,2025-04-09,CUST2526,,North,,Online,Groceries,Olive Oil,3,773.83,,2321.49,0.0,2321.49,540.84,1622.52,698.97,
100064,2024-01-30,CUST3798,Individual,North,Chandigarh,Online,Electronics,USB-C Hub,1,3562.06,0.2,3562.06,712.41,2849.65,2231.66,2231.66,617.99,Cash on Delivery
102162,2025-10-10,CUST2779,Small Business,North,Delhi,Retail Store,Stationery,Desk Organizer,1,657.04,0.0,657.04,0.0,657.04,379.24,379.24,277.8,Net Banking
103133,2025-09-24,CUST1551,Individual,North,Delhi,Retail Store,Electronics,Power Bank,2,4132.91,0.0,8265.82,0.0,8265.82,3008.24,6016.48,2249.34,Cash on Delivery
104563,04-15-2024,CUST4311,Individual,Central,Nagpur,Online,Electronics,Wireless Mouse,4,5262.23,0.05,21048.92,1052.45,19996.47,3238.41,12953.64,7042.83,Credit Card
102606,2025-05-03,CUST4095,Individual,East,Bhubaneswar,Distributor,Furniture,Standing Desk,2,5101.93,0.0,10203.86,0.0,10203.86,2852.82,5705.64,4498.22,Credit Card
104727,2024-05-22,CUST4891,Small Business,South,Bengaluru,Distributor,Electronics,USB-C Hub,3,1434.46,0.0,4303.38,0.0,4303.38,881.22,2643.66,1659.72,Cash on Delivery
104613,2025-11-05,CUST2473,Small Business,South,Chennai,Online,Furniture,Filing Cabinet,6,14251.03,0.2,85506.18,17101.24,68404.94,8172.26,49033.56,19371.38,Debit Card
100333,2024-03-13,CUST4056,Individual,South,Hyderabad,Online,Apparel,Cotton T-Shirt,3,1046.78,0.15,3140.34,471.05,2669.29,692.58,2077.74,591.55,UPI
104878,2024-09-06,CUST3044,Enterprise,West,Mumbai,Online,Apparel,Wool Sweater,4,2984.39,0.1,11937.56,1193.76,10743.8,2182.05,8728.2,2015.6,UPI
100742,2024-09-30,CUST3264,Small Business,Central,Bhopal,Online,Apparel,Rain Jacket,1,929.24,0.0,929.24,0.0,929.24,567.75,567.75,361.49,Cash on Delivery
100717,2025-07-31,CUST2539,Individual,Central,Bhopal,Retail Store,Groceries,Almond Butter,1,373.0,0.05,373.0,18.65,354.35,245.87,245.87,108.48,UPI
102910,2025-09-05,CUST4442,Individual,East,Bhubaneswar,Distributor,Stationery,Whiteboard,1,569.41,0.1,569.41,56.94,512.47,397.19,397.19,115.28,UPI
104535,2025-02-14,CUST4479,Small Business,North,Chandigarh,Online,Groceries,Organic Coffee,1,204.7,0.05,204.7,10.23,194.47,122.63,122.63,71.84,Cash on Delivery
100329,2025-06-27,CUST2313,Individual,East,Patna,Online,Furniture,Filing Cabinet,2,6927.57,0.2,13855.14,2771.03,11084.11,4669.46,9338.92,1745.19,Cash on Delivery
103093,2024-09-21,CUST2304,Small Business,Central,Raipur,Online,Stationery,Notebook Set,2,268.82,0.0,537.64,0.0,537.64,151.08,302.16,235.48,Cash on Delivery
105335,2025-10-02,CUST4550,Individual,East,Kolkata,Retail Store,Groceries,Almond Butter,2,172.22,0.2,344.44,68.89,275.55,117.08,234.16,41.39,Cash on Delivery
100173,2025-05-09,CUST4808,Individual,North,Chandigarh,Retail Store,Apparel,Wool Sweater,1,699.22,0.15,699.22,104.88,594.34,496.45,496.45,97.89,Cash on Delivery
104449,2025-06-20,CUST3811,Individual,West,Mumbai,Retail Store,Electronics,Webcam HD,2,2851.03,0.0,5702.06,0.0,5702.06,1886.55,3773.1,1928.96,Cash on Delivery
100666,2025-12-28,CUST3538,Small Business,West,Pune,Retail Store,Groceries,Almond Butter,9,179.69,0.05,1617.21,80.86,1536.35,113.53,1021.77,514.58,Cash on Delivery
104692,2025-05-01,CUST2657,Individual,South,Hyderabad,Online,Apparel,Denim Jacket,1,2375.48,0.0,2375.48,0.0,2375.48,1651.47,1651.47,724.01,Cash on Delivery
103132,2024-06-12,CUST1121,Individual,West,Pune,Online,Apparel,Rain Jacket,2,2184.11,0.15,4368.22,655.23,3712.99,1435.66,2871.32,841.67,Cash on Delivery
104085,2024-07-29,CUST2740,Small Business,West,Mumbai,Online,Apparel,Denim Jacket,3,1053.28,0.05,3159.84,157.99,3001.85,692.25,2076.75,925.1,Net Banking
104118,2024-11-19,CUST4937,Individual,East,Patna,Online,Groceries,Green Tea Pack,8,740.94,0.1,5927.52,592.75,5334.77,469.06,3752.48,1582.29,Credit Card
100702,2024-11-15,CUST1672,Enterprise,Central,Bhopal,Distributor,Groceries,Green Tea Pack,4,302.27,0.0,1209.08,0.0,1209.08,183.04,732.16,476.92,UPI
105803,2024-01-15,CUST3479,Individual,South,Chennai,Retail Store,Groceries,Organic Coffee,5,228.64,0.2,1143.2,228.64,914.56,141.59,707.95,206.61,Debit Card
100163,2025-10-11,CUST2671,Enterprise,East,Patna,Online,Furniture,Filing Cabinet,4,11897.5,0.1,47590.0,4759.0,42831.0,7863.63,31454.52,11376.48,Credit Card
103004,2024-07-18,CUST4242,Individual,West,Mumbai,Distributor,Electronics,Laptop Stand,5,1076.03,0.15,5380.15,807.02,4573.13,693.99,3469.95,1103.18,Debit Card
100975,2025-12-15,CUST2439,Individual,East,Patna,Online,Stationery,Sticky Notes,4,384.63,0.0,1538.52,0.0,1538.52,250.01,1000.04,538.48,Net Banking
102789,2024-05-26,CUST4027,Individual,East,Bhubaneswar,Online,Apparel,Cotton T-Shirt,1,2758.15,0.0,2758.15,0.0,2758.15,1897.1,1897.1,861.05,Net Banking
101815,2025-04-23,CUST4366,Enterprise,East,Bhubaneswar,Online,Electronics,USB-C Hub,2,4358.76,0.0,8717.52,0.0,8717.52,2979.12,5958.24,2759.28,Net Banking
102583,2025-03-06,CUST2325,Individual,East,Kolkata,Retail Store,Groceries,Organic Coffee,2,894.37,0.0,1788.74,0.0,1788.74,538.26,1076.52,712.22,Debit Card
102633,2024-04-23,CUST3852,Individual,Central,Raipur,Retail Store,Furniture,Filing Cabinet,2,11636.76,0.0,23273.52,0.0,23273.52,6815.53,13631.06,9642.46,Cash on Delivery
105851,2025-07-08,CUST2328,Enterprise,South,Chennai,Distributor,Stationery,Notebook Set,3,158.29,0.0,474.87,0.0,474.87,93.96,281.88,192.99,UPI
102917,2025-01-22,CUST4850,Individual,South,Bengaluru,Online,Apparel,Cotton T-Shirt,1,469.75,0.15,469.75,70.46,399.29,278.7,278.7,120.59,Net Banking
101884,2024-08-10,CUST2956,Small Business,North,Lucknow,Online,Stationery,Gel Pens Pack,4,241.09,0.1,964.36,96.44,867.92,150.48,601.92,266.0,Net Banking
101767,2024-12-04,CUST2778,,North,,Online,Furniture,Office Chair,1,13296.18,,13296.18,0.0,13296.18,7709.09,7709.09,5587.09,
104608,25-Feb-2025,CUST2752,Small Business,South,Chennai,Online,Electronics,Laptop Stand,4,5248.27,0.15,20993.08,3148.96,17844.12,3547.62,14190.48,3653.64,UPI
104729,2025-04-20,CUST3915,Small Business,South,Bengaluru,Retail Store,Electronics,Webcam HD,7,3494.76,0.15,24463.32,3669.5,20793.82,2509.07,17563.49,3230.33,Cash on Delivery
103480,2024-12-11,CUST1821,Small Business,West,Pune,Online,Groceries,Olive Oil,8,800.86,0.0,6406.88,0.0,6406.88,504.76,4038.08,2368.8,Net Banking
101486,2024-07-05,CUST2525,Individual,North,Lucknow,Online,Stationery,Sticky Notes,5,127.13,0.0,635.65,0.0,635.65,72.46,362.3,273.35,Cash on Delivery
102255,2024-10-31,CUST4287,Individual,South,Bengaluru,Online,Electronics,Power Bank,2,2539.22,0.2,5078.44,1015.69,4062.75,1419.36,2838.72,1224.03,Debit Card
101024,2024-02-22,CUST1159,Small Business,South,Bengaluru,Online,Electronics,Laptop Stand,3,5574.03,0.0,16722.09,0.0,16722.09,3433.76,10301.28,6420.81,Net Banking
100244,2024-10-24,CUST1918,Individual,Central,Raipur,Online,Groceries,Granola Bars,3,861.06,0.05,2583.18,129.16,2454.02,476.88,1430.64,1023.38,UPI
105739,2024-05-24,CUST1488,Individual,North,Lucknow,Online,Apparel,Wool Sweater,2,2906.38,0.0,5812.76,0.0,5812.76,2076.55,4153.1,1659.66,UPI
102465,2025-08-02,CUST1678,Individual,South,Chennai,Online,Furniture,Standing Desk,2,5954.21,0.15,11908.42,1786.26,10122.16,3996.15,7992.3,2129.86,UPI
101247,2024-01-10,CUST1341,Individual,Central,Nagpur,Distributor,Stationery,Notebook Set,5,452.05,0.0,2260.25,0.0,2260.25,257.64,1288.2,972.05,Net Banking
103602,2024-04-13,CUST3352,Small Business,Central,Nagpur,Online,FURNITURE,Bookshelf,4,11835.72,0.0,47342.88,0.0,47342.88,6622.68,26490.72,20852.16,UPI
102435,2025-04-08,CUST1832,Small Business,South,Hyderabad,Online,Stationery,Desk Organizer,2,347.86,0.0,695.72,0.0,695.72,237.04,474.08,221.64,Credit Card
101284,2024-10-09,CUST1800,Individual,East,Bhubaneswar,Retail Store,Furniture,Standing Desk,1,14130.63,0.15,14130.63,2119.59,12011.04,9310.56,9310.56,2700.48,Credit Card
105379,2025-04-08,CUST3064,Small Business, South  ,Bengaluru,Online,Electronics,USB-C Hub,4,4413.88,0.2,17655.52,3531.1,14124.42,2641.52,10566.08,3558.34,Net Banking
103274,2024-06-05,CUST4921,Individual,West,Mumbai,Online,APPAREL,Wool Sweater,1,718.01,0.1,718.01,71.8,646.21,406.33,406.33,239.88,Debit Card
103842,2025-01-15,CUST1359,Individual,North,Chandigarh,Online,Furniture,Bookshelf,1,4131.2,0.0,4131.2,0.0,4131.2,2415.34,2415.34,1715.86,Debit Card
102537,2025-01-19,CUST4266,Individual,Central,Raipur,Retail Store,Groceries,Organic Coffee,2,707.18,0.15,1414.36,212.15,1202.21,392.89,785.78,416.43,Cash on Delivery
105440,19/04/2024,CUST1185,Small Business,North,Delhi,Distributor,Apparel,Denim Jacket,2,1233.24,0.0,2466.48,0.0,2466.48,758.22,1516.44,950.04,Net Banking
105959,2025-09-19,CUST4017,Individual,South,Bengaluru,Retail Store,Groceries,Olive Oil,2,818.92,0.2,1637.84,327.57,1310.27,508.56,1017.12,293.15,Credit Card
104022,2024-05-28,CUST1924,Individual,Central,Bhopal,Distributor,Stationery,Desk Organizer,4,411.94,0.2,1647.76,329.55,1318.21,228.94,915.76,402.45,Credit Card
102786,2024-07-08,CUST3822,Small Business,West,Pune,Online,Apparel,Wool Sweater,7,2613.41,0.0,18293.87,0.0,18293.87,1659.32,11615.24,6678.63,Credit Card
100789,2025-08-29,CUST1001,Individual,Central,Raipur,Distributor,Stationery,Sticky Notes,1,170.82,0.0,170.82,0.0,170.82,110.19,110.19,60.63,UPI
104914,2025-06-04,CUST2847,Individual,West,Mumbai,Distributor,Groceries,Organic Coffee,2,423.61,0.0,847.22,0.0,847.22,296.5,593.0,254.22,Credit Card
102668,2025-07-01,CUST2010,Small Business,Central,Nagpur,Online,Groceries,Granola Bars,1,666.05,0.1,666.05,66.61,599.44,469.15,469.15,130.29,Credit Card
100816,2024-01-18,CUST3021,Individual,East,Bhubaneswar,Online,Groceries,Almond Butter,1,213.04,0.15,213.04,31.96,181.08,123.34,123.34,57.74,Credit Card
100020,2025-07-04,CUST1032,Small Business,East,Kolkata,Distributor,Furniture,Desk Lamp,2,4050.71,0.2,8101.42,1620.28,6481.14,2757.7,5515.4,965.74,Credit Card
100747,2024-10-14,CUST2257,Individual,South,Hyderabad,Online,Apparel,Cotton T-Shirt,5,2114.0,0.1,10570.0,1057.0,9513.0,1167.92,5839.6,3673.4,Debit Card
105212,2025-06-06,CUST3136,Individual,South,Chennai,Retail Store,Groceries,Granola Bars,3,348.46,0.05,1045.38,52.27,993.11,192.8,578.4,414.71,Net Banking
104989,2025-04-16,CUST1535,Small Business,North,Lucknow,Online,Stationery,Sticky Notes,2,298.91,0.0,597.82,0.0,597.82,168.64,337.28,260.54,Credit Card
105108,2024-03-20,CUST1253,Small Business,South,Hyderabad,Distributor,Groceries,Almond Butter,4,423.92,0.15,1695.68,254.35,1441.33,305.45,1221.8,219.53,Debit Card
105794,2025-03-08,CUST2857,Small Business,South,Chennai,Online,Stationery,Desk Organizer,4,181.03,0.0,724.12,0.0,724.12,126.44,505.76,218.36,Credit Card
104127,2025-02-10,CUST1684,Individual,Central,Raipur,Online,Apparel,Rain Jacket,3,2177.94,0.05,6533.82,326.69,6207.13,1503.87,4511.61,1695.52,Credit Card
102839,02/07/2024,CUST2816,Individual,South,Hyderabad,Retail Store,Groceries,Olive Oil,2,861.59,0.0,1723.18,0.0,1723.18,501.09,1002.18,721.0,Cash on Delivery
104771,2025-02-19,CUST1090,Individual,North,Delhi,Retail Store,Apparel,Denim Jacket,2,1302.16,0.0,2604.32,0.0,2604.32,751.59,1503.18,1101.14,Credit Card
104134,2024-02-03,CUST1760,Individual,East,Bhubaneswar,Online,ELECTRONICS,Webcam HD,3,1981.79,0.05,5945.37,297.27,5648.1,1284.71,3854.13,1793.97,Net Banking
105960,2025-12-28,CUST4088,Enterprise,North,Lucknow,Retail Store,Apparel,Denim Jacket,8,2177.03,0.15,17416.24,2612.44,14803.8,1599.44,12795.52,2008.28,Net Banking
102339,2024-12-02,CUST3427,Individual,Central,Bhopal,Online,Groceries,Almond Butter,8,194.66,0.15,1557.28,233.59,1323.69,138.33,1106.64,217.05,Debit Card
104459,2025-01-08,CUST4155,Enterprise,South,Hyderabad,Distributor,Groceries,Almond Butter,1,304.4,0.0,304.4,0.0,304.4,196.37,196.37,108.03,UPI
105243,2024-02-26,CUST4403,Individual,South,Chennai,Retail Store,Furniture,Office Chair,1,12195.56,0.1,12195.56,1219.56,10976.0,8449.76,8449.76,2526.24,Credit Card
105513,2025-09-27,CUST1991,Individual,Central,Raipur,Online,Groceries,Organic Coffee,5,885.46,0.1,4427.3,442.73,3984.57,653.02,3265.1,719.47,Cash on Delivery
101131,2024-07-05,CUST4468,Individual,West,Ahmedabad,Online,Stationery,Whiteboard,7,162.52,0.1,1137.64,113.76,1023.88,113.42,793.94,229.94,UPI
100445,2025-03-11,CUST3734,Individual,North,Chandigarh,Retail Store,Electronics,Wireless Mouse,4,970.52,0.0,3882.08,0.0,3882.08,546.64,2186.56,1695.52,Credit Card
100641,2024-08-03,CUST1234,Enterprise,North,Lucknow,Online,STATIONERY,Notebook Set,4,162.84,0.1,651.36,65.14,586.22,99.17,396.68,189.54,Debit Card
103610,2025-01-11,CUST4309,Individual,North,Chandigarh,Online,Furniture,Filing Cabinet,5,2322.56,0.05,11612.8,580.64,11032.16,1544.68,7723.4,3308.76,Credit Card
101529,2024-02-28,CUST3787,Individual,South,Hyderabad,Distributor,Furniture,Filing Cabinet,2,12439.89,0.0,24879.78,0.0,24879.78,9325.74,18651.48,6228.3,Net Banking
102923,2024-06-15,CUST3233,Individual,Central,Raipur,Online,Furniture,Desk Lamp,5,12539.89,0.15,62699.45,9404.92,53294.53,8919.62,44598.1,8696.43,UPI
103202,2024-08-04,CUST3067,Individual,West,Mumbai,Online,Groceries,Organic Coffee,1,480.16,0.0,480.16,0.0,480.16,337.3,337.3,142.86,UPI
102601,2024-03-18,CUST1312,Individual,North,Delhi,Distributor,Groceries,Almond Butter,5,349.56,0.2,1747.8,349.56,1398.24,193.24,966.2,432.04,Net Banking
100460,2025-01-21,CUST4970,Individual,East,Bhubaneswar,Online,Stationery,Whiteboard,3,290.51,0.1,871.53,87.15,784.38,177.18,531.54,252.84,Cash on Delivery
104034,2025-12-05,CUST1189,Small Business,East,Patna,Online,Apparel,Wool Sweater,1,1246.92,0.1,1246.92,124.69,1122.23,747.44,747.44,374.79,Net Banking
102576,2025-11-11,CUST2334,Small Business,West,Ahmedabad,Online,Furniture,Desk Lamp,3,4168.97,0.1,12506.91,1250.69,11256.22,2359.51,7078.53,4177.69,Cash on Delivery
100416,2025-03-22,CUST2149,Individual,Central,Nagpur,Online,Furniture,Standing Desk,5,10216.27,0.15,51081.35,7662.2,43419.15,6780.88,33904.4,9514.75,Net Banking
101581,2025-03-18,CUST3990,Individual,West,Pune,Online,Furniture,Standing Desk,7,13527.14,0.05,94689.98,4734.5,89955.48,9952.13,69664.91,20290.57,UPI
105855,2025-08-04,CUST1703,Individual,South,Chennai,Online,Groceries,Granola Bars,2,421.82,0.2,843.64,168.73,674.91,296.82,593.64,81.27,Credit Card
100130,2025-11-28,CUST2965,Individual,West,Mumbai,Distributor,Apparel,Rain Jacket,11,1173.8,0.15,12911.8,1936.77,10975.03,760.39,8364.29,2610.74,Net Banking
104537,2025-09-21,CUST3245,Individual,West,Pune,Distributor,Electronics,Wireless Mouse,5,5914.53,0.0,29572.65,0.0,29572.65,3638.1,18190.5,11382.15,Net Banking
100184,2025-10-09,CUST4170,Individual,West,Pune,Online,Apparel,Wool Sweater,1,2681.03,0.1,2681.03,268.1,2412.93,1475.89,1475.89,937.04,Credit Card
105813,2025-02-27,CUST2446,Individual,South,Chennai,Online,Furniture,Standing Desk,2,14281.11,0.15,28562.22,4284.33,24277.89,9516.63,19033.26,5244.63,Cash on Delivery
100588,2025-12-14,CUST1870,Individual,West,Ahmedabad,Online,Groceries,Granola Bars,3,286.49,0.05,859.47,42.97,816.5,190.06,570.18,246.32,Cash on Delivery
100626,11-03-2025,CUST4060,Individual,West,Pune,Online,Apparel,Denim Jacket,3,682.61,0.0,2047.83,0.0,2047.83,394.53,1183.59,864.24,Net Banking
105028,2025-12-29,CUST3006,Individual,Central,Bhopal,Retail Store,Apparel,Denim Jacket,3,507.9,0.0,1523.7,0.0,1523.7,375.4,1126.2,397.5,Credit Card
101906,2025-11-12,CUST3429,Individual, South  ,Chennai,Distributor,APPAREL,Cotton T-Shirt,1,550.64,0.1,550.64,55.06,495.58,313.89,313.89,181.69,UPI
101077,2024-05-31,CUST1165,Enterprise,Central,Nagpur,Online,Stationery,Desk Organizer,3,568.75,0.0,1706.25,0.0,1706.25,355.97,1067.91,638.34,Debit Card
103656,2025-08-01,CUST4411,Individual,Central,Bhopal,Online,Furniture,Office Chair,3,13374.83,0.15,40124.49,6018.67,34105.82,8873.52,26620.56,7485.26,Credit Card
100736,2025-07-31,CUST3079,Small Business,East,Kolkata,Distributor,Stationery,Notebook Set,6,528.46,0.0,3170.76,0.0,3170.76,294.42,1766.52,1404.24,Debit Card
102504,2024-04-03,CUST4350,Small Business,West,Pune,Distributor,Furniture,Bookshelf,2,10847.21,0.15,21694.42,3254.16,18440.26,6068.9,12137.8,6302.46,UPI
104376,2024-01-02,CUST1252,Individual,North,Chandigarh,Retail Store,Groceries,Almond Butter,5,684.08,0.15,3420.4,513.06,2907.34,455.2,2276.0,631.34,Credit Card
104135,2024-07-09,CUST4297,Small Business,South,Hyderabad,Online,Apparel,Cotton T-Shirt,2,1742.38,0.15,3484.76,522.71,2962.05,1155.89,2311.78,650.27,Net Banking
105657,2024-06-25,CUST1016,Small Business,North,Lucknow,Online,Furniture,Filing Cabinet,3,8004.75,0.0,24014.25,0.0,24014.25,5923.57,17770.71,6243.54,Cash on Delivery
103901,2024-11-23,CUST3352,Enterprise,Central,Raipur,Retail Store,Furniture,Filing Cabinet,8,7536.11,0.0,60288.88,0.0,60288.88,4262.5,34100.0,26188.88,Debit Card
103344,2025-12-21,CUST4952,Individual,South,Chennai,Retail Store,Stationery,Gel Pens Pack,8,140.11,0.05,1120.88,56.04,1064.84,99.83,798.64,266.2,Net Banking
103904,2024-08-25,CUST4866,Small Business,East,Patna,Online,Furniture,Filing Cabinet,1,6730.41,0.15,6730.41,1009.56,5720.85,4165.16,4165.16,1555.69,Credit Card
101985,2024-02-04,CUST1060,Individual,West,Mumbai,Online,Stationery,Desk Organizer,1,611.82,0.0,611.82,0.0,611.82,373.57,373.57,238.25,Net Banking
100337,2025-12-07,CUST2230,Individual,Central,Raipur,Retail Store,Apparel,Rain Jacket,1,759.86,0.0,759.86,0.0,759.86,456.86,456.86,303.0,Debit Card
103279,2024-04-25,CUST3718,Individual,East,Patna,Online,Furniture,Office Chair,5,8044.64,0.2,40223.2,8044.64,32178.56,5021.96,25109.8,7068.76,Net Banking
102248,2025-01-30,CUST1827,Small Business,East,Kolkata,Online,Furniture,Standing Desk,3,7298.95,0.1,21896.85,2189.68,19707.17,4644.88,13934.64,5772.53,Credit Card
102367,2025-08-19,CUST3484,Small Business,Central,Nagpur,Online,Stationery,Whiteboard,5,486.89,0.0,2434.45,0.0,2434.45,344.7,1723.5,710.95,Cash on Delivery
100280,2024-12-02,CUST4441,Small Business,Central,Bhopal,Retail Store,Stationery,Sticky Notes,6,521.56,0.15,3129.36,469.4,2659.96,332.35,1994.1,665.86,Net Banking
101210,01-30-2025,CUST2328,Individual,West,Ahmedabad,Online,Stationery,Notebook Set,1,425.65,0.2,425.65,85.13,340.52,253.91,253.91,86.61,UPI
103866,2025-02-12,CUST1007,Individual,Central,Raipur,Retail Store,Groceries,Olive Oil,1,581.7,0.15,581.7,87.26,494.44,398.63,398.63,95.81,Credit Card
103726,2024-07-09,CUST3281,Individual,West,Pune,Online,Groceries,Green Tea Pack,1,290.93,0.1,290.93,29.09,261.84,164.61,164.61,97.23,UPI
100877,2025-08-31,CUST2018,Small Business,West,Mumbai,Online,Electronics,Wireless Mouse,2,4996.34,0.05,9992.68,499.63,9493.05,3338.97,6677.94,2815.11,UPI
104544,2024-10-22,CUST1902,Individual,North,Delhi,Retail Store,Furniture,Bookshelf,5,6816.53,0.0,34082.65,0.0,34082.65,4786.28,23931.4,10151.25,UPI
105650,2025-05-10,CUST2757,Individual,Central,Raipur,Distributor,Stationery,Notebook Set,2,697.36,0.2,1394.72,278.94,1115.78,464.69,929.38,186.4,Cash on Delivery
104094,2024-10-22,CUST4685,Small Business,East,Patna,Online,Furniture,Filing Cabinet,5,7250.44,0.0,36252.2,0.0,36252.2,4430.85,22154.25,14097.95,Credit Card
103024,2025-08-08,CUST3095,Individual,Central,Nagpur,Online,Apparel,Denim Jacket,3,2912.89,0.15,8738.67,1310.8,7427.87,1777.16,5331.48,2096.39,Cash on Delivery
100139,2024-04-30,CUST3720,Individual,Central,Bhopal,Online,Apparel,Running Shoes,6,1371.42,0.2,8228.52,1645.7,6582.82,901.71,5410.26,1172.56,UPI
102647,2024-04-19,CUST2832,Individual,North,Delhi,Retail Store,Apparel,Rain Jacket,3,2413.42,0.15,7240.26,1086.04,6154.22,1448.57,4345.71,1808.51,Cash on Delivery
100505,2024-04-14,CUST1631,Small Business,Central,Bhopal,Online,Stationery,Notebook Set,2,393.66,0.15,787.32,118.1,669.22,285.05,570.1,99.12,Credit Card
103567,2024-12-21,CUST2295,Individual,West,Pune,Retail Store,Groceries,Almond Butter,4,262.0,0.1,1048.0,104.8,943.2,146.07,584.28,358.92,Credit Card
102272,2024-09-11,CUST4019,Individual,West,Ahmedabad,Online,Groceries,Granola Bars,6,887.45,0.0,5324.7,0.0,5324.7,589.12,3534.72,1789.98,Cash on Delivery
102243,2025-05-16,CUST2812,Small Business,West,Pune,Retail Store,Groceries,Olive Oil,4,614.27,0.15,2457.08,368.56,2088.52,370.41,1481.64,606.88,Net Banking
101133,2025-05-09,CUST4524,,West,,Distributor,Furniture,Bookshelf,4,13288.35,,53153.4,0.0,53153.4,7580.26,30321.04,22832.36,
100914,2024-02-06,CUST4150,Individual,North,Delhi,Online,Groceries,Olive Oil,2,611.49,0.0,1222.98,0.0,1222.98,390.38,780.76,442.22,Cash on Delivery
102495,2024-10-19,CUST2705,Individual,West,Mumbai,Retail Store,Apparel,Denim Jacket,6,1301.69,0.1,7810.14,781.01,7029.13,906.77,5440.62,1588.51,UPI
103936,2024-11-24,CUST1086,Small Business,East,Bhubaneswar,Retail Store,Stationery,Notebook Set,1,409.92,0.05,409.92,20.5,389.42,234.84,234.84,154.58,Net Banking
100121,2024-12-19,CUST2016,Individual,East,Bhubaneswar,Retail Store,Groceries,Green Tea Pack,8,187.95,0.2,1503.6,300.72,1202.88,126.5,1012.0,190.88,Net Banking
100388,2025-12-30,CUST3156,Enterprise, West  ,Ahmedabad,Retail Store,Stationery,Sticky Notes,6,508.11,0.0,3048.66,0.0,3048.66,353.66,2121.96,926.7,Credit Card
104083,2025-05-08,CUST3021,Small Business,West,Mumbai,Online,Groceries,Granola Bars,4,862.41,0.05,3449.64,172.48,3277.16,507.15,2028.6,1248.56,Debit Card
103786,2025-07-31,CUST1072,Individual,North,Lucknow,Distributor,Stationery,Desk Organizer,3,353.8,0.05,1061.4,53.07,1008.33,220.74,662.22,346.11,Net Banking
104116,2025-12-29,CUST3184,Individual,Central,Nagpur,Online,Stationery,Sticky Notes,4,333.29,0.2,1333.16,266.63,1066.53,216.61,866.44,200.09,Debit Card
102083,2025-10-28,CUST4487,Small Business,North,Delhi,Distributor,Apparel,Rain Jacket,1,2002.12,0.0,2002.12,0.0,2002.12,1104.63,1104.63,897.49,UPI
101321,2024-07-28,CUST1950,Individual,South,Chennai,Online,Apparel,Denim Jacket,1,1161.16,0.0,1161.16,0.0,1161.16,642.98,642.98,518.18,UPI
104665,2024-04-18,CUST2406,Individual,South,Bengaluru,Online,Furniture,Standing Desk,5,7399.2,0.0,36996.0,0.0,36996.0,5432.3,27161.5,9834.5,Debit Card
102944,2025-04-02,CUST4327,Individual,South,Hyderabad,Online,Apparel,Rain Jacket,5,1069.09,0.0,5345.45,0.0,5345.45,591.41,2957.05,2388.4,Credit Card
102458,2024-08-22,CUST3999,Small Business,East,Kolkata,Online,Furniture,Filing Cabinet,4,10286.56,0.0,41146.24,0.0,41146.24,6328.43,25313.72,15832.52,Cash on Delivery
105980,26/01/2025,CUST3163,Individual,Central,Raipur,Online,Stationery,Whiteboard,2,173.88,0.0,347.76,0.0,347.76,108.33,216.66,131.1,Net Banking
102676,2025-12-15,CUST4685,Small Business,Central,Bhopal,Online,Electronics,Power Bank,1,2635.8,0.05,2635.8,131.79,2504.01,1901.89,1901.89,602.12,Net Banking
102080,2024-06-24,CUST2807,Individual,East,Patna,Online,Apparel,Cotton T-Shirt,3,943.66,0.0,2830.98,0.0,2830.98,546.45,1639.35,1191.63,Net Banking
105146,2024-03-01,CUST4976,Small Business,South,Hyderabad,Online,Stationery,Sticky Notes,3,361.44,0.0,1084.32,0.0,1084.32,206.51,619.53,464.79,Debit Card
101351,2025-03-03,CUST3276,Individual,Central,Raipur,Online,Stationery,Gel Pens Pack,1,231.32,0.0,231.32,0.0,231.32,135.43,135.43,95.89,Cash on Delivery
102624,2024-06-19,CUST3170,Individual,Central,Raipur,Retail Store,Groceries,Granola Bars,1,586.87,0.05,586.87,29.34,557.53,325.81,325.81,231.72,Debit Card
102173,2024-12-08,CUST2698,Individual,South,Chennai,Online,Furniture,Bookshelf,8,11871.84,0.1,94974.72,9497.47,85477.25,8136.16,65089.28,20387.97,UPI
100148,2025-01-25,CUST3303,Individual,West,Pune,Online,Stationery,Sticky Notes,1,169.5,0.05,169.5,8.47,161.03,124.23,124.23,36.8,Cash on Delivery
103385,2025-04-22,CUST1411,Enterprise,Central,Nagpur,Retail Store,Electronics,Laptop Stand,4,4345.17,0.2,17380.68,3476.14,13904.54,2707.08,10828.32,3076.22,Credit Card
105689,2025-03-21,CUST4038,Small Business,South,Bengaluru,Online,Apparel,Running Shoes,6,1167.18,0.05,7003.08,350.15,6652.93,756.59,4539.54,2113.39,Cash on Delivery
104378,03/06/2025,CUST4113,Individual,South,Chennai,Online,Electronics,USB-C Hub,5,1319.35,0.0,6596.75,0.0,6596.75,739.47,3697.35,2899.4,Credit Card
103796,2025-07-17,CUST2700,Individual,South,Chennai,Online,Furniture,Filing Cabinet,3,13367.15,0.2,40101.45,8020.29,32081.16,9427.66,28282.98,3798.18,Debit Card
105801,2025-10-14,CUST3924,Small Business,South,Hyderabad,Retail Store,Stationery,Desk Organizer,3,377.9,0.0,1133.7,0.0,1133.7,222.23,666.69,467.01,Cash on Delivery
102579,2024-07-09,CUST2548,Individual,South,Chennai,Online,Furniture,Office Chair,5,9730.24,0.15,48651.2,7297.68,41353.52,7159.15,35795.75,5557.77,Cash on Delivery
100036,2024-11-01,CUST1676,Small Business,Central,Raipur,Retail Store,Groceries,Olive Oil,3,441.64,0.2,1324.92,264.98,1059.94,278.61,835.83,224.11,Debit Card
100632,2024-07-23,CUST2437,Individual,West,Pune,Online,Electronics,Wireless Mouse,5,3015.59,0.0,15077.95,0.0,15077.95,1827.78,9138.9,5939.05,UPI
105673,2024-02-23,CUST1442,Individual, North  ,Chandigarh,Online,Electronics,Power Bank,3,5661.7,0.2,16985.1,3397.02,13588.08,3865.6,11596.8,1991.28,Net Banking
104981,2025-09-02,CUST1608,Small Business,South,Bengaluru,Retail Store,Electronics,Wireless Mouse,1,3199.99,0.0,3199.99,0.0,3199.99,2086.24,2086.24,1113.75,Net Banking
105331,2024-07-18,CUST1454,Individual,North,Chandigarh,Online,Electronics,Laptop Stand,3,2460.13,0.0,7380.39,0.0,7380.39,1454.3,4362.9,3017.49,Credit Card
100729,2024-08-25,CUST4443,Enterprise,South,Hyderabad,Distributor,Furniture,Office Chair,1,5256.29,0.0,5256.29,0.0,5256.29,3528.58,3528.58,1727.71,Cash on Delivery
104466,2024-06-15,CUST3050,Individual,South,Bengaluru,Distributor,Furniture,Filing Cabinet,3,5269.15,0.0,15807.45,0.0,15807.45,3640.83,10922.49,4884.96,UPI
102298,2024-01-07,CUST2389,Individual,East,Kolkata,Online,Groceries,Olive Oil,1,254.95,0.1,254.95,25.5,229.45,163.46,163.46,65.99,Cash on Delivery
102545,2024-02-29,CUST1545,Individual,West,Ahmedabad,Online,Apparel,Denim Jacket,1,869.12,0.0,869.12,0.0,869.12,551.36,551.36,317.76,UPI
101730,2024-01-02,CUST3776,,North,,Distributor,Stationery,Notebook Set,1,498.58,,498.58,24.93,473.65,295.82,295.82,177.83,
105653,2025-04-11,CUST1089,Small Business, North  ,Chandigarh,Online,Groceries,Olive Oil,1,233.95,0.0,233.95,0.0,233.95,136.21,136.21,97.74,Credit Card
100454,2025-09-11,CUST2407,Small Business,East,Bhubaneswar,Retail Store,Apparel,Denim Jacket,1,1611.66,0.1,1611.66,161.17,1450.49,970.76,970.76,479.73,Credit Card
104016,2024-10-31,CUST4486,Individual,South,Hyderabad,Online,Electronics,Laptop Stand,1,4179.83,0.2,4179.83,835.97,3343.86,2978.76,2978.76,365.1,Net Banking
103867,2024-01-10,CUST3561,Individual,South,Chennai,Online,Stationery,Gel Pens Pack,3,91.32,0.2,273.96,54.79,219.17,53.81,161.43,57.74,Debit Card
101805,2024-08-28,CUST4312,Enterprise,Central,Bhopal,Online,Stationery,Desk Organizer,4,675.87,0.0,2703.48,0.0,2703.48,386.04,1544.16,1159.32,Net Banking
105315,2025-05-08,CUST3091,Individual,East,Bhubaneswar,Online,Apparel,Running Shoes,2,2757.6,0.0,5515.2,0.0,5515.2,1847.06,3694.12,1821.08,UPI
101059,2025-01-14,CUST2000,Small Business,North,Chandigarh,Distributor,Stationery,Sticky Notes,4,229.56,0.0,918.24,0.0,918.24,137.83,551.32,366.92,Debit Card
105909,2025-10-11,CUST1229,,East,,Online,Furniture,Standing Desk,3,5502.55,,16507.65,0.0,16507.65,3122.31,9366.93,7140.72,
101464,2025-12-23,CUST4415,Individual,West,Mumbai,Online,Groceries,Green Tea Pack,6,885.95,0.0,5315.7,0.0,5315.7,585.61,3513.66,1802.04,UPI
104383,2024-12-22,CUST1837,Individual,North,Lucknow,Online,Groceries,Green Tea Pack,4,426.06,0.15,1704.24,255.64,1448.6,282.32,1129.28,319.32,Debit Card
102974,2025-12-28,CUST2216,Small Business,West,Mumbai,Distributor,Groceries,Olive Oil,1,528.23,0.0,528.23,0.0,528.23,344.67,344.67,183.56,UPI
103542,2024-07-13,CUST4736,Individual,Central,Nagpur,Retail Store,Stationery,Desk Organizer,1,276.44,0.1,276.44,27.64,248.8,170.13,170.13,78.67,Cash on Delivery
103391,2025-11-28,CUST2811,Individual,South,Bengaluru,Retail Store,ELECTRONICS,Wireless Mouse,3,4276.21,0.0,12828.63,0.0,12828.63,2890.29,8670.87,4157.76,Debit Card
102662,2025-11-07,CUST1888,Small Business,East,Patna,Online,STATIONERY,Sticky Notes,4,232.96,0.0,931.84,0.0,931.84,129.56,518.24,413.6,Net Banking
103301,2025-04-22,CUST2107,Small Business,Central,Nagpur,Online,Apparel,Cotton T-Shirt,2,1519.06,0.15,3038.12,455.72,2582.4,1077.49,2154.98,427.42,UPI
103581,2025-03-14,CUST3647,Small Business,West,Mumbai,Online,Electronics,Wireless Mouse,5,1669.72,0.1,8348.6,834.86,7513.74,981.0,4905.0,2608.74,Debit Card
103219,2024-09-20,CUST2411,Small Business,Central,Nagpur,Distributor,Apparel,Rain Jacket,1,985.33,0.0,985.33,0.0,985.33,712.55,712.55,272.78,UPI
104520,2025-06-03,CUST1432,Individual,West,Ahmedabad,Online,Electronics,Webcam HD,2,5800.56,0.0,11601.12,0.0,11601.12,3706.46,7412.92,4188.2,Credit Card
101755,2024-06-02,CUST1663,Individual,North,Lucknow,Online,Apparel,Cotton T-Shirt,7,459.69,0.0,3217.83,0.0,3217.83,344.35,2410.45,807.38,Credit Card
100449,2024-05-06,CUST3814,Small Business, Central  ,Bhopal,Online,Groceries,Organic Coffee,5,236.79,0.1,1183.95,118.4,1065.55,165.1,825.5,240.05,Net Banking
100208,23/10/2025,CUST1879,Individual,North,Chandigarh,Online,Groceries,Green Tea Pack,3,522.09,0.05,1566.27,78.31,1487.96,305.19,915.57,572.39,Cash on Delivery
103650,2024-12-20,CUST4714,Small Business,North,Chandigarh,Online,Stationery,Sticky Notes,1,320.73,0.0,320.73,0.0,320.73,201.04,201.04,119.69,Net Banking
101916,2025-06-10,CUST2837,Individual,Central,Bhopal,Online,Electronics,Bluetooth Speaker,2,4731.23,0.0,9462.46,0.0,9462.46,2988.48,5976.96,3485.5,Net Banking
101750,2025-07-17,CUST2776,Individual,Central,Bhopal,Online,Stationery,Desk Organizer,5,465.94,0.05,2329.7,116.48,2213.22,299.59,1497.95,715.27,Debit Card
100982,2024-04-18,CUST4586,Individual,North,Chandigarh,Online,Groceries,Olive Oil,4,505.97,0.0,2023.88,0.0,2023.88,370.03,1480.12,543.76,Cash on Delivery
104750,2025-07-11,CUST4316,Individual,North,Lucknow,Online,Stationery,Notebook Set,1,418.21,0.1,418.21,41.82,376.39,297.76,297.76,78.63,Credit Card
101760,2024-10-01,CUST2778,Small Business,East,Bhubaneswar,Retail Store,Stationery,Gel Pens Pack,4,609.9,0.2,2439.6,487.92,1951.68,395.77,1583.08,368.6,UPI
101451,2025-11-24,CUST1028,Individual,West,Pune,Online,Stationery,Desk Organizer,3,426.99,0.0,1280.97,0.0,1280.97,311.67,935.01,345.96,Credit Card
100933,2025-02-01,CUST1790,Small Business,East,Bhubaneswar,Online,Electronics,Power Bank,3,5238.86,0.15,15716.58,2357.49,13359.09,3155.46,9466.38,3892.71,Net Banking
103790,2024-06-25,CUST3059,Small Business,Central,Raipur,Online,Apparel,Running Shoes,5,1488.42,0.1,7442.1,744.21,6697.89,827.4,4137.0,2560.89,Debit Card
100086,2025-05-13,CUST4059,Individual,North,Delhi,Online,Stationery,Sticky Notes,1,259.46,0.0,259.46,0.0,259.46,143.1,143.1,116.36,Debit Card
103332,2025-04-01,CUST3340,Individual,East,Patna,Distributor,Electronics,Power Bank,2,4122.45,0.2,8244.9,1648.98,6595.92,2605.53,5211.06,1384.86,UPI
103706,2025-06-25,CUST2443,Individual,West,Pune,Online,Electronics,USB-C Hub,5,5215.74,0.2,26078.7,5215.74,20862.96,3354.54,16772.7,4090.26,Cash on Delivery
104322,2024-11-18,CUST1276,Individual, North  ,Delhi,Retail Store,Stationery,Whiteboard,6,521.38,0.15,3128.28,469.24,2659.04,327.31,1963.86,695.18,Credit Card
105594,2024-03-30,CUST3076,Small Business,East,Bhubaneswar,Retail Store,Apparel,Denim Jacket,7,2773.32,0.05,19413.24,970.66,18442.58,2038.4,14268.8,4173.78,Debit Card
103764,2024-01-06,CUST2418,Individual,West,Pune,Online,Stationery,Desk Organizer,1,97.11,0.05,97.11,4.86,92.25,61.64,61.64,30.61,Net Banking
103236,2025-07-06,CUST4861,Individual, South  ,Chennai,Distributor,Groceries,Olive Oil,6,413.21,0.0,2479.26,0.0,2479.26,266.97,1601.82,877.44,UPI
101708,2025-03-12,CUST2715,Small Business,East,Bhubaneswar,Online,Furniture,Standing Desk,1,7288.35,0.0,7288.35,0.0,7288.35,5423.54,5423.54,1864.81,Net Banking
100801,2024-09-27,CUST3876,Individual,East,Bhubaneswar,Online,Electronics,Laptop Stand,2,4081.34,0.1,8162.68,816.27,7346.41,2708.96,5417.92,1928.49,Debit Card
103178,2024-11-23,CUST1291,Enterprise,South,Chennai,Retail Store,Apparel,Denim Jacket,4,2130.95,0.2,8523.8,1704.76,6819.04,1260.56,5042.24,1776.8,Net Banking
102769,2024-08-10,CUST2270,Small Business,South,Chennai,Online,Electronics,Power Bank,4,5400.85,0.05,21603.4,1080.17,20523.23,3615.45,14461.8,6061.43,Cash on Delivery
102905,2025-10-28,CUST4169,Individual,East,Kolkata,Retail Store,Furniture,Office Chair,4,9417.94,0.0,37671.76,0.0,37671.76,5286.29,21145.16,16526.6,UPI
101311,2024-07-09,CUST1032,Small Business,North,Delhi,Distributor,Groceries,Olive Oil,1,304.42,0.1,304.42,30.44,273.98,195.8,195.8,78.18,Debit Card
103910,2025-10-01,CUST4104,Small Business,West,Mumbai,Distributor,Stationery,Notebook Set,1,658.97,0.0,658.97,0.0,658.97,409.15,409.15,249.82,Cash on Delivery
104381,2024-03-29,CUST4333,Small Business,South,Bengaluru,Retail Store,Groceries,Olive Oil,6,410.84,0.0,2465.04,0.0,2465.04,286.08,1716.48,748.56,Debit Card
105604,2025-01-21,CUST1276,Individual,North,Chandigarh,Retail Store,Stationery,Whiteboard,2,99.8,0.0,199.6,0.0,199.6,62.26,124.52,75.08,Credit Card
104411,2025-12-31,CUST1753,Small Business,East,Bhubaneswar,Retail Store,Furniture,Standing Desk,3,10958.67,0.1,32876.01,3287.6,29588.41,7600.48,22801.44,6786.97,Net Banking
103284,2025-10-26,CUST2931,Individual,Central,Bhopal,Retail Store,Furniture,Standing Desk,2,14699.73,0.1,29399.46,2939.95,26459.51,10671.13,21342.26,5117.25,UPI
102560,2025-02-08,CUST3856,Individual,South,Hyderabad,Online,Electronics,Power Bank,3,2567.67,0.1,7703.01,770.3,6932.71,1849.14,5547.42,1385.29,Cash on Delivery
101536,2024-01-12,CUST1632,Individual,West,Mumbai,Distributor,Groceries,Olive Oil,1,888.95,0.1,888.95,88.9,800.05,605.78,605.78,194.27,Debit Card
102245,2025-10-24,CUST2431,Small Business,East,Bhubaneswar,Retail Store,Electronics,Webcam HD,3,2437.07,0.05,7311.21,365.56,6945.65,1732.62,5197.86,1747.79,Debit Card
104581,2024-03-28,CUST2796,Individual,East,Patna,Distributor,Furniture,Filing Cabinet,4,12202.72,0.0,48810.88,0.0,48810.88,8065.8,32263.2,16547.68,UPI
102709,2024-05-02,CUST1779,Small Business,North,Lucknow,Online,Stationery,Whiteboard,1,562.53,0.2,562.53,112.51,450.02,362.95,362.95,87.07,Cash on Delivery
103733,2025-01-19,CUST3351,Individual,North,Lucknow,Online,Apparel,Wool Sweater,1,1448.23,0.05,1448.23,72.41,1375.82,1007.87,1007.87,367.95,Debit Card
100724,2024-07-24,CUST2160,Individual,East,Patna,Retail Store,Groceries,Olive Oil,7,230.5,0.05,1613.5,80.68,1532.82,133.61,935.27,597.55,Debit Card
102194,2024-09-18,CUST4400,Enterprise,West,Pune,Online,Stationery,Notebook Set,2,648.45,0.05,1296.9,64.85,1232.05,433.41,866.82,365.23,UPI
102704,2024-11-23,CUST4696,Individual,West,Pune,Online,Furniture,Bookshelf,6,4051.54,0.05,24309.24,1215.46,23093.78,2527.51,15165.06,7928.72,Cash on Delivery
104552,2025-07-05,CUST4068,Individual,West,Pune,Online,Groceries,Granola Bars,1,871.27,0.0,871.27,0.0,871.27,639.93,639.93,231.34,Cash on Delivery
101975,2024-04-13,CUST4752,Small Business,East,Patna,Online,Electronics,Laptop Stand,3,4937.15,0.0,14811.45,0.0,14811.45,3212.88,9638.64,5172.81,Net Banking
103818,2025-01-10,CUST3540,Individual,Central,Bhopal,Retail Store,Furniture,Bookshelf,1,12713.31,0.0,12713.31,0.0,12713.31,7145.58,7145.58,5567.73,Cash on Delivery
102409,2025-05-20,CUST4722,Individual,West,Pune,Online,Apparel,Rain Jacket,2,1895.1,0.0,3790.2,0.0,3790.2,1276.77,2553.54,1236.66,Debit Card
102461,2025-11-18,CUST1104,Individual,South,Bengaluru,Retail Store,Furniture,Desk Lamp,3,10758.2,0.0,32274.6,0.0,32274.6,7115.46,21346.38,10928.22,Net Banking
103056,17/02/2025,CUST2725,Individual,Central,Nagpur,Online,Furniture,Standing Desk,3,4572.48,0.2,13717.44,2743.49,10973.95,3077.25,9231.75,1742.2,Debit Card
101392,2025-08-10,CUST2640,Small Business,Central,Nagpur,Retail Store,Electronics,Power Bank,3,4529.33,0.15,13587.99,2038.2,11549.79,2908.77,8726.31,2823.48,Credit Card
100315,2025-02-10,CUST2013,Small Business,North,Chandigarh,Online,Electronics,Wireless Mouse,1,3524.71,0.05,3524.71,176.24,3348.47,2156.68,2156.68,1191.79,Credit Card
101550,2024-10-01,CUST4666,Individual,South,Chennai,Online,Apparel,Wool Sweater,5,1300.42,0.2,6502.1,1300.42,5201.68,740.05,3700.25,1501.43,Credit Card
105528,2025-12-11,CUST3024,Small Business,South,Bengaluru,Online,Stationery,Whiteboard,6,230.64,0.2,1383.84,276.77,1107.07,154.43,926.58,180.49,Debit Card
103280,2025-09-23,CUST3122,Individual,West,Pune,Online,Furniture,Standing Desk,1,9323.72,0.1,9323.72,932.37,8391.35,6500.56,6500.56,1890.79,UPI
102087,2025-03-14,CUST4958,Enterprise,Central,Raipur,Retail Store,Stationery,Desk Organizer,2,397.89,0.05,795.78,39.79,755.99,279.2,558.4,197.59,Debit Card
101342,2025-11-10,CUST3189,Individual,Central,Bhopal,Retail Store,Apparel,Rain Jacket,1,979.89,0.0,979.89,0.0,979.89,592.37,592.37,387.52,Debit Card
100005,2025-11-30,CUST1938,Individual,South,Hyderabad,Retail Store,Electronics,Webcam HD,3,2203.73,0.2,6611.19,1322.24,5288.95,1554.07,4662.21,626.74,UPI
100767,2025-11-19,CUST3401,Individual,East,Kolkata,Online,Electronics,Power Bank,4,5175.44,0.0,20701.76,0.0,20701.76,3101.03,12404.12,8297.64,Debit Card
101194,2025-10-17,CUST2640,Small Business,West,Mumbai,Online,Furniture,Standing Desk,1,6442.48,0.1,6442.48,644.25,5798.23,4201.84,4201.84,1596.39,Cash on Delivery
103806,2025-10-09,CUST4964,Small Business,West,Pune,Distributor,Groceries,Almond Butter,3,247.85,0.0,743.55,0.0,743.55,142.72,428.16,315.39,Debit Card
105231,03-11-2024,CUST1887,Individual,North,Lucknow,Online,Electronics,USB-C Hub,3,5028.17,0.05,15084.51,754.23,14330.28,3512.33,10536.99,3793.29,Net Banking
102721,2025-10-28,CUST2935,Enterprise,Central,Bhopal,Online,Stationery,Desk Organizer,4,392.39,0.2,1569.56,313.91,1255.65,244.05,976.2,279.45,Debit Card
100623,2025-03-08,CUST1009,Enterprise,South,Chennai,Distributor,Groceries,Olive Oil,4,238.4,0.0,953.6,0.0,953.6,143.74,574.96,378.64,Net Banking
100027,2024-09-28,CUST4791,Individual,Central,Nagpur,Online,ELECTRONICS,Wireless Mouse,5,5918.03,0.05,29590.15,1479.51,28110.64,3256.92,16284.6,11826.04,Net Banking
102503,2024-08-13,CUST3060,Individual,Central,Bhopal,Distributor,APPAREL,Wool Sweater,4,1850.03,0.0,7400.12,0.0,7400.12,1027.03,4108.12,3292.0,UPI
101329,2024-01-17,CUST3238,Individual,South,Bengaluru,Retail Store,Electronics,Laptop Stand,4,5381.62,0.0,21526.48,0.0,21526.48,3670.86,14683.44,6843.04,UPI
105815,2024-11-14,CUST1024,Enterprise,North,Chandigarh,Retail Store,Furniture,Standing Desk,8,12215.51,0.2,97724.08,19544.82,78179.26,7010.9,56087.2,22092.06,Net Banking
104341,2025-04-13,CUST3955,Individual,West,Ahmedabad,Online,Groceries,Granola Bars,2,408.28,0.15,816.56,122.48,694.08,304.99,609.98,84.1,Net Banking
102763,2025-08-09,CUST4287,Individual,Central,Bhopal,Retail Store,Apparel,Cotton T-Shirt,3,1473.98,0.15,4421.94,663.29,3758.65,916.26,2748.78,1009.87,Credit Card
105523,2024-11-21,CUST4246,Individual, South  ,Chennai,Online,Furniture,Office Chair,4,12515.09,0.0,50060.36,0.0,50060.36,7448.46,29793.84,20266.52,Credit Card
103896,2024-12-30,CUST2231,Individual,North,Lucknow,Retail Store,Apparel,Running Shoes,6,1265.47,0.1,7592.82,759.28,6833.54,767.07,4602.42,2231.12,Debit Card
105187,2024-06-20,CUST4546,Small Business,North,Delhi,Retail Store,Stationery,Notebook Set,6,394.09,0.0,2364.54,0.0,2364.54,227.71,1366.26,998.28,UPI
102223,2025-04-12,CUST2081,Individual,Central,Bhopal,Online,Groceries,Green Tea Pack,1,270.13,0.2,270.13,54.03,216.1,181.1,181.1,35.0,Net Banking
103674,2024-11-28,CUST2807,Individual,East,Kolkata,Distributor,Furniture,Standing Desk,1,10443.98,0.0,10443.98,0.0,10443.98,7598.01,7598.01,2845.97,Net Banking
103252,2025-11-24,CUST3979,Individual,East,Patna,Online,Apparel,Rain Jacket,3,2280.08,0.0,6840.24,0.0,6840.24,1271.43,3814.29,3025.95,Cash on Delivery
105426,2024-05-02,CUST4717,Small Business,South,Bengaluru,Online,Furniture,Office Chair,1,5205.66,0.1,5205.66,520.57,4685.09,3134.25,3134.25,1550.84,UPI
100131,2024-12-23,CUST1323,Individual,East,Kolkata,Retail Store,Stationery,Sticky Notes,12,260.08,0.0,3120.96,0.0,3120.96,192.74,2312.88,808.08,Debit Card
104152,2025-03-21,CUST1467,Individual,East,Kolkata,Online,Stationery,Gel Pens Pack,3,660.25,0.2,1980.75,396.15,1584.6,419.54,1258.62,325.98,Cash on Delivery
104045,2025-01-19,CUST1801,Individual,East,Kolkata,Online,Groceries,Green Tea Pack,4,342.63,0.0,1370.52,0.0,1370.52,196.27,785.08,585.44,Cash on Delivery
102589,2024-07-02,CUST3374,Individual,North,Lucknow,Distributor,Stationery,Sticky Notes,3,322.89,0.0,968.67,0.0,968.67,193.13,579.39,389.28,UPI
104909,2025-06-22,CUST1209,Individual,North,Delhi,Online,Groceries,Almond Butter,1,557.87,0.15,557.87,83.68,474.19,381.98,381.98,92.21,Credit Card
102630,2024-10-09,CUST1585,Enterprise,Central,Nagpur,Retail Store,Groceries,Almond Butter,4,675.64,0.1,2702.56,270.26,2432.3,472.25,1889.0,543.3,UPI
101874,2024-03-22,CUST3201,Small Business,South,Bengaluru,Distributor,Furniture,Bookshelf,2,11218.55,0.1,22437.1,2243.71,20193.39,7266.36,14532.72,5660.67,Net Banking
102946,2024-07-05,CUST4205,Small Business,East,Bhubaneswar,Retail Store,Apparel,Wool Sweater,2,1247.74,0.0,2495.48,0.0,2495.48,851.93,1703.86,791.62,Credit Card
102785,25-Jul-2024,CUST1333,Enterprise,South,Hyderabad,Retail Store,Electronics,Wireless Mouse,5,2527.63,0.0,12638.15,0.0,12638.15,1512.24,7561.2,5076.95,Cash on Delivery
103715,2024-08-18,CUST3084,Individual,East,Bhubaneswar,Online,Electronics,USB-C Hub,1,898.09,0.15,898.09,134.71,763.38,532.03,532.03,231.35,Debit Card
101875,2025-12-26,CUST3670,Enterprise,North,Lucknow,Online,Groceries,Almond Butter,3,471.41,0.0,1414.23,0.0,1414.23,338.38,1015.14,399.09,Net Banking
104001,2025-07-10,CUST4529,Small Business,South,Chennai,Online,Groceries,Almond Butter,1,323.05,0.1,323.05,32.3,290.75,219.81,219.81,70.94,UPI
101435,2024-04-01,CUST2563,Individual,East,Bhubaneswar,Retail Store,Furniture,Office Chair,1,11768.59,0.2,11768.59,2353.72,9414.87,7081.28,7081.28,2333.59,Credit Card
101641,2025-07-15,CUST4431,Small Business,West,Mumbai,Online,Electronics,Webcam HD,2,2464.43,0.15,4928.86,739.33,4189.53,1625.5,3251.0,938.53,Cash on Delivery
100384,2025-03-21,CUST2471,Individual,Central,Bhopal,Retail Store,Apparel,Cotton T-Shirt,3,1359.98,0.15,4079.94,611.99,3467.95,900.31,2700.93,767.02,Debit Card
100513,2024-12-13,CUST3128,Small Business,Central,Raipur,Distributor,Furniture,Desk Lamp,3,5889.62,0.0,17668.86,0.0,17668.86,4080.74,12242.22,5426.64,Debit Card
101676,2024-08-15,CUST3613,Small Business,Central,Raipur,Distributor,Electronics,Laptop Stand,4,2155.52,0.0,8622.08,0.0,8622.08,1187.01,4748.04,3874.04,Cash on Delivery
101086,2025-02-25,CUST4401,Individual,Central,Raipur,Distributor,Apparel,Running Shoes,1,2300.03,0.1,2300.03,230.0,2070.03,1503.64,1503.64,566.39,Debit Card
100700,2025-11-08,CUST3846,Individual,East,Bhubaneswar,Online,Groceries,Almond Butter,4,804.65,0.15,3218.6,482.79,2735.81,580.29,2321.16,414.65,Credit Card
102334,2024-12-08,CUST2023,Enterprise,West,Mumbai,Online,Apparel,Running Shoes,3,1051.72,0.0,3155.16,0.0,3155.16,608.75,1826.25,1328.91,UPI
102718,2024-01-03,CUST4823,Individual,Central,Bhopal,Retail Store,Groceries,Green Tea Pack,4,841.0,0.2,3364.0,672.8,2691.2,534.04,2136.16,555.04,Debit Card
103452,2025-04-24,CUST4477,Individual,South,Hyderabad,Retail Store,Groceries,Organic Coffee,2,586.51,0.0,1173.02,0.0,1173.02,383.71,767.42,405.6,Cash on Delivery
103077,2024-01-19,CUST3079,Small Business,East,Patna,Online,Groceries,Almond Butter,2,834.15,0.1,1668.3,166.83,1501.47,593.45,1186.9,314.57,Net Banking
103031,2024-08-27,CUST2545,Enterprise,Central,Raipur,Distributor,Groceries,Organic Coffee,2,574.18,0.2,1148.36,229.67,918.69,386.94,773.88,144.81,Debit Card
102407,2024-12-01,CUST1232,Individual,Central,Raipur,Online,Stationery,Desk Organizer,6,88.53,0.1,531.18,53.12,478.06,58.0,348.0,130.06,Net Banking
101584,08-05-2025,CUST4258,Small Business,South,Bengaluru,Retail Store,ELECTRONICS,Laptop Stand,2,1792.73,0.05,3585.46,179.27,3406.19,1302.61,2605.22,800.97,UPI
101499,2025-01-14,CUST4816,Small Business,Central,Bhopal,Online,Furniture,Desk Lamp,2,14345.29,0.05,28690.58,1434.53,27256.05,10658.81,21317.62,5938.43,Net Banking
100917,2025-07-14,CUST1024,Individual,North,Lucknow,Online,Apparel,Cotton T-Shirt,2,2825.28,0.0,5650.56,0.0,5650.56,1940.58,3881.16,1769.4,Debit Card
102025,2024-07-07,CUST3007,Small Business,South,Bengaluru,Online,Electronics,Laptop Stand,5,3662.15,0.15,18310.75,2746.61,15564.14,2538.95,12694.75,2869.39,Cash on Delivery
103415,2024-09-01,CUST1204,Enterprise,West,Mumbai,Distributor,Stationery,Notebook Set,2,347.64,0.1,695.28,69.53,625.75,259.66,519.32,106.43,Credit Card
100761,2024-01-08,CUST3310,Individual,East,Bhubaneswar,Retail Store,Stationery,Desk Organizer,3,224.0,0.05,672.0,33.6,638.4,138.48,415.44,222.96,Cash on Delivery
100771,2025-04-02,CUST2687,Small Business,West,Mumbai,Online,Apparel,Denim Jacket,2,732.95,0.2,1465.9,293.18,1172.72,474.83,949.66,223.06,Net Banking
102686,2024-05-28,CUST4437,Individual,East,Bhubaneswar,Online,Electronics,Wireless Mouse,7,3454.17,0.0,24179.19,0.0,24179.19,2501.58,17511.06,6668.13,Net Banking
101336,2024-11-24,CUST3057,Small Business,West,Mumbai,Distributor,Apparel,Rain Jacket,4,1153.73,0.2,4614.92,922.98,3691.94,638.83,2555.32,1136.62,Credit Card
104267,2024-07-28,CUST4668,Individual,West,Pune,Online,Stationery,Desk Organizer,5,456.9,0.2,2284.5,456.9,1827.6,319.14,1595.7,231.9,Credit Card
102205,2025-02-01,CUST3435,Individual,West,Pune,Online,Electronics,Wireless Mouse,1,840.97,0.05,840.97,42.05,798.92,609.89,609.89,189.03,Debit Card
104151,2025-02-10,CUST2842,Individual,West,Ahmedabad,Online,Electronics,Webcam HD,3,5293.51,0.1,15880.53,1588.05,14292.48,3036.7,9110.1,5182.38,Net Banking
101115,2024-04-21,CUST3742,Small Business,North,Chandigarh,Online,Groceries,Granola Bars,3,314.15,0.2,942.45,188.49,753.96,205.03,615.09,138.87,UPI
103399,2024-05-15,CUST2004,Small Business,West,Ahmedabad,Online,Apparel,Cotton T-Shirt,2,954.02,0.0,1908.04,0.0,1908.04,669.03,1338.06,569.98,Net Banking
100799,2025-08-28,CUST4023,Individual,North,Delhi,Retail Store,Electronics,Bluetooth Speaker,5,4566.24,0.0,22831.2,0.0,22831.2,3194.0,15970.0,6861.2,Cash on Delivery
104661,2024-11-30,CUST2469,Individual,North,Lucknow,Online,Groceries,Olive Oil,6,207.86,0.0,1247.16,0.0,1247.16,115.52,693.12,554.04,UPI
102040,2024-02-09,CUST3788,Individual,South,Bengaluru,Online,Electronics,USB-C Hub,1,4488.46,0.0,4488.46,0.0,4488.46,2880.25,2880.25,1608.21,UPI
104645,2024-03-30,CUST2663,Small Business,South,Chennai,Retail Store,Apparel,Denim Jacket,3,497.28,0.15,1491.84,223.78,1268.06,362.99,1088.97,179.09,Cash on Delivery
102236,2024-03-17,CUST1075,Enterprise,Central,Bhopal,Online,Apparel,Rain Jacket,2,2421.08,0.05,4842.16,242.11,4600.05,1672.5,3345.0,1255.05,Debit Card
100681,2025-01-18,CUST2757,Enterprise,East,Patna,Online,Stationery,Desk Organizer,1,593.7,0.2,593.7,118.74,474.96,437.19,437.19,37.77,Debit Card
102745,2024-03-18,CUST2306,Individual,South,Bengaluru,Online,Groceries,Organic Coffee,2,660.44,0.0,1320.88,0.0,1320.88,376.69,753.38,567.5,Debit Card
103262,2025-11-25,CUST1591,Small Business,North,Lucknow,Distributor,Apparel,Denim Jacket,6,2675.84,0.0,16055.04,0.0,16055.04,1796.08,10776.48,5278.56,Net Banking
101662,2024-02-04,CUST1411,Individual,South,Bengaluru,Online,Electronics,Bluetooth Speaker,3,5571.74,0.0,16715.22,0.0,16715.22,3658.94,10976.82,5738.4,Net Banking
100343,2024-04-01,CUST1597,Individual,West,Pune,Online,Electronics,Power Bank,5,3888.16,0.2,19440.8,3888.16,15552.64,2482.36,12411.8,3140.84,UPI
105166,2025-10-05,CUST1930,Individual,Central,Bhopal,Online,Stationery,Notebook Set,3,345.97,0.0,1037.91,0.0,1037.91,255.14,765.42,272.49,UPI
102899,2024-06-14,CUST1955,Small Business,West,Ahmedabad,Online,Furniture,Filing Cabinet,2,14857.74,0.15,29715.48,4457.32,25258.16,10917.93,21835.86,3422.3,Cash on Delivery
102475,2024-08-05,CUST2783,Small Business,East,Bhubaneswar,Online,Furniture,Bookshelf,2,12115.53,0.15,24231.06,3634.66,20596.4,7857.68,15715.36,4881.04,UPI
102432,2025-05-05,CUST4361,Individual,West,Pune,Online,Furniture,Bookshelf,2,3140.36,0.0,6280.72,0.0,6280.72,2355.16,4710.32,1570.4,Credit Card
100141,2025-06-16,CUST4305,Small Business,South,Hyderabad,Retail Store,Groceries,Organic Coffee,1,461.57,0.1,461.57,46.16,415.41,296.55,296.55,118.86,Credit Card
101642,2024-01-03,CUST4927,Individual,Central,Raipur,Online,Furniture,Filing Cabinet,1,11187.47,0.0,11187.47,0.0,11187.47,6274.45,6274.45,4913.02,Credit Card
102028,2024-06-06,CUST2780,Small Business,North,Lucknow,Distributor,Stationery,Gel Pens Pack,3,580.26,0.1,1740.78,174.08,1566.7,332.46,997.38,569.32,Net Banking
102851,2024-06-03,CUST3057,Small Business,Central,Bhopal,Retail Store,GROCERIES,Olive Oil,3,477.77,0.0,1433.31,0.0,1433.31,287.3,861.9,571.41,Net Banking
100228,2025-08-03,CUST1153,Small Business,North,Delhi,Retail Store,Stationery,Desk Organizer,1,485.97,0.1,485.97,48.6,437.37,326.47,326.47,110.9,Credit Card
102634,2025-04-14,CUST4620,Individual,Central,Bhopal,Retail Store,Furniture,Desk Lamp,3,8332.05,0.2,24996.15,4999.23,19996.92,4862.5,14587.5,5409.42,UPI
101956,2024-06-16,CUST2856,Small Business,South,Chennai,Online,Apparel,Wool Sweater,3,1894.09,0.05,5682.27,284.11,5398.16,1155.63,3466.89,1931.27,Credit Card
102442,2025-11-20,CUST4621,Individual,East,Kolkata,Online,Stationery,Notebook Set,3,496.99,0.0,1490.97,0.0,1490.97,279.44,838.32,652.65,Cash on Delivery
105508,2025-08-14,CUST4735,Enterprise,Central,Raipur,Retail Store,Furniture,Filing Cabinet,6,5484.87,0.0,32909.22,0.0,32909.22,3982.45,23894.7,9014.52,Debit Card
103275,2024-12-24,CUST2048,Individual,Central,Raipur,Retail Store,Groceries,Granola Bars,3,688.64,0.0,2065.92,0.0,2065.92,464.52,1393.56,672.36,Credit Card
100164,2024-04-15,CUST1994,Small Business,East,Bhubaneswar,Online,Electronics,Wireless Mouse,1,5291.33,0.1,5291.33,529.13,4762.2,3868.18,3868.18,894.02,Debit Card
102387,2025-11-03,CUST2365,Individual,South,Bengaluru,Online,Apparel,Cotton T-Shirt,6,1729.06,0.15,10374.36,1556.15,8818.21,1273.61,7641.66,1176.55,Net Banking
103055,2025-12-09,CUST1286,Small Business,South,Bengaluru,Retail Store,Apparel,Wool Sweater,3,1456.46,0.2,4369.38,873.88,3495.5,954.72,2864.16,631.34,Cash on Delivery
102306,2025-07-11,CUST2974,Individual,East,,Online,Stationery,Notebook Set,3,205.91,0.0,617.73,0.0,617.73,113.52,340.56,277.17,
101732,2025-12-27,CUST1065,Individual,East,Patna,Online,Stationery,Whiteboard,1,225.41,0.0,225.41,0.0,225.41,159.09,159.09,66.32,Cash on Delivery
103472,2025-07-20,CUST4739,Individual,West,Mumbai,Online,Groceries,Granola Bars,3,822.03,0.15,2466.09,369.91,2096.18,548.21,1644.63,451.55,Credit Card
102531,2025-05-03,CUST1223,Enterprise,North,Chandigarh,Distributor,Groceries,Green Tea Pack,4,672.95,0.1,2691.8,269.18,2422.62,431.17,1724.68,697.94,Debit Card
102277,2025-11-04,CUST2203,Individual,West,Ahmedabad,Online,Groceries,Olive Oil,8,218.74,0.2,1749.92,349.98,1399.94,151.7,1213.6,186.34,Debit Card
102797,2024-08-16,CUST4742,Individual,North,Lucknow,Online,Furniture,Filing Cabinet,2,6761.19,0.0,13522.38,0.0,13522.38,3739.63,7479.26,6043.12,Net Banking
105688,2025-08-22,CUST1254,Individual,South,Bengaluru,Retail Store,Furniture,Desk Lamp,3,9592.09,0.0,28776.27,0.0,28776.27,5539.64,16618.92,12157.35,UPI
101650,2025-01-14,CUST2091,Enterprise,North,Chandigarh,Online,Apparel,Rain Jacket,1,2062.91,0.05,2062.91,103.15,1959.76,1258.44,1258.44,701.32,Cash on Delivery
100428,2025-06-16,CUST4232,Individual,Central,Nagpur,Retail Store,Apparel,Wool Sweater,5,1826.02,0.2,9130.1,1826.02,7304.08,1116.24,5581.2,1722.88,Net Banking
105849,2025-07-14,CUST3702,Individual,East,Patna,Retail Store,Apparel,Rain Jacket,5,1732.77,0.2,8663.85,1732.77,6931.08,965.11,4825.55,2105.53,Debit Card
100450,2025-03-30,CUST1430,Individual,West,Pune,Distributor,Furniture,Desk Lamp,-1,12933.76,0.15,38801.28,5820.19,32981.09,8385.34,25156.02,7825.07,Cash on Delivery
102186,2025-08-19,CUST2438,,North,,Online,Electronics,Power Bank,1,2557.75,,2557.75,383.66,2174.09,1566.88,1566.88,607.21,
103689,2025-06-21,CUST1602,Small Business,Central,Raipur,Distributor,Apparel,Running Shoes,2,473.05,0.0,946.1,0.0,946.1,337.41,674.82,271.28,Credit Card
101758,2025-12-07,CUST2482,Individual,East,Patna,Online,Electronics,Power Bank,4,2921.64,0.05,11686.56,584.33,11102.23,2067.93,8271.72,2830.51,Debit Card
102969,2025-01-28,CUST2528,Individual,Central,Raipur,Online,Stationery,Gel Pens Pack,1,269.8,0.0,269.8,0.0,269.8,174.55,174.55,95.25,UPI
100314,2024-10-04,CUST1683,Individual,Central,Raipur,Distributor,Groceries,Almond Butter,4,338.74,0.15,1354.96,203.24,1151.72,191.73,766.92,384.8,Cash on Delivery
104700,2024-10-09,CUST3146,Individual,East,Patna,Retail Store,Groceries,Granola Bars,6,793.27,0.0,4759.62,0.0,4759.62,519.28,3115.68,1643.94,Net Banking
101877,2025-02-16,CUST4212,Enterprise,Central,Nagpur,Online,Groceries,Granola Bars,1,528.24,0.2,528.24,105.65,422.59,302.18,302.18,120.41,Credit Card
100370,2025-11-25,CUST4450,Small Business,Central,Bhopal,Online,Apparel,Rain Jacket,3,2920.99,0.05,8762.97,438.15,8324.82,1972.55,5917.65,2407.17,Net Banking
103187,2024-04-17,CUST2609,Individual,North,Delhi,Distributor,Apparel,Cotton T-Shirt,5,1065.74,0.0,5328.7,0.0,5328.7,610.0,3050.0,2278.7,Cash on Delivery
101577,2024-07-10,CUST1088,Enterprise,West,Pune,Distributor,Apparel,Denim Jacket,2,2655.41,0.0,5310.82,0.0,5310.82,1824.8,3649.6,1661.22,Debit Card
103900,2025-10-22,CUST3071,Individual,West,Ahmedabad,Retail Store,Electronics,USB-C Hub,3,1733.65,0.0,5200.95,0.0,5200.95,1299.2,3897.6,1303.35,Cash on Delivery
100665,2024-04-09,CUST1733,Individual,East,Bhubaneswar,Distributor,Electronics,Bluetooth Speaker,3,3165.0,0.0,9495.0,0.0,9495.0,1797.23,5391.69,4103.31,Credit Card
103558,2024-11-17,CUST3536,Individual,Central,Raipur,Retail Store,Apparel,Denim Jacket,3,2899.58,0.15,8698.74,1304.81,7393.93,2058.82,6176.46,1217.47,Net Banking
103791,2024-09-29,CUST1378,Individual,East,Patna,Online,Apparel,Denim Jacket,8,2491.64,0.05,19933.12,996.66,18936.46,1527.66,12221.28,6715.18,Credit Card
103367,2024-09-03,CUST4609,Individual,North,Delhi,Online,Stationery,Notebook Set,2,113.97,0.0,227.94,0.0,227.94,83.41,166.82,61.12,Net Banking
102585,2025-07-07,CUST4494,Individual,South,,Retail Store,Stationery,Gel Pens Pack,2,625.99,0.0,1251.98,0.0,1251.98,434.75,869.5,382.48,Net Banking
103424,2024-07-30,CUST4461,Individual,South,Chennai,Distributor,GROCERIES,Almond Butter,7,341.73,0.2,2392.11,478.42,1913.69,214.19,1499.33,414.36,Net Banking
102135,2024-03-15,CUST4205,Enterprise,West,Mumbai,Online,Groceries,Granola Bars,2,537.3,0.15,1074.6,161.19,913.41,375.93,751.86,161.55,Cash on Delivery
102889,2024-06-16,CUST3727,Individual,Central,Raipur,Online,Apparel,Denim Jacket,1,595.2,0.15,595.2,89.28,505.92,361.34,361.34,144.58,Net Banking
104096,2025-05-19,CUST2688,Small Business,South,Chennai,Retail Store,Groceries,Olive Oil,5,204.09,0.15,1020.45,153.07,867.38,132.31,661.55,205.83,UPI
104589,2024-06-25,CUST2119,Small Business,East,Bhubaneswar,Online,Stationery,Notebook Set,1,139.1,0.0,139.1,0.0,139.1,92.78,92.78,46.32,UPI
104214,2024-12-27,CUST4732,Individual,West,Mumbai,Retail Store,Apparel,Cotton T-Shirt,3,537.76,0.0,1613.28,0.0,1613.28,396.68,1190.04,423.24,Cash on Delivery
100679,2025-03-06,CUST4035,Small Business,West,Ahmedabad,Online,Furniture,Standing Desk,1,6557.98,0.15,6557.98,983.7,5574.28,4530.04,4530.04,1044.24,UPI
100127,2025-01-12,CUST1698,Individual,West,Ahmedabad,Online,Apparel,Cotton T-Shirt,4,2927.35,0.0,11709.4,0.0,11709.4,1951.68,7806.72,3902.68,Credit Card
102216,2025-07-21,CUST2225,Individual,Central,Nagpur,Online,Stationery,Gel Pens Pack,2,159.67,0.1,319.34,31.93,287.41,118.79,237.58,49.83,Net Banking
101671,2024-05-01,CUST3244,Enterprise,North,Delhi,Retail Store,APPAREL,Running Shoes,3,1951.71,0.05,5855.13,292.76,5562.37,1099.37,3298.11,2264.26,Credit Card
102858,2025-07-01,CUST2281,Individual,South,Chennai,Online,Electronics,USB-C Hub,5,5645.81,0.0,28229.05,0.0,28229.05,3876.61,19383.05,8846.0,Cash on Delivery
102303,2025-12-05,CUST3386,Individual,South,Bengaluru,Online,Stationery,Gel Pens Pack,1,309.76,0.1,309.76,30.98,278.78,187.83,187.83,90.95,UPI
101901,18/08/2024,CUST1211,Enterprise,Central,Nagpur,Online,Apparel,Wool Sweater,4,909.64,0.15,3638.56,545.78,3092.78,502.3,2009.2,1083.58,Credit Card
104932,2024-11-12,CUST1048,Small Business,East,Kolkata,Retail Store,Furniture,Desk Lamp,11,8687.66,0.1,95564.26,9556.43,86007.83,6318.04,69498.44,16509.39,UPI
104867,2025-04-02,CUST1969,Small Business,Central,Bhopal,Online,Stationery,Notebook Set,6,548.58,0.1,3291.48,329.15,2962.33,354.89,2129.34,832.99,Net Banking
104723,2024-07-22,CUST1859,Individual,Central,Raipur,Online,Electronics,Webcam HD,1,5444.91,0.15,5444.91,816.74,4628.17,3097.33,3097.33,1530.84,Net Banking
100371,2024-06-18,CUST2239,Small Business,West,Mumbai,Retail Store,Stationery,Desk Organizer,3,227.34,0.05,682.02,34.1,647.92,162.75,488.25,159.67,Net Banking
102838,2024-10-20,CUST3994,Small Business,Central,Nagpur,Online,Furniture,Desk Lamp,4,10161.51,0.0,40646.04,0.0,40646.04,7247.79,28991.16,11654.88,Cash on Delivery
104555,2025-05-27,CUST3459,Small Business,South,Bengaluru,Retail Store,Groceries,Green Tea Pack,2,777.67,0.0,1555.34,0.0,1555.34,454.42,908.84,646.5,Credit Card
101273,2024-01-30,CUST2502,Individual,Central,Nagpur,Online,Apparel,Denim Jacket,2,2658.45,0.0,5316.9,0.0,5316.9,1728.57,3457.14,1859.76,Cash on Delivery
100286,2024-09-26,CUST4347,Individual,Central,Bhopal,Online,Stationery,Desk Organizer,3,642.49,0.1,1927.47,192.75,1734.72,405.52,1216.56,518.16,Cash on Delivery
100096,2025-07-26,CUST2991,Individual,South,Hyderabad,Retail Store,Groceries,Almond Butter,6,381.65,0.0,2289.9,0.0,2289.9,282.24,1693.44,596.46,Debit Card
101171,2024-03-01,CUST1053,Individual,North,Delhi,Online,Electronics,Webcam HD,4,1321.96,0.1,5287.84,528.78,4759.06,738.35,2953.4,1805.66,Cash on Delivery
103085,2024-05-23,CUST4718,Enterprise,East,Patna,Retail Store,Furniture,Standing Desk,4,2495.78,0.15,9983.12,1497.47,8485.65,1490.93,5963.72,2521.93,Net Banking
104097,2024-04-18,CUST3698,Individual,South,Chennai,Distributor,Furniture,Desk Lamp,3,9963.03,0.1,29889.09,2988.91,26900.18,7161.14,21483.42,5416.76,UPI
101229,2024-06-12,CUST4201,Individual,West,Mumbai,Online,Groceries,Granola Bars,3,504.36,0.15,1513.08,226.96,1286.12,342.04,1026.12,260.0,Debit Card
104298,2024-07-28,CUST2798,Small Business,Central,Raipur,Online,Stationery,Whiteboard,5,331.51,0.15,1657.55,248.63,1408.92,238.55,1192.75,216.17,Credit Card
104879,2025-04-11,CUST1365,Individual,North,Lucknow,Retail Store,Groceries,Green Tea Pack,2,478.32,0.0,956.64,0.0,956.64,304.45,608.9,347.74,UPI
100172,2025-12-08,CUST3134,Individual,East,Kolkata,Online,Stationery,Gel Pens Pack,6,273.37,0.05,1640.22,82.01,1558.21,193.23,1159.38,398.83,Net Banking
102467,2025-09-05,CUST3523,Individual,Central,Bhopal,Distributor,Groceries,Organic Coffee,5,709.66,0.05,3548.3,177.42,3370.88,524.1,2620.5,750.38,Debit Card
103622,2024-12-26,CUST1119,Enterprise,West,Pune,Online,Electronics,USB-C Hub,1,4642.89,0.15,4642.89,696.43,3946.46,2693.09,2693.09,1253.37,Credit Card
101004,2025-09-22,CUST1273,Individual,East,Kolkata,Online,Stationery,Notebook Set,2,222.03,0.0,444.06,0.0,444.06,129.52,259.04,185.02,Net Banking
103819,2025-11-23,CUST4345,Small Business,North,Delhi,Distributor,Groceries,Granola Bars,3,685.82,0.0,2057.46,0.0,2057.46,454.45,1363.35,694.11,Debit Card
105404,2025-01-14,CUST1124,Individual,East,Patna,Online,Stationery,Desk Organizer,1,109.75,0.0,109.75,0.0,109.75,75.38,75.38,34.37,UPI
101603,2024-05-23,CUST3181,Individual,East,Bhubaneswar,Retail Store,Apparel,Rain Jacket,3,991.13,0.05,2973.39,148.67,2824.72,638.52,1915.56,909.16,Credit Card
103084,2024-10-29,CUST3010,Individual,West,Pune,Retail Store,Electronics,Power Bank,2,995.96,0.0,1991.92,0.0,1991.92,566.98,1133.96,857.96,Net Banking
103200,2024-12-14,CUST1196,Individual,Central,Raipur,Online,Apparel,Cotton T-Shirt,6,538.68,0.1,3232.08,323.21,2908.87,316.4,1898.4,1010.47,Credit Card
100251,2025-01-16,CUST3975,,North,,Online,Apparel,Denim Jacket,2,2479.74,,4959.48,0.0,4959.48,1429.58,2859.16,2100.32,
103798,2024-07-27,CUST1875,Enterprise,North,Delhi,Online,Furniture,Filing Cabinet,7,13965.5,0.2,97758.5,19551.7,78206.8,9219.58,64537.06,13669.74,Net Banking
103241,2025-07-03,CUST2028,Individual,South,Chennai,Distributor,Apparel,Denim Jacket,1,2012.6,0.2,2012.6,402.52,1610.08,1284.63,1284.63,325.45,Debit Card
102747,2025-12-10,CUST1354,Small Business,South,Bengaluru,Online,Stationery,Sticky Notes,1,302.88,0.0,302.88,0.0,302.88,182.34,182.34,120.54,Net Banking
100049,2025-07-30,CUST2756,Small Business,South,Bengaluru,Retail Store,Apparel,Cotton T-Shirt,1,1758.69,0.2,1758.69,351.74,1406.95,1174.29,1174.29,232.66,Cash on Delivery
100112,2024-03-19,CUST3883,Individual,Central,Nagpur,Online,Stationery,Gel Pens Pack,3,428.24,0.0,1284.72,0.0,1284.72,301.91,905.73,378.99,Net Banking
101779,2025-03-13,CUST2813,Individual,North,Lucknow,Online,Furniture,Desk Lamp,4,4023.06,0.0,16092.24,0.0,16092.24,2845.79,11383.16,4709.08,Debit Card
100951,2024-07-23,CUST2221,Small Business,Central,Bhopal,Online,Furniture,Desk Lamp,5,12385.03,0.2,61925.15,12385.03,49540.12,8923.91,44619.55,4920.57,Credit Card
100194,2024-08-08,CUST3094,Small Business,West,Ahmedabad,Online,Electronics,Wireless Mouse,3,3002.59,0.0,9007.77,0.0,9007.77,1837.53,5512.59,3495.18,Debit Card
105403,2025-09-18,CUST4254,Individual,South,Hyderabad,Distributor,Stationery,Gel Pens Pack,3,262.64,0.0,787.92,0.0,787.92,162.99,488.97,298.95,UPI
100613,2025-08-28,CUST3844,Individual,South,Hyderabad,Retail Store,Apparel,Running Shoes,1,824.63,0.15,824.63,123.69,700.94,523.7,523.7,177.24,Credit Card
102318,2024-06-20,CUST4204,Individual,East,Kolkata,Distributor,Furniture,Office Chair,5,11481.33,0.0,57406.65,0.0,57406.65,7992.4,39962.0,17444.65,Net Banking
105259,2025-08-10,CUST1029,Individual,West,Ahmedabad,Online,Groceries,Organic Coffee,3,202.35,0.05,607.05,30.35,576.7,146.81,440.43,136.27,Credit Card
100153,2024-12-03,CUST1573,Individual,Central,Bhopal,Online,Furniture,Filing Cabinet,1,14564.61,0.2,14564.61,2912.92,11651.69,9036.4,9036.4,2615.29,Net Banking
100110,2024-12-25,CUST4902,Small Business,East,Bhubaneswar,Distributor,Groceries,Organic Coffee,1,454.66,0.15,454.66,68.2,386.46,311.84,311.84,74.62,Net Banking
105697,2024-01-16,CUST2042,Small Business,North,Chandigarh,Retail Store,Groceries,Granola Bars,2,798.24,0.1,1596.48,159.65,1436.83,512.11,1024.22,412.61,Cash on Delivery
100673,2025-12-14,CUST4042,Small Business, Central  ,Nagpur,Retail Store,Groceries,Almond Butter,1,612.38,0.2,612.38,122.48,489.9,451.81,451.81,38.09,Debit Card
103384,2024-02-06,CUST2833,Small Business,West,Mumbai,Online,Groceries,Granola Bars,1,604.66,0.05,604.66,30.23,574.43,377.27,377.27,197.16,Credit Card
105151,2025-03-30,CUST4014,Individual,South,Hyderabad,Distributor,Electronics,Wireless Mouse,3,3067.89,0.1,9203.67,920.37,8283.3,2113.41,6340.23,1943.07,Net Banking
102317,2025-03-13,CUST4348,Individual,East,Patna,Online,Stationery,Whiteboard,4,429.02,0.0,1716.08,0.0,1716.08,320.95,1283.8,432.28,Cash on Delivery
102929,2024-08-08,CUST4249,Individual,Central,Bhopal,Online,Groceries,Olive Oil,4,803.24,0.0,3212.96,0.0,3212.96,550.3,2201.2,1011.76,Debit Card
105829,2025-05-16,CUST4487,Small Business,Central,Raipur,Online,Furniture,Filing Cabinet,2,13550.99,0.0,27101.98,0.0,27101.98,8032.52,16065.04,11036.94,Debit Card
103029,2025-01-03,CUST4411,Individual,North,Lucknow,Online,Groceries,Almond Butter,7,681.27,0.05,4768.89,238.44,4530.45,475.71,3329.97,1200.48,Debit Card
102259,2024-03-25,CUST3406,Small Business,Central,Nagpur,Retail Store,Groceries,Olive Oil,1,563.12,0.0,563.12,0.0,563.12,421.95,421.95,141.17,Debit Card
103536,2025-09-13,CUST3350,Individual,East,Kolkata,Retail Store,Groceries,Almond Butter,2,225.25,0.05,450.5,22.53,427.97,156.4,312.8,115.17,Net Banking
102856,2024-02-14,CUST1585,Small Business,North,Delhi,Online,Electronics,USB-C Hub,3,5893.14,0.05,17679.42,883.97,16795.45,3291.91,9875.73,6919.72,Debit Card
101309,2025-07-28,CUST2579,Individual,East,Patna,Online,Groceries,Olive Oil,3,382.13,0.05,1146.39,57.32,1089.07,272.55,817.65,271.42,Cash on Delivery
101158,2024-08-03,CUST4554,Small Business,North,Delhi,Retail Store,Stationery,Notebook Set,7,267.73,0.05,1874.11,93.71,1780.4,162.09,1134.63,645.77,UPI
104365,15/06/2025,CUST3865,Enterprise,Central,Nagpur,Retail Store,Stationery,Notebook Set,1,437.4,0.0,437.4,0.0,437.4,323.38,323.38,114.02,Debit Card
102937,2024-05-22,CUST3506,Individual,West,Pune,Online,Stationery,Whiteboard,3,530.46,0.0,1591.38,0.0,1591.38,317.6,952.8,638.58,Credit Card
105819,2024-06-18,CUST2153,Individual,South,Chennai,Distributor,Groceries,Green Tea Pack,3,200.94,0.05,602.82,30.14,572.68,131.74,395.22,177.46,Cash on Delivery
102932,2025-11-06,CUST4855,Small Business,Central,Raipur,Online,Apparel,Running Shoes,8,1894.22,0.2,15153.76,3030.75,12123.01,1228.65,9829.2,2293.81,Net Banking
103505,2024-10-06,CUST3916,Enterprise,West,Pune,Online,Furniture,Office Chair,2,6385.02,0.05,12770.04,638.5,12131.54,3579.5,7159.0,4972.54,Credit Card
103990,2025-09-08,CUST3379,Individual,Central,Bhopal,Online,Apparel,Denim Jacket,5,1906.5,0.15,9532.5,1429.88,8102.62,1247.85,6239.25,1863.37,UPI
102109,2024-04-29,CUST2305,Individual,South,Chennai,Online,Apparel,Denim Jacket,4,2105.44,0.05,8421.76,421.09,8000.67,1187.84,4751.36,3249.31,UPI
105265,2024-11-28,CUST2379,Individual,West,Ahmedabad,Distributor,Apparel,Wool Sweater,3,428.51,0.15,1285.53,192.83,1092.7,288.9,866.7,226.0,Credit Card
104024,2025-07-10,CUST1575,Individual,North,Delhi,Distributor,Groceries,Green Tea Pack,1,195.41,0.0,195.41,0.0,195.41,141.74,141.74,53.67,UPI
105200,2025-06-19,CUST3490,Individual,South,Chennai,Retail Store,Groceries,Organic Coffee,5,645.71,0.1,3228.55,322.86,2905.69,362.0,1810.0,1095.69,UPI
104530,2024-04-04,CUST4850,Individual,North,Chandigarh,Online,Groceries,Olive Oil,2,634.65,0.1,1269.3,126.93,1142.37,397.1,794.2,348.17,Debit Card
105031,2024-03-07,CUST3245,Individual,West,Mumbai,Retail Store,Electronics,Laptop Stand,2,5317.22,0.0,10634.44,0.0,10634.44,3355.29,6710.58,3923.86,Cash on Delivery
105749,2025-01-09,CUST4053,Individual,North,Delhi,Retail Store,Stationery,Gel Pens Pack,2,599.68,0.0,1199.36,0.0,1199.36,404.02,808.04,391.32,Credit Card
104301,2024-08-27,CUST4438,Small Business,West,Mumbai,Distributor,Electronics,Laptop Stand,2,5085.73,0.1,10171.46,1017.15,9154.31,3226.31,6452.62,2701.69,Net Banking
104038,2024-05-03,CUST2812,Individual,East,Bhubaneswar,Online,Groceries,Olive Oil,4,360.05,0.0,1440.2,0.0,1440.2,268.18,1072.72,367.48,Credit Card
100883,2025-08-02,CUST3755,Individual,Central,Raipur,Online,Groceries,Granola Bars,5,221.19,0.0,1105.95,0.0,1105.95,137.61,688.05,417.9,Debit Card
104447,2024-07-06,CUST4049,Enterprise,South,Hyderabad,Distributor,Furniture,Bookshelf,5,11664.74,0.1,58323.7,5832.37,52491.33,7326.74,36633.7,15857.63,Cash on Delivery
100568,2024-09-13,CUST1660,Individual,South,Chennai,Retail Store,Electronics,Power Bank,2,1154.83,0.2,2309.66,461.93,1847.73,699.63,1399.26,448.47,Cash on Delivery
105040,2025-07-20,CUST1655,Small Business,South,Hyderabad,Retail Store,Stationery,Sticky Notes,2,200.39,0.15,400.78,60.12,340.66,143.88,287.76,52.9,Cash on Delivery
103398,2025-05-13,CUST1433,Individual,Central,Nagpur,Distributor,Stationery,Whiteboard,3,181.76,0.1,545.28,54.53,490.75,104.94,314.82,175.93,Cash on Delivery
101407,2024-03-01,CUST2047,Individual,Central,Nagpur,Online,Stationery,Whiteboard,1,425.97,0.0,425.97,0.0,425.97,297.7,297.7,128.27,UPI
103370,2024-04-11,CUST1700,Individual,East,Patna,Retail Store,Furniture,Standing Desk,1,14310.52,0.0,14310.52,0.0,14310.52,9530.96,9530.96,4779.56,Net Banking
103471,2024-05-04,CUST1902,Individual,South,Chennai,Retail Store,Groceries,Green Tea Pack,3,402.68,0.1,1208.04,120.8,1087.24,246.36,739.08,348.16,Cash on Delivery
100316,2024-10-17,CUST1553,Individual,South,Hyderabad,Retail Store,Groceries,Green Tea Pack,5,500.4,0.0,2502.0,0.0,2502.0,330.12,1650.6,851.4,Credit Card
100573,2024-11-27,CUST4143,Individual,West,Ahmedabad,Online,Furniture,Office Chair,6,10553.5,0.0,63321.0,0.0,63321.0,6672.13,40032.78,23288.22,Cash on Delivery
101788,2024-09-04,CUST3392,Small Business,East,Kolkata,Retail Store,Apparel,Rain Jacket,3,1592.82,0.0,4778.46,0.0,4778.46,1157.07,3471.21,1307.25,Debit Card
104239,02-24-2024,CUST2920,Enterprise,South,Hyderabad,Online,GROCERIES,Olive Oil,2,456.53,0.05,913.06,45.65,867.41,302.31,604.62,262.79,Debit Card
103126,2024-10-08,CUST2981,Enterprise,Central,Bhopal,Retail Store,Apparel,Running Shoes,3,820.52,0.0,2461.56,0.0,2461.56,539.25,1617.75,843.81,Debit Card
103127,2024-10-03,CUST3020,Individual,North,Delhi,Retail Store,Stationery,Sticky Notes,2,414.84,0.0,829.68,0.0,829.68,309.47,618.94,210.74,UPI
104525,2024-03-16,CUST1496,,South,,Retail Store,Furniture,Office Chair,1,2972.04,,2972.04,594.41,2377.63,2032.39,2032.39,345.24,
101675,2024-06-08,CUST1455,Individual,South,Hyderabad,Online,Groceries,Olive Oil,3,182.13,0.15,546.39,81.96,464.43,133.72,401.16,63.27,Net Banking
105195,2025-10-28,CUST3339,Individual,South,Chennai,Retail Store,Electronics,Laptop Stand,1,1702.3,0.15,1702.3,255.34,1446.96,1132.24,1132.24,314.72,Debit Card
105833,2024-07-17,CUST3991,Small Business,East,Patna,Online,Apparel,Denim Jacket,3,2344.34,0.2,7033.02,1406.6,5626.42,1710.13,5130.39,496.03,UPI
105857,2025-04-14,CUST2372,Individual,Central,Bhopal,Online,Electronics,Webcam HD,5,4380.3,0.05,21901.5,1095.08,20806.42,2534.56,12672.8,8133.62,Net Banking
104728,2025-05-30,CUST2013,Small Business,North,Lucknow,Retail Store,Furniture,Office Chair,6,5296.21,0.2,31777.26,6355.45,25421.81,3344.61,20067.66,5354.15,Credit Card
101142,2025-12-10,CUST1968,Small Business,North,Delhi,Distributor,Groceries,Almond Butter,4,322.18,0.0,1288.72,0.0,1288.72,181.89,727.56,561.16,Credit Card
105932,2025-08-02,CUST2216,Individual,East,Patna,Retail Store,Groceries,Almond Butter,2,403.23,0.05,806.46,40.32,766.14,302.36,604.72,161.42,Debit Card
104450,2024-10-14,CUST3597,Small Business,South,Chennai,Retail Store,Apparel,Cotton T-Shirt,4,2120.4,0.1,8481.6,848.16,7633.44,1363.23,5452.92,2180.52,Credit Card
105885,2025-05-03,CUST2627,Individual,Central,,Distributor,FURNITURE,Standing Desk,2,7040.06,0.1,14080.12,1408.01,12672.11,4217.07,8434.14,4237.97,
103805,2025-12-29,CUST1500,Individual,East,Kolkata,Online,Groceries,Green Tea Pack,3,881.38,0.05,2644.14,132.21,2511.93,606.73,1820.19,691.74,Credit Card
105822,2025-02-03,CUST2375,Enterprise,South,Hyderabad,Retail Store,Electronics,Webcam HD,3,1380.85,0.15,4142.55,621.38,3521.17,986.11,2958.33,562.84,UPI
105665,2024-05-08,CUST4428,Small Business,West,Pune,Online,Furniture,Office Chair,2,11997.89,0.15,23995.78,3599.37,20396.41,8201.23,16402.46,3993.95,Credit Card
104893,2024-01-12,CUST2790,Individual,South,Hyderabad,Retail Store,ELECTRONICS,Laptop Stand,4,5753.27,0.0,23013.08,0.0,23013.08,4231.22,16924.88,6088.2,Cash on Delivery
101599,2024-10-11,CUST4594,Small Business,East,Bhubaneswar,Retail Store,Electronics,Bluetooth Speaker,3,4117.44,0.2,12352.32,2470.46,9881.86,3001.88,9005.64,876.22,Debit Card
100930,2024-11-03,CUST2711,Individual,North,Lucknow,Online,Groceries,Green Tea Pack,6,887.68,0.1,5326.08,532.61,4793.47,646.42,3878.52,914.95,Net Banking
100749,09-16-2025,CUST1157,Individual,North,Chandigarh,Online,Stationery,Sticky Notes,3,486.71,0.0,1460.13,0.0,1460.13,278.83,836.49,623.64,Net Banking
104247,2025-12-21,CUST2449,Small Business,East,Patna,Distributor,Apparel,Wool Sweater,1,2585.8,0.05,2585.8,129.29,2456.51,1529.42,1529.42,927.09,UPI
100624,2025-10-08,CUST2222,Small Business,South,Chennai,Distributor,Stationery,Whiteboard,2,300.56,0.1,601.12,60.11,541.01,192.98,385.96,155.05,Debit Card
105743,2024-08-13,CUST2690,Individual,South,Hyderabad,Distributor,Electronics,Wireless Mouse,2,2119.58,0.05,4239.16,211.96,4027.2,1448.54,2897.08,1130.12,Debit Card
104121,2025-03-08,CUST2461,Individual,East,Bhubaneswar,Retail Store,Stationery,Notebook Set,2,443.96,0.2,887.92,177.58,710.34,266.87,533.74,176.6,Credit Card
104086,2025-03-14,CUST2156,Enterprise,East,Patna,Online,Groceries,Olive Oil,2,331.56,0.0,663.12,0.0,663.12,184.66,369.32,293.8,Debit Card
102846,2024-03-08,CUST4481,Individual,Central,Bhopal,Online,Groceries,Almond Butter,4,155.11,0.15,620.44,93.07,527.37,114.26,457.04,70.33,Cash on Delivery
101058,2025-05-03,CUST3954,Individual,South,Chennai,Online,Groceries,Almond Butter,3,861.39,0.0,2584.17,0.0,2584.17,492.68,1478.04,1106.13,UPI
101065,2025-09-04,CUST2354,Individual,North,Chandigarh,Retail Store,Stationery,Gel Pens Pack,2,695.2,0.2,1390.4,278.08,1112.32,439.62,879.24,233.08,Debit Card
103100,2024-02-29,CUST4516,Individual,West,Mumbai,Online,Apparel,Wool Sweater,2,2907.7,0.15,5815.4,872.31,4943.09,1997.43,3994.86,948.23,Debit Card
103556,2025-06-11,CUST1166,Enterprise,South,Chennai,Online,Groceries,Almond Butter,3,175.55,0.0,526.65,0.0,526.65,128.86,386.58,140.07,Cash on Delivery
105176,2025-11-21,CUST3138,Small Business,Central,Nagpur,Online,Groceries,Granola Bars,6,613.57,0.1,3681.42,368.14,3313.28,353.85,2123.1,1190.18,Cash on Delivery
104480,2024-04-17,CUST3690,Individual,South,Chennai,Online,Stationery,Sticky Notes,5,273.11,0.1,1365.55,136.56,1228.99,174.32,871.6,357.39,Credit Card
101635,2025-08-19,CUST1010,Small Business,West,Ahmedabad,Online,Furniture,Standing Desk,1,2584.76,0.2,2584.76,516.95,2067.81,1704.69,1704.69,363.12,Net Banking
104689,2025-01-11,CUST4991,Enterprise,East,Bhubaneswar,Retail Store,Electronics,Webcam HD,5,2271.74,0.0,11358.7,0.0,11358.7,1541.3,7706.5,3652.2,Cash on Delivery
100480,2025-09-03,CUST1186,Enterprise,North,Lucknow,Online,Apparel,Cotton T-Shirt,1,1976.57,0.15,1976.57,296.49,1680.08,1382.9,1382.9,297.18,Net Banking
100230,2024-11-06,CUST2809,Individual,West,Ahmedabad,Retail Store,Apparel,Running Shoes,3,2547.14,0.15,7641.42,1146.21,6495.21,1446.41,4339.23,2155.98,UPI
102191,2025-02-25,CUST4076,Individual,North,Lucknow,Online,Stationery,Whiteboard,3,450.42,0.0,1351.26,0.0,1351.26,311.43,934.29,416.97,Cash on Delivery
100250,2024-10-24,CUST1380,Individual,West,Ahmedabad,Online,Apparel,Running Shoes,3,1254.52,0.0,3763.56,0.0,3763.56,910.4,2731.2,1032.36,Credit Card
104047,2025-05-09,CUST4646,Individual, Central  ,Raipur,Online,Stationery,Desk Organizer,5,186.08,0.15,930.4,139.56,790.84,102.48,512.4,278.44,Debit Card
105397,2024-06-05,CUST1683,Individual,West,Pune,Online,Furniture,Desk Lamp,8,13519.97,0.0,108159.76,0.0,108159.76,9336.37,74690.96,33468.8,Net Banking
102388,22-Oct-2025,CUST4310,Individual,Central,Bhopal,Online,Furniture,Desk Lamp,4,11308.93,0.15,45235.72,6785.36,38450.36,8077.47,32309.88,6140.48,Cash on Delivery
102411,2024-11-11,CUST2211,Small Business,East,Bhubaneswar,Online,FURNITURE,Desk Lamp,3,13786.64,0.15,41359.92,6203.99,35155.93,8115.86,24347.58,10808.35,Credit Card
101990,2025-06-12,CUST3738,Enterprise,Central,Raipur,Online,Electronics,Wireless Mouse,1,2577.39,0.05,2577.39,128.87,2448.52,1868.03,1868.03,580.49,Credit Card
104441,2025-05-25,CUST4603,Small Business,North,Lucknow,Online,Electronics,USB-C Hub,2,4767.25,0.05,9534.5,476.73,9057.77,3014.21,6028.42,3029.35,Debit Card
101230,2025-09-21,CUST4863,Individual,North,Chandigarh,Retail Store,Electronics,USB-C Hub,3,3158.38,0.0,9475.14,0.0,9475.14,1817.02,5451.06,4024.08,Cash on Delivery
104062,2025-04-18,CUST3985,Individual,South,Hyderabad,Online,Groceries,Green Tea Pack,1,273.74,0.2,273.74,54.75,218.99,188.53,188.53,30.46,Credit Card
103272,2024-07-15,CUST2285,Individual,East,Kolkata,Online,Groceries,Granola Bars,6,712.48,0.1,4274.88,427.49,3847.39,483.51,2901.06,946.33,Net Banking
101525,2025-04-04,CUST4679,Individual,West,Mumbai,Distributor,Electronics,Wireless Mouse,2,2351.39,0.0,4702.78,0.0,4702.78,1536.67,3073.34,1629.44,UPI
100595,2025-09-13,CUST2827,Individual,Central,Raipur,Retail Store,Furniture,Standing Desk,2,3132.17,0.05,6264.34,313.22,5951.12,1827.97,3655.94,2295.18,Debit Card
104818,2024-04-25,CUST2498,Individual, North  ,Chandigarh,Distributor,Stationery,Sticky Notes,2,315.61,0.2,631.22,126.24,504.98,208.89,417.78,87.2,Debit Card
103919,2024-11-16,CUST2179,Individual,North,Delhi,Online,FURNITURE,Office Chair,6,2021.38,0.05,12128.28,606.41,11521.87,1120.72,6724.32,4797.55,UPI
103060,2025-03-04,CUST3610,Individual,North,Delhi,Retail Store,Stationery,Notebook Set,4,248.88,0.0,995.52,0.0,995.52,183.07,732.28,263.24,UPI
104104,2024-02-10,CUST3626,Small Business,East,Kolkata,Retail Store,Electronics,USB-C Hub,1,4141.68,0.0,4141.68,0.0,4141.68,2749.05,2749.05,1392.63,Credit Card
104868,2024-01-05,CUST4081,Small Business,West,Ahmedabad,Online,Furniture,Desk Lamp,4,5023.26,0.05,20093.04,1004.65,19088.39,3172.83,12691.32,6397.07,Net Banking
101442,2025-12-08,CUST2256,Individual,North,Delhi,Online,Apparel,Running Shoes,3,1781.11,0.15,5343.33,801.5,4541.83,1132.44,3397.32,1144.51,Debit Card
103862,2024-10-25,CUST4692,Individual,West,Ahmedabad,Retail Store,Electronics,USB-C Hub,3,1344.72,0.0,4034.16,0.0,4034.16,939.46,2818.38,1215.78,Cash on Delivery
101611,2025-03-06,CUST1271,Enterprise,East,Kolkata,Retail Store,Groceries,Almond Butter,2,179.84,0.0,359.68,0.0,359.68,115.56,231.12,128.56,Credit Card
105104,2024-03-28,CUST3874,Individual,South,Bengaluru,Online,Furniture,Office Chair,3,4909.19,0.0,14727.57,0.0,14727.57,3503.56,10510.68,4216.89,UPI
104553,2025-09-17,CUST4833,Individual,East,Patna,Retail Store,Stationery,Whiteboard,1,133.58,0.0,133.58,0.0,133.58,76.91,76.91,56.67,Credit Card
105147,2024-06-27,CUST3702,Small Business,North,Delhi,Distributor,Groceries,Organic Coffee,2,534.71,0.1,1069.42,106.94,962.48,355.03,710.06,252.42,Cash on Delivery
101344,06-Jun-2024,CUST2251,Individual,West,Ahmedabad,Online,Groceries,Granola Bars,2,395.04,0.0,790.08,0.0,790.08,248.04,496.08,294.0,Cash on Delivery
104998,2024-01-25,CUST4444,Small Business,North,Lucknow,Retail Store,Groceries,Green Tea Pack,1,764.26,0.0,764.26,0.0,764.26,474.42,474.42,289.84,UPI
105236,2024-09-02,CUST3576,Small Business,North,Delhi,Retail Store,Groceries,Organic Coffee,2,287.73,0.0,575.46,0.0,575.46,201.54,403.08,172.38,Net Banking
100800,2024-05-15,CUST2800,Individual,West,Ahmedabad,Online,Apparel,Cotton T-Shirt,3,889.44,0.0,2668.32,0.0,2668.32,535.33,1605.99,1062.33,Net Banking
100281,2025-01-03,CUST4004,Individual,West,Pune,Online,Furniture,Bookshelf,4,10392.17,0.1,41568.68,4156.87,37411.81,6123.96,24495.84,12915.97,Net Banking
105708,2025-11-20,CUST3331,Individual,East,Bhubaneswar,Online,Electronics,Laptop Stand,3,4922.39,0.05,14767.17,738.36,14028.81,3346.56,10039.68,3989.13,Net Banking
100732,2025-10-19,CUST1290,Individual,South,Bengaluru,Retail Store,Stationery,Whiteboard,6,352.1,0.15,2112.6,316.89,1795.71,220.14,1320.84,474.87,Cash on Delivery
102538,2025-12-08,CUST3718,Small Business,West,Pune,Distributor,Apparel,Cotton T-Shirt,1,2611.6,0.05,2611.6,130.58,2481.02,1487.43,1487.43,993.59,Credit Card
103438,2025-08-28,CUST3008,Individual,West,Pune,Retail Store,Electronics,Webcam HD,3,5849.71,0.0,17549.13,0.0,17549.13,3930.56,11791.68,5757.45,UPI
103136,2025-01-28,CUST3625,Individual,West,Ahmedabad,Online,Apparel,Rain Jacket,5,982.83,0.0,4914.15,0.0,4914.15,591.9,2959.5,1954.65,Cash on Delivery
104873,2024-12-05,CUST2909,Individual,Central,Raipur,Online,Stationery,Notebook Set,6,420.94,0.1,2525.64,252.56,2273.08,304.04,1824.24,448.84,Credit Card
101130,2025-01-04,CUST2028,Individual,Central,Nagpur,Retail Store,GROCERIES,Olive Oil,2,281.93,0.2,563.86,112.77,451.09,176.18,352.36,98.73,Debit Card
102396,2025-09-11,CUST1588,Individual,East,Patna,Retail Store,Apparel,Rain Jacket,2,1681.83,0.2,3363.66,672.73,2690.93,1146.59,2293.18,397.75,Credit Card
102070,2024-09-25,CUST1080,Individual,East,Kolkata,Distributor,Furniture,Desk Lamp,4,2234.07,0.15,8936.28,1340.44,7595.84,1345.67,5382.68,2213.16,Net Banking
102949,2024-12-02,CUST4234,Individual,South,Hyderabad,Online,Electronics,Webcam HD,8,3736.09,0.15,29888.72,4483.31,25405.41,2174.8,17398.4,8007.01,UPI
105203,2025-12-24,CUST4351,Small Business,West,Pune,Online,Stationery,Desk Organizer,3,698.91,0.05,2096.73,104.84,1991.89,454.48,1363.44,628.45,UPI
105853,2024-10-12,CUST1166,Individual,West,Mumbai,Online,Groceries,Green Tea Pack,1,627.5,0.15,627.5,94.12,533.38,418.87,418.87,114.51,Cash on Delivery
102879,2025-01-10,CUST2281,Individual,West,Mumbai,Online,Groceries,Green Tea Pack,5,607.31,0.0,3036.55,0.0,3036.55,350.65,1753.25,1283.3,UPI
100181,2024-04-14,CUST3499,Individual,North,Chandigarh,Online,Furniture,Bookshelf,2,12083.21,0.0,24166.42,0.0,24166.42,8726.61,17453.22,6713.2,Credit Card
100025,2025-02-25,CUST3703,Small Business,South,Hyderabad,Online,FURNITURE,Bookshelf,2,12615.63,0.0,25231.26,0.0,25231.26,7501.06,15002.12,10229.14,Credit Card
104291,2025-03-04,CUST1465,Small Business,East,Patna,Retail Store,Electronics,Wireless Mouse,4,2153.15,0.15,8612.6,1291.89,7320.71,1263.69,5054.76,2265.95,UPI
104742,2024-06-04,CUST3845,Individual,North,Lucknow,Distributor,Furniture,Filing Cabinet,3,10469.99,0.0,31409.97,0.0,31409.97,7266.79,21800.37,9609.6,Net Banking
102452,2025-03-04,CUST1643,Small Business,East,Kolkata,Online,Stationery,Notebook Set,2,326.74,0.1,653.48,65.35,588.13,195.32,390.64,197.49,Credit Card
105088,2025-09-03,CUST3799,Individual,West,Pune,Distributor,Electronics,Bluetooth Speaker,3,2367.65,0.1,7102.95,710.3,6392.65,1494.77,4484.31,1908.34,Debit Card
102422,2025-11-07,CUST4583,Individual,East,Kolkata,Online,Groceries,Almond Butter,6,328.77,0.05,1972.62,98.63,1873.99,209.54,1257.24,616.75,Cash on Delivery
102164,2025-05-24,CUST3392,Individual,East,Bhubaneswar,Online,Furniture,Standing Desk,4,8129.96,0.0,32519.84,0.0,32519.84,5354.75,21419.0,11100.84,Credit Card
100432,2025-10-24,CUST2261,Small Business,East,Bhubaneswar,Retail Store,Apparel,Wool Sweater,1,692.02,0.15,692.02,103.8,588.22,456.87,456.87,131.35,Debit Card
105336,2024-02-14,CUST2185,Individual,South,Chennai,Online,Stationery,Gel Pens Pack,6,566.86,0.0,3401.16,0.0,3401.16,319.33,1915.98,1485.18,Debit Card
100570,2025-11-22,CUST2545,Small Business,West,Ahmedabad,Online,Stationery,Gel Pens Pack,4,112.5,0.0,450.0,0.0,450.0,62.97,251.88,198.12,Debit Card
104668,2024-11-30,CUST1615,Individual,South,Chennai,Online,Groceries,Organic Coffee,1,626.1,0.0,626.1,0.0,626.1,359.89,359.89,266.21,Credit Card
104216,2025-07-14,CUST4586,Small Business,East,Kolkata,Online,Electronics,USB-C Hub,3,3492.19,0.0,10476.57,0.0,10476.57,1933.98,5801.94,4674.63,Net Banking
104445,2024-03-08,CUST1588,Individual,West,Ahmedabad,Online,Stationery,Desk Organizer,3,410.56,0.15,1231.68,184.75,1046.93,230.59,691.77,355.16,UPI
103051,2024-10-12,CUST1668,Individual,North,Chandigarh,Online,Furniture,Filing Cabinet,4,8245.5,0.05,32982.0,1649.1,31332.9,5899.18,23596.72,7736.18,Net Banking
105524,2024-05-29,CUST4269,Individual,Central,Bhopal,Online,Electronics,Power Bank,6,2975.21,0.15,17851.26,2677.69,15173.57,1698.61,10191.66,4981.91,Net Banking
101565,2024-04-24,CUST2055,Individual,West,Mumbai,Online,Stationery,Gel Pens Pack,2,385.66,0.0,771.32,0.0,771.32,263.14,526.28,245.04,Debit Card
101880,2024-07-27,CUST4803,Small Business,Central,Bhopal,Online,Furniture,Bookshelf,2,5146.14,0.15,10292.28,1543.84,8748.44,3330.55,6661.1,2087.34,Net Banking
104527,2025-03-19,CUST3127,Small Business,South,Bengaluru,Online,Groceries,Green Tea Pack,3,760.13,0.0,2280.39,0.0,2280.39,479.92,1439.76,840.63,Credit Card
102119,2024-03-30,CUST1916,Small Business,South,Chennai,Retail Store,Furniture,Filing Cabinet,4,12052.54,0.1,48210.16,4821.02,43389.14,6830.37,27321.48,16067.66,Credit Card
101366,2025-02-03,CUST3217,Individual,Central,Raipur,Online,Groceries,Organic Coffee,5,568.47,0.0,2842.35,0.0,2842.35,406.51,2032.55,809.8,UPI
104720,2024-02-05,CUST3697,Enterprise,East,Bhubaneswar,Distributor,Electronics,Bluetooth Speaker,3,5525.13,0.15,16575.39,2486.31,14089.08,3184.08,9552.24,4536.84,Credit Card
105044,2024-04-04,CUST2903,Small Business,Central,Raipur,Online,Groceries,Olive Oil,3,166.48,0.0,499.44,0.0,499.44,116.24,348.72,150.72,Debit Card
102623,2025-03-26,CUST1481,Individual,West,Mumbai,Distributor,Stationery,Whiteboard,3,169.01,0.2,507.03,101.41,405.62,112.79,338.37,67.25,Cash on Delivery
105796,2025-07-20,CUST1397,Small Business,South,Bengaluru,Online,Stationery,Desk Organizer,5,213.7,0.1,1068.5,106.85,961.65,122.88,614.4,347.25,Net Banking
104619,2024-10-24,CUST3494,Individual,East,Patna,Distributor,Apparel,Wool Sweater,1,514.18,0.05,514.18,25.71,488.47,380.99,380.99,107.48,Cash on Delivery
102523,2024-07-28,CUST1772,Individual,North,Delhi,Online,Apparel,Wool Sweater,2,866.85,0.1,1733.7,173.37,1560.33,631.6,1263.2,297.13,Cash on Delivery
103523,2025-03-24,CUST4104,Individual,South,Hyderabad,Online,Groceries,Organic Coffee,3,387.09,0.15,1161.27,174.19,987.08,253.79,761.37,225.71,Debit Card
102517,2025-04-09,CUST4327,Enterprise,North,Chandigarh,Retail Store,Stationery,Sticky Notes,1,381.22,0.2,381.22,76.24,304.98,228.89,228.89,76.09,Cash on Delivery
101674,2025-10-05,CUST2866,Individual,West,Pune,Distributor,Apparel,Wool Sweater,2,2704.93,0.15,5409.86,811.48,4598.38,1879.61,3759.22,839.16,Cash on Delivery
100133,2024-08-19,CUST1816,Individual,North,Chandigarh,Online,Furniture,Office Chair,3,2067.36,0.05,6202.08,310.1,5891.98,1334.46,4003.38,1888.6,Cash on Delivery
105860,2025-01-05,CUST4659,Small Business,West,Mumbai,Online,Furniture,Office Chair,1,5817.11,0.1,5817.11,581.71,5235.4,3234.26,3234.26,2001.14,UPI
103999,2024-11-28,CUST3072,Individual,South,Hyderabad,Online,Electronics,USB-C Hub,1,5529.01,0.0,5529.01,0.0,5529.01,3973.22,3973.22,1555.79,Credit Card
105578,2025-06-08,CUST2512,Small Business,Central,Nagpur,Online,Stationery,Gel Pens Pack,3,418.71,0.1,1256.13,125.61,1130.52,257.31,771.93,358.59,Credit Card
101783,2024-07-29,CUST3723,Individual,West,Ahmedabad,Online,Apparel,Wool Sweater,3,1502.31,0.0,4506.93,0.0,4506.93,1075.69,3227.07,1279.86,Credit Card
103431,2024-11-06,CUST2855,Individual, Central  ,Bhopal,Retail Store,Furniture,Filing Cabinet,6,14734.16,0.15,88404.96,13260.74,75144.22,10725.97,64355.82,10788.4,Net Banking
100265,2024-02-24,CUST4555,Individual,East,Kolkata,Distributor,Electronics,Bluetooth Speaker,1,1122.57,0.05,1122.57,56.13,1066.44,640.42,640.42,426.02,Net Banking
101097,2024-08-05,CUST3299,Individual,South,Chennai,Distributor,Electronics,Bluetooth Speaker,2,3034.93,0.05,6069.86,303.49,5766.37,1926.86,3853.72,1912.65,Net Banking
101683,2025-10-05,CUST4965,Small Business,North,Delhi,Online,Furniture,Desk Lamp,2,4902.54,0.1,9805.08,980.51,8824.57,3326.35,6652.7,2171.87,Debit Card
104147,2024-10-15,CUST3144,Individual,West,Ahmedabad,Online,Furniture,Filing Cabinet,7,6850.27,0.0,47951.89,0.0,47951.89,4025.53,28178.71,19773.18,Cash on Delivery
105974,2025-05-25,CUST3299,Enterprise,West,Ahmedabad,Distributor,Groceries,Green Tea Pack,3,378.43,0.1,1135.29,113.53,1021.76,277.0,831.0,190.76,Debit Card
105494,2024-01-21,CUST3093,Individual,South,Chennai,Retail Store,Groceries,Olive Oil,5,312.91,0.15,1564.55,234.68,1329.87,172.18,860.9,468.97,UPI
102845,2024-03-05,CUST3856,Individual,North,Lucknow,Online,Electronics,Wireless Mouse,2,3103.19,0.15,6206.38,930.96,5275.42,1735.5,3471.0,1804.42,Net Banking
105799,2025-11-21,CUST3044,,West,,Online,Furniture,Bookshelf,3,13540.5,,40621.5,0.0,40621.5,7565.87,22697.61,17923.89,
103400,2024-12-06,CUST4358,Enterprise,North,Delhi,Online,Electronics,Power Bank,1,2760.28,0.0,2760.28,0.0,2760.28,1843.81,1843.81,916.47,Net Banking
101190,2024-02-16,CUST1626,Individual,East,Bhubaneswar,Online,Stationery,Whiteboard,3,273.68,0.0,821.04,0.0,821.04,174.82,524.46,296.58,Debit Card
101375,2025-06-25,CUST3166,Individual,East,Bhubaneswar,Online,Electronics,USB-C Hub,5,2200.07,0.0,11000.35,0.0,11000.35,1402.92,7014.6,3985.75,Cash on Delivery
100427,2025-10-04,CUST4880,Individual,West,Ahmedabad,Online,Electronics,USB-C Hub,2,2984.68,0.2,5969.36,1193.87,4775.49,1780.26,3560.52,1214.97,UPI
101705,2025-12-31,CUST4190,Individual,West,Ahmedabad,Retail Store,Apparel,Cotton T-Shirt,4,1286.15,0.0,5144.6,0.0,5144.6,731.63,2926.52,2218.08,Cash on Delivery
101587,2024-07-31,CUST4827,Small Business,West,Pune,Online,Furniture,Filing Cabinet,2,5344.38,0.1,10688.76,1068.88,9619.88,3565.48,7130.96,2488.92,UPI
104364,28/03/2025,CUST3382,Enterprise,Central,Raipur,Retail Store,Stationery,Gel Pens Pack,5,562.42,0.2,2812.1,562.42,2249.68,410.52,2052.6,197.08,Cash on Delivery
102897,2025-06-17,CUST4450,Individual,East,Kolkata,Retail Store,Apparel,Wool Sweater,3,761.18,0.1,2283.54,228.35,2055.19,519.46,1558.38,496.81,Net Banking
102371,10-12-2024,CUST1034,Individual,South,Bengaluru,Retail Store,Apparel,Rain Jacket,5,2852.2,0.05,14261.0,713.05,13547.95,2080.06,10400.3,3147.65,Cash on Delivery
104628,18-Dec-2025,CUST3708,Individual,Central,Bhopal,Retail Store,Furniture,Filing Cabinet,4,5288.2,0.0,21152.8,0.0,21152.8,3226.9,12907.6,8245.2,Credit Card
105505,2025-08-15,CUST4048,Small Business,Central,Nagpur,Online,Electronics,Webcam HD,2,2533.71,0.1,5067.42,506.74,4560.68,1444.35,2888.7,1671.98,Debit Card
104025,2025-05-03,CUST3079,Individual,South,Chennai,Online,Apparel,Cotton T-Shirt,2,2810.04,0.0,5620.08,0.0,5620.08,1613.35,3226.7,2393.38,Debit Card
104521,2024-05-05,CUST2270,Individual,Central,Raipur,Online,Furniture,Filing Cabinet,5,5408.3,0.2,27041.5,5408.3,21633.2,3709.16,18545.8,3087.4,Debit Card
103206,2025-03-28,CUST1559,Enterprise,West,Pune,Distributor,Apparel,Wool Sweater,4,2119.62,0.0,8478.48,0.0,8478.48,1419.49,5677.96,2800.52,Net Banking
104292,2025-01-05,CUST3815,Enterprise,North,Delhi,Distributor,Stationery,Notebook Set,5,348.84,0.1,1744.2,174.42,1569.78,214.42,1072.1,497.68,Debit Card
102922,2025-09-12,CUST2346,Individual,East,Bhubaneswar,Online,Stationery,Notebook Set,6,653.26,0.05,3919.56,195.98,3723.58,423.92,2543.52,1180.06,Cash on Delivery
105278,2025-06-01,CUST4220,Individual,East,Bhubaneswar,Retail Store,Furniture,Office Chair,3,7577.49,0.2,22732.47,4546.49,18185.98,4727.26,14181.78,4004.2,Cash on Delivery
100842,2024-07-20,CUST2813,Individual,West,Mumbai,Online,Groceries,Organic Coffee,5,586.29,0.0,2931.45,0.0,2931.45,406.88,2034.4,897.05,Credit Card
105970,2024-09-22,CUST1488,Small Business,Central,Raipur,Online,Furniture,Standing Desk,1,13931.73,0.2,13931.73,2786.35,11145.38,9519.15,9519.15,1626.23,UPI
104048,2025-07-28,CUST2630,Small Business,South,Bengaluru,Retail Store,Electronics,Bluetooth Speaker,5,3052.25,0.0,15261.25,0.0,15261.25,2021.52,10107.6,5153.65,Net Banking
104948,2025-07-05,CUST1585,Enterprise,West,Pune,Retail Store,Furniture,Office Chair,1,10023.09,0.0,10023.09,0.0,10023.09,7359.87,7359.87,2663.22,Debit Card
104329,2025-07-28,CUST4387,Individual,East,Kolkata,Distributor,Groceries,Granola Bars,1,404.52,0.2,404.52,80.9,323.62,275.93,275.93,47.69,Cash on Delivery
100132,2024-12-20,CUST3175,Individual,West,Mumbai,Online,Groceries,Almond Butter,1,705.67,0.0,705.67,0.0,705.67,482.65,482.65,223.02,Debit Card
101164,2025-01-19,CUST1879,Enterprise,Central,Bhopal,Retail Store,Furniture,Office Chair,3,6946.44,0.0,20839.32,0.0,20839.32,4939.42,14818.26,6021.06,Net Banking
102266,2024-04-17,CUST1756,Small Business,Central,Bhopal,Online,Apparel,Cotton T-Shirt,5,1113.67,0.0,5568.35,0.0,5568.35,724.88,3624.4,1943.95,UPI
105897,2025-12-10,CUST1738,Individual,East,Patna,Online,Electronics,Bluetooth Speaker,8,2598.02,0.0,20784.16,0.0,20784.16,1513.23,12105.84,8678.32,Cash on Delivery
100246,2024-04-20,CUST3131,Individual,North,Chandigarh,Online,Electronics,Wireless Mouse,4,3266.86,0.15,13067.44,1960.12,11107.32,1862.75,7451.0,3656.32,Credit Card
101436,2024-02-17,CUST3945,Small Business,South,Chennai,Online,Apparel,Denim Jacket,5,465.4,0.0,2327.0,0.0,2327.0,290.03,1450.15,876.85,UPI
104101,2025-04-20,CUST2638,Enterprise,North,Chandigarh,Distributor,Groceries,Organic Coffee,2,329.55,0.05,659.1,32.96,626.14,246.65,493.3,132.84,Cash on Delivery
103034,2024-02-01,CUST3146,Individual,West,Pune,Online,APPAREL,Denim Jacket,3,424.98,0.2,1274.94,254.99,1019.95,243.95,731.85,288.1,UPI
104192,2025-07-15,CUST3840,Small Business,West,Ahmedabad,Online,Electronics,Wireless Mouse,1,5073.21,0.05,5073.21,253.66,4819.55,3720.74,3720.74,1098.81,Debit Card
102384,2024-06-29,CUST1557,Small Business,East,Patna,Online,Electronics,Power Bank,3,3076.24,0.1,9228.72,922.87,8305.85,1855.29,5565.87,2739.98,Cash on Delivery
102920,2025-07-20,CUST2647,Individual,South,Chennai,Retail Store,Stationery,Desk Organizer,7,667.14,0.15,4669.98,700.5,3969.48,369.59,2587.13,1382.35,Cash on Delivery
102403,2024-09-11,CUST1858,Individual,East,Kolkata,Online,Electronics,Wireless Mouse,4,1140.57,0.0,4562.28,0.0,4562.28,735.97,2943.88,1618.4,Debit Card
101292,2024-06-29,CUST4725,Small Business,South,Hyderabad,Retail Store,ELECTRONICS,Webcam HD,3,2588.64,0.15,7765.92,1164.89,6601.03,1777.3,5331.9,1269.13,Cash on Delivery
105767,2024-04-03,CUST1348,Small Business,Central,Nagpur,Online,Electronics,Wireless Mouse,4,1167.8,0.0,4671.2,0.0,4671.2,832.22,3328.88,1342.32,Credit Card
105963,2024-05-11,CUST3444,,North,,Retail Store,Apparel,Running Shoes,1,1436.69,,1436.69,71.83,1364.86,848.16,848.16,516.7,
102947,2024-08-09,CUST1305,Enterprise,Central,Nagpur,Retail Store,Electronics,USB-C Hub,2,1246.12,0.0,2492.24,0.0,2492.24,813.13,1626.26,865.98,Cash on Delivery
101168,2025-02-26,CUST4548,Individual,South,Chennai,Online,Furniture,Standing Desk,2,13232.72,0.0,26465.44,0.0,26465.44,9133.76,18267.52,8197.92,Credit Card
103979,2024-11-10,CUST4213,Individual,East,Kolkata,Retail Store,Stationery,Whiteboard,9,158.05,0.15,1422.45,213.37,1209.08,87.61,788.49,420.59,Credit Card
102300,2025-02-11,CUST2871,Enterprise,South,Bengaluru,Online,Electronics,Bluetooth Speaker,3,2566.71,0.0,7700.13,0.0,7700.13,1488.58,4465.74,3234.39,Cash on Delivery
105852,2024-01-20,CUST1985,Individual,North,,Online,Apparel,Rain Jacket,1,613.34,0.0,613.34,0.0,613.34,413.07,413.07,200.27,UPI
102355,2024-09-20,CUST3508,Enterprise,East,Patna,Retail Store,Stationery,Sticky Notes,4,197.14,0.0,788.56,0.0,788.56,137.7,550.8,237.76,UPI
100119,2024-02-12,CUST2237,Small Business,North,Lucknow,Retail Store,Electronics,Wireless Mouse,1,4788.19,0.0,4788.19,0.0,4788.19,3248.22,3248.22,1539.97,Net Banking
102126,2025-10-29,CUST2150,Small Business,West,Mumbai,Distributor,Electronics,USB-C Hub,3,5270.51,0.0,15811.53,0.0,15811.53,3524.71,10574.13,5237.4,Debit Card
105795,2024-01-22,CUST1676,Enterprise,Central,Raipur,Retail Store,Furniture,Bookshelf,1,9633.41,0.1,9633.41,963.34,8670.07,7121.87,7121.87,1548.2,UPI
103061,2025-04-12,CUST3337,Individual,East,Bhubaneswar,Retail Store,Apparel,Rain Jacket,2,2094.3,0.15,4188.6,628.29,3560.31,1551.81,3103.62,456.69,Cash on Delivery
100090,2024-12-23,CUST4112,Individual,South,Bengaluru,Online,Apparel,Denim Jacket,3,595.92,0.05,1787.76,89.39,1698.37,417.67,1253.01,445.36,UPI
104059,2025-04-28,CUST4683,Individual, East  ,Patna,Retail Store,Electronics,Wireless Mouse,4,1343.61,0.05,5374.44,268.72,5105.72,929.84,3719.36,1386.36,Cash on Delivery
103214,2025-03-24,CUST4819,Small Business,West,Ahmedabad,Online,Apparel,Denim Jacket,3,2100.2,0.0,6300.6,0.0,6300.6,1221.66,3664.98,2635.62,Cash on Delivery
104939,2024-08-17,CUST1259,Individual,West,Mumbai,Online,Apparel,Denim Jacket,4,407.03,0.0,1628.12,0.0,1628.12,273.42,1093.68,534.44,Debit Card
103500,2024-08-04,CUST3933,Enterprise,North,Chandigarh,Online,Electronics,Power Bank,2,4452.08,0.2,8904.16,1780.83,7123.33,2901.16,5802.32,1321.01,Net Banking
104824,2025-10-31,CUST1972,Small Business,West,Mumbai,Online,Stationery,Gel Pens Pack,2,568.02,0.15,1136.04,170.41,965.63,377.5,755.0,210.63,Debit Card
100589,2024-07-09,CUST2401,Individual,South,Bengaluru,Online,Furniture,Office Chair,6,3419.54,0.0,20517.24,0.0,20517.24,2070.03,12420.18,8097.06,Cash on Delivery
102895,2024-08-28,CUST1804,Small Business,North,Chandigarh,Retail Store,Groceries,Green Tea Pack,6,510.36,0.15,3062.16,459.32,2602.84,306.42,1838.52,764.32,Credit Card
104965,2024-10-16,CUST2045,Individual,North,Delhi,Online,Furniture,Desk Lamp,1,9750.4,0.2,9750.4,1950.08,7800.32,6148.38,6148.38,1651.94,UPI
105643,24-Apr-2024,CUST2254,Individual,South,Bengaluru,Retail Store,Groceries,Almond Butter,3,653.24,0.05,1959.72,97.99,1861.73,423.4,1270.2,591.53,Cash on Delivery
101107,2025-07-17,CUST4306,Enterprise,West,Pune,Online,Groceries,Granola Bars,1,223.69,0.0,223.69,0.0,223.69,157.32,157.32,66.37,Credit Card
105921,2025-04-30,CUST2213,Small Business,North,Lucknow,Online,Furniture,Office Chair,3,14532.3,0.0,43596.9,0.0,43596.9,8434.61,25303.83,18293.07,Net Banking
100682,2024-05-11,CUST2065,Individual,West,Pune,Online,Groceries,Green Tea Pack,2,582.7,0.2,1165.4,233.08,932.32,393.59,787.18,145.14,Cash on Delivery
100709,2024-09-10,CUST3009,Small Business,North,Delhi,Retail Store,Groceries,Organic Coffee,1,220.43,0.15,220.43,33.06,187.37,136.04,136.04,51.33,Net Banking
102322,2025-12-14,CUST3778,Individual,West,Ahmedabad,Retail Store,Groceries,Almond Butter,3,871.62,0.0,2614.86,0.0,2614.86,543.81,1631.43,983.43,UPI
104966,01-05-2024,CUST1744,Individual,West,Ahmedabad,Online,Apparel,Rain Jacket,2,2985.19,0.0,5970.38,0.0,5970.38,1675.82,3351.64,2618.74,Cash on Delivery
101766,2025-07-29,CUST3541,Individual,South,Chennai,Online,Electronics,USB-C Hub,2,3212.78,0.0,6425.56,0.0,6425.56,2249.33,4498.66,1926.9,Credit Card
100413,2025-11-06,CUST1858,Small Business,North,Delhi,Online,Furniture,Bookshelf,9,8167.37,0.15,73506.33,11025.95,62480.38,5086.95,45782.55,16697.83,UPI
104590,2025-03-01,CUST3830,Individual,South,Hyderabad,Online,Electronics,USB-C Hub,2,5877.11,0.0,11754.22,0.0,11754.22,3973.04,7946.08,3808.14,Debit Card
104545,2025-08-25,CUST2431,Small Business,Central,Raipur,Online,Groceries,Almond Butter,3,479.12,0.0,1437.36,0.0,1437.36,289.92,869.76,567.6,Credit Card
102484,2024-08-20,CUST2809,Small Business,West,Pune,Online,Electronics,Power Bank,2,2566.66,0.05,5133.32,256.67,4876.65,1875.08,3750.16,1126.49,Net Banking
101290,2024-01-26,CUST3835,Individual,South,Hyderabad,Online,Furniture,Filing Cabinet,2,13006.86,0.0,26013.72,0.0,26013.72,9671.02,19342.04,6671.68,Net Banking
101803,2025-11-30,CUST4089,Individual,West,Mumbai,Retail Store,Furniture,Office Chair,6,12888.52,0.0,77331.12,0.0,77331.12,8579.62,51477.72,25853.4,UPI
100978,2024-08-09,CUST4282,Small Business,North,Delhi,Retail Store,STATIONERY,Whiteboard,4,367.17,0.15,1468.68,220.3,1248.38,243.44,973.76,274.62,Debit Card
104875,2024-03-07,CUST4246,Individual,North,Lucknow,Online,Groceries,Organic Coffee,4,673.71,0.15,2694.84,404.23,2290.61,455.7,1822.8,467.81,Debit Card
101547,2025-09-03,CUST3252,Individual,South,Hyderabad,Online,Electronics,Webcam HD,4,1787.36,0.2,7149.44,1429.89,5719.55,1143.39,4573.56,1145.99,UPI
104073,2024-12-22,CUST2382,Small Business,North,Delhi,Online,Apparel,Denim Jacket,4,685.79,0.15,2743.16,411.47,2331.69,453.11,1812.44,519.25,Debit Card
104254,2024-04-24,CUST1010,Small Business,East,Kolkata,Online,Furniture,Filing Cabinet,9,11464.7,0.0,103182.3,0.0,103182.3,7648.57,68837.13,34345.17,Debit Card
101848,2025-11-19,CUST2962,Enterprise,Central,Nagpur,Retail Store,Furniture,Standing Desk,6,11720.34,0.2,70322.04,14064.41,56257.63,8472.7,50836.2,5421.43,Net Banking
102369,2025-06-06,CUST1164,Individual,West,Ahmedabad,Online,Electronics,Power Bank,6,5473.91,0.0,32843.46,0.0,32843.46,3807.56,22845.36,9998.1,Credit Card
105994,2024-04-21,CUST1015,Small Business,West,Mumbai,Online,Groceries,Green Tea Pack,3,680.74,0.0,2042.22,0.0,2042.22,486.6,1459.8,582.42,Debit Card
105530,2024-10-16,CUST2023,Individual,West,Pune,Retail Store,APPAREL,Cotton T-Shirt,5,1706.5,0.0,8532.5,0.0,8532.5,957.03,4785.15,3747.35,Credit Card
103131,2024-12-19,CUST4676,Enterprise,North,Chandigarh,Distributor,Electronics,Webcam HD,3,2402.98,0.05,7208.94,360.45,6848.49,1652.82,4958.46,1890.03,Cash on Delivery
103832,2024-06-11,CUST2664,Individual,Central,Nagpur,Retail Store,Furniture,Desk Lamp,3,3947.15,0.15,11841.45,1776.22,10065.23,2732.27,8196.81,1868.42,Debit Card
103170,2024-02-05,CUST4624,Individual,South,Hyderabad,Distributor,Apparel,Wool Sweater,2,1316.28,0.2,2632.56,526.51,2106.05,937.84,1875.68,230.37,UPI
105721,2025-03-13,CUST4572,Small Business,West,Ahmedabad,Retail Store,Stationery,Whiteboard,6,567.98,0.2,3407.88,681.58,2726.3,413.5,2481.0,245.3,Net Banking
102617,2024-09-03,CUST2188,Individual,South,Hyderabad,Retail Store,Stationery,Sticky Notes,5,426.49,0.05,2132.45,106.62,2025.83,309.6,1548.0,477.83,Cash on Delivery
104517,2025-03-07,CUST4918,Individual,West,Mumbai,Online,Electronics,Power Bank,7,1087.68,0.2,7613.76,1522.75,6091.01,743.99,5207.93,883.08,Net Banking
103680,2024-10-30,CUST1260,Small Business,South,Bengaluru,Online,Groceries,Green Tea Pack,7,388.49,0.0,2719.43,0.0,2719.43,220.34,1542.38,1177.05,Net Banking
105348,2024-09-29,CUST4171,Individual,Central,Nagpur,Online,Apparel,Wool Sweater,2,2574.27,0.2,5148.54,1029.71,4118.83,1905.3,3810.6,308.23,Cash on Delivery
104078,2025-08-02,CUST1081,Small Business,Central,Bhopal,Online,Stationery,Desk Organizer,3,391.84,0.0,1175.52,0.0,1175.52,241.35,724.05,451.47,Credit Card
104784,2024-09-14,CUST3689,Individual,Central,Nagpur,Retail Store,Furniture,Standing Desk,1,3777.4,0.15,3777.4,566.61,3210.79,2419.67,2419.67,791.12,Credit Card
103195,2025-11-10,CUST3932,Individual,West,Ahmedabad,Online,Groceries,Olive Oil,1,527.49,0.15,527.49,79.12,448.37,327.94,327.94,120.43,Cash on Delivery
100357,2024-07-13,CUST1370,Individual,West,Pune,Retail Store,Apparel,Wool Sweater,2,541.82,0.2,1083.64,216.73,866.91,368.02,736.04,130.87,Net Banking
104423,2024-07-28,CUST1708,Individual,South,Hyderabad,Online,Electronics,Laptop Stand,2,1443.59,0.0,2887.18,0.0,2887.18,1017.56,2035.12,852.06,Net Banking
101324,2024-11-05,CUST2379,Enterprise,North,Delhi,Online,Furniture,Bookshelf,4,12595.87,0.0,50383.48,0.0,50383.48,8057.47,32229.88,18153.6,Net Banking
105601,22/12/2024,CUST1610,Individual,East,Patna,Retail Store,Groceries,Olive Oil,1,841.62,0.0,841.62,0.0,841.62,613.0,613.0,228.62,UPI
103977,2024-10-13,CUST4296,Small Business,East,Bhubaneswar,Online,Groceries,Almond Butter,5,350.19,0.0,1750.95,0.0,1750.95,228.64,1143.2,607.75,Credit Card
101460,2024-05-20,CUST4845,Individual,West,Pune,Online,Stationery,Notebook Set,3,304.61,0.0,913.83,0.0,913.83,190.47,571.41,342.42,Credit Card
104367,2025-12-24,CUST2347,Enterprise,West,Pune,Online,Groceries,Almond Butter,6,779.75,0.15,4678.5,701.77,3976.73,571.6,3429.6,547.13,Net Banking
100487,2024-04-18,CUST3996,Individual,North,Delhi,Online,Apparel,Denim Jacket,1,415.09,0.05,415.09,20.75,394.34,255.27,255.27,139.07,Cash on Delivery
102818,2025-03-30,CUST4749,Small Business,East,Patna,Distributor,Furniture,Bookshelf,1,9517.59,0.15,9517.59,1427.64,8089.95,6870.17,6870.17,1219.78,Debit Card
102972,2025-06-15,CUST2695,Individual,Central,Bhopal,Online,Groceries,Organic Coffee,3,303.25,0.0,909.75,0.0,909.75,214.09,642.27,267.48,Credit Card
102854,2024-02-26,CUST2075,Individual,North,Delhi,Retail Store,Apparel,Rain Jacket,1,1443.88,0.0,1443.88,0.0,1443.88,1050.45,1050.45,393.43,Net Banking
101967,2025-03-18,CUST4312,Individual,South,Bengaluru,Distributor,Furniture,Bookshelf,1,6064.59,0.15,6064.59,909.69,5154.9,3803.0,3803.0,1351.9,Credit Card
103191,2025-08-27,CUST3405,Small Business,East,Kolkata,Online,Electronics,Power Bank,4,3426.36,0.0,13705.44,0.0,13705.44,2565.62,10262.48,3442.96,Debit Card
103873,2025-07-12,CUST3152,Individual,North,Delhi,Online,Apparel,Cotton T-Shirt,3,2708.45,0.1,8125.35,812.54,7312.81,1894.23,5682.69,1630.12,UPI
105030,2024-01-04,CUST4871,Small Business,West,Mumbai,Retail Store,Furniture,Office Chair,2,3038.27,0.1,6076.54,607.65,5468.89,1862.78,3725.56,1743.33,Cash on Delivery
100400,16-Mar-2024,CUST3015,Individual,West,Pune,Online,Apparel,Cotton T-Shirt,3,580.44,0.05,1741.32,87.07,1654.25,339.96,1019.88,634.37,Credit Card
100639,2024-10-05,CUST2213,Small Business,North,Delhi,Retail Store,Furniture,Standing Desk,3,12278.41,0.0,36835.23,0.0,36835.23,8846.53,26539.59,10295.64,Debit Card
105295,2024-02-05,CUST4982,Small Business,East,Kolkata,Retail Store,Groceries,Granola Bars,4,407.09,0.2,1628.36,325.67,1302.69,248.77,995.08,307.61,Credit Card
104882,2025-08-10,CUST4196,Individual,East,Bhubaneswar,Online,Furniture,Filing Cabinet,2,8551.13,0.0,17102.26,0.0,17102.26,5257.43,10514.86,6587.4,Debit Card
103524,2025-03-14,CUST4258,Small Business,West,Ahmedabad,Retail Store,Apparel,Cotton T-Shirt,7,1035.99,0.15,7251.93,1087.79,6164.14,616.17,4313.19,1850.95,Debit Card
101262,2024-07-02,CUST4281,Individual,South,Chennai,Online,Electronics,Power Bank,7,2130.34,0.05,14912.38,745.62,14166.76,1220.49,8543.43,5623.33,Debit Card
105163,2024-02-10,CUST1333,Individual,North,Delhi,Online,Groceries,Almond Butter,1,503.56,0.0,503.56,0.0,503.56,363.19,363.19,140.37,Net Banking
100581,2025-03-19,CUST2160,Small Business,North,,Online,Furniture,Filing Cabinet,1,9737.38,0.05,9737.38,486.87,9250.51,5951.19,5951.19,3299.32,Credit Card
101741,2025-11-02,CUST1270,Small Business,Central,Raipur,Retail Store,Furniture,Filing Cabinet,6,2756.76,0.1,16540.56,1654.06,14886.5,1840.77,11044.62,3841.88,UPI
102608,2025-10-19,CUST3623,Individual,East,Kolkata,Retail Store,Groceries,Almond Butter,3,543.41,0.0,1630.23,0.0,1630.23,355.69,1067.07,563.16,Debit Card
100918,2025-01-25,CUST3641,Small Business,North,Chandigarh,Retail Store,Electronics,Webcam HD,1,4763.32,0.05,4763.32,238.17,4525.15,3512.67,3512.67,1012.48,Credit Card
102987,2025-01-04,CUST2516,Individual,East,Patna,Online,Electronics,Wireless Mouse,1,2686.16,0.15,2686.16,402.92,2283.24,1963.06,1963.06,320.18,Credit Card
103735,2025-09-03,CUST3999,Individual,East,Bhubaneswar,Distributor,Groceries,Olive Oil,2,619.99,0.05,1239.98,62.0,1177.98,380.44,760.88,417.1,Cash on Delivery
103063,2025-11-15,CUST3737,Individual,East,Kolkata,Retail Store,Furniture,Desk Lamp,6,8950.25,0.05,53701.5,2685.08,51016.42,6511.74,39070.44,11945.98,Net Banking
100393,2025-12-18,CUST1974,Enterprise,South,Hyderabad,Distributor,Furniture,Filing Cabinet,1,9742.07,0.05,9742.07,487.1,9254.97,6859.13,6859.13,2395.84,Net Banking
101144,2025-06-16,CUST4888,Individual,West,Pune,Retail Store,Stationery,Desk Organizer,3,637.3,0.2,1911.9,382.38,1529.52,406.73,1220.19,309.33,Cash on Delivery
100888,26-Jul-2024,CUST2213,Small Business,East,Patna,Retail Store,Apparel,Wool Sweater,1,689.85,0.15,689.85,103.48,586.37,468.04,468.04,118.33,Net Banking
105804,22/03/2025,CUST2314,Individual,East,Patna,Distributor,Stationery,Sticky Notes,4,628.55,0.0,2514.2,0.0,2514.2,422.09,1688.36,825.84,Credit Card
100007,2025-07-28,CUST4244,Individual,Central,Nagpur,Distributor,Stationery,Sticky Notes,2,613.88,0.0,1227.76,0.0,1227.76,414.67,829.34,398.42,Cash on Delivery
103886,2024-05-13,CUST3855,Small Business,East,Kolkata,Online,Stationery,Sticky Notes,1,141.57,0.0,141.57,0.0,141.57,87.91,87.91,53.66,UPI
101684,2024-01-26,CUST2648,Individual,Central,Raipur,Retail Store,Furniture,Filing Cabinet,1,10067.35,0.0,10067.35,0.0,10067.35,7192.15,7192.15,2875.2,UPI
100268,2024-07-10,CUST4803,Individual,North,Chandigarh,Online,Furniture,Desk Lamp,1,9591.82,0.0,9591.82,0.0,9591.82,5352.12,5352.12,4239.7,Net Banking
102931,2025-11-03,CUST2538,Individual,East,Patna,Retail Store,Electronics,Laptop Stand,1,4185.24,0.1,4185.24,418.52,3766.72,2893.24,2893.24,873.48,Credit Card
101500,2025-06-25,CUST2601,Individual,West,Ahmedabad,Online,Furniture,Filing Cabinet,6,10906.14,0.05,65436.84,3271.84,62165.0,7896.72,47380.32,14784.68,Cash on Delivery
101314,2025-12-27,CUST2167,Enterprise,East,Bhubaneswar,Online,Apparel,Cotton T-Shirt,9,1030.39,0.0,9273.51,0.0,9273.51,685.89,6173.01,3100.5,Debit Card
105430,2024-05-31,CUST1634,Individual,West,Ahmedabad,Online,Groceries,Granola Bars,4,202.83,0.1,811.32,81.13,730.19,132.64,530.56,199.63,Credit Card
101376,2024-10-29,CUST1910,Individual,North,Chandigarh,Retail Store,Electronics,Laptop Stand,5,2151.78,0.1,10758.9,1075.89,9683.01,1413.42,7067.1,2615.91,Debit Card
102729,2025-03-03,CUST4901,Individual,East,Kolkata,Online,Groceries,Green Tea Pack,3,858.92,0.05,2576.76,128.84,2447.92,614.07,1842.21,605.71,Debit Card
103753,2025-04-28,CUST4858,Small Business,Central,Raipur,Online,Electronics,Power Bank,5,2684.34,0.1,13421.7,1342.17,12079.53,1839.39,9196.95,2882.58,UPI
104330,2025-01-31,CUST4297,Individual,Central,Raipur,Online,Electronics,Webcam HD,1,5035.43,0.1,5035.43,503.54,4531.89,3011.32,3011.32,1520.57,Net Banking
100572,2025-11-11,CUST2460,Individual,North,Chandigarh,Online,Furniture,Standing Desk,8,10120.75,0.0,80966.0,0.0,80966.0,5999.14,47993.12,32972.88,Net Banking
105224,2025-03-13,CUST1056,Small Business,Central,Raipur,Retail Store,Electronics,Power Bank,2,2345.16,0.0,4690.32,0.0,4690.32,1401.0,2802.0,1888.32,Net Banking
102351,2024-07-14,CUST4744,Individual,South,Chennai,Online,Groceries,Green Tea Pack,2,355.65,0.0,711.3,0.0,711.3,220.67,441.34,269.96,Cash on Delivery
104043,2025-09-23,CUST3496,Small Business,Central,Bhopal,Retail Store,Apparel,Wool Sweater,2,1408.71,0.15,2817.42,422.61,2394.81,972.66,1945.32,449.49,Cash on Delivery
102200,2024-08-29,CUST3054,Small Business,Central,Nagpur,Online,Apparel,Wool Sweater,3,1935.62,0.2,5806.86,1161.37,4645.49,1416.36,4249.08,396.41,Debit Card
104243,2024-12-28,CUST1101,Small Business,Central,Raipur,Online,Groceries,Organic Coffee,16,205.52,0.0,3288.32,0.0,3288.32,117.12,1873.92,1414.4,Cash on Delivery
100793,2024-01-11,CUST3628,Individual,East,Bhubaneswar,Online,Furniture,Filing Cabinet,1,6795.28,0.0,6795.28,0.0,6795.28,4617.01,4617.01,2178.27,Debit Card
102265,10/08/2024,CUST4399,Individual,West,Pune,Retail Store,Stationery,Sticky Notes,1,475.61,0.0,475.61,0.0,475.61,284.1,284.1,191.51,UPI
100518,2025-08-26,CUST4200,Individual,East,Patna,Online,Groceries,Organic Coffee,3,510.88,0.05,1532.64,76.63,1456.01,372.97,1118.91,337.1,Cash on Delivery
100787,2024-12-24,CUST3298,Individual,East,Bhubaneswar,Online,Stationery,Gel Pens Pack,1,467.19,0.05,467.19,23.36,443.83,344.25,344.25,99.58,UPI
102285,2025-07-16,CUST4248,Individual,East,Patna,Retail Store,Groceries,Olive Oil,5,862.4,0.1,4312.0,431.2,3880.8,511.79,2558.95,1321.85,UPI
101374,2025-08-21,CUST1213,Individual,East,,Retail Store,Apparel,Denim Jacket,2,1672.06,0.0,3344.12,0.0,3344.12,1031.99,2063.98,1280.14,
104092,2025-01-10,CUST3765,Individual,East,Bhubaneswar,Online,Groceries,Granola Bars,4,299.77,0.15,1199.08,179.86,1019.22,210.42,841.68,177.54,Cash on Delivery
102174,2024-08-21,CUST3674,Individual,East,Bhubaneswar,Online,Stationery,Desk Organizer,6,337.15,0.05,2022.9,101.15,1921.75,237.94,1427.64,494.11,Debit Card
103845,2025-05-27,CUST2889,Individual,North,Delhi,Online,Electronics,Bluetooth Speaker,2,5250.37,0.0,10500.74,0.0,10500.74,3501.64,7003.28,3497.46,Debit Card
101812,2024-08-23,CUST4116,Individual,South,Bengaluru,Retail Store,Electronics,Laptop Stand,4,5489.29,0.0,21957.16,0.0,21957.16,3203.76,12815.04,9142.12,Cash on Delivery
105312,2024-06-21,CUST2169,Individual,South,Hyderabad,Retail Store,Electronics,Wireless Mouse,6,1346.43,0.0,8078.58,0.0,8078.58,855.11,5130.66,2947.92,Debit Card
102220,2025-09-19,CUST1116,Individual,North,Lucknow,Distributor,Groceries,Organic Coffee,2,488.19,0.2,976.38,195.28,781.1,328.58,657.16,123.94,UPI
100052,2025-03-11,CUST2919,Small Business,South,Hyderabad,Online,Electronics,Webcam HD,5,1171.33,0.0,5856.65,0.0,5856.65,747.11,3735.55,2121.1,Net Banking
104321,2025-05-03,CUST3536,Small Business,North,Lucknow,Distributor,Apparel,Denim Jacket,3,1956.3,0.05,5868.9,293.44,5575.46,1164.27,3492.81,2082.65,Cash on Delivery
103033,2025-08-24,CUST4356,Enterprise,North,Chandigarh,Retail Store,Stationery,Desk Organizer,2,81.58,0.2,163.16,32.63,130.53,57.8,115.6,14.93,Credit Card
105722,2024-12-23,CUST2758,Small Business,North,Lucknow,Retail Store,Electronics,Bluetooth Speaker,3,2762.45,0.15,8287.35,1243.1,7044.25,1575.38,4726.14,2318.11,Cash on Delivery
100512,2024-11-07,CUST2856,Individual,North,Lucknow,Online,Groceries,Granola Bars,1,856.01,0.1,856.01,85.6,770.41,596.96,596.96,173.45,Net Banking
104348,2025-08-26,CUST2781,Individual,West,Pune,Online,Groceries,Organic Coffee,2,421.67,0.0,843.34,0.0,843.34,256.27,512.54,330.8,Net Banking
105540,16/04/2025,CUST3395,Small Business, North  ,Chandigarh,Online,Electronics,Webcam HD,1,2531.2,0.2,2531.2,506.24,2024.96,1549.25,1549.25,475.71,Debit Card
102262,2024-09-28,CUST1105,Individual,North,Chandigarh,Retail Store,Electronics,Bluetooth Speaker,1,2636.74,0.0,2636.74,0.0,2636.74,1937.68,1937.68,699.06,Debit Card
100675,2025-04-05,CUST1058,Individual, North  ,Delhi,Retail Store,Stationery,Notebook Set,4,670.47,0.15,2681.88,402.28,2279.6,446.11,1784.44,495.16,UPI
103781,2024-01-01,CUST2087,Individual,Central,Bhopal,Distributor,Electronics,Webcam HD,1,2931.27,0.05,2931.27,146.56,2784.71,1815.82,1815.82,968.89,Credit Card
105559,2024-02-01,CUST3474,Individual,East,Patna,Online,Furniture,Standing Desk,2,7109.66,0.0,14219.32,0.0,14219.32,4170.83,8341.66,5877.66,Net Banking
100651,2024-03-19,CUST2323,Small Business,South,Chennai,Online,Electronics,Bluetooth Speaker,2,4884.84,0.0,9769.68,0.0,9769.68,2828.0,5656.0,4113.68,Cash on Delivery
102611,08-09-2025,CUST3064,Individual,North,,Online,Furniture,Desk Lamp,3,11285.33,0.1,33855.99,3385.6,30470.39,7740.84,23222.52,7247.87,Credit Card
100213,2024-07-11,CUST3936,Individual,East,Kolkata,Online,Groceries,Granola Bars,2,398.8,0.2,797.6,159.52,638.08,229.75,459.5,178.58,Credit Card
103458,2024-04-01,CUST3233,Small Business,East,Bhubaneswar,Retail Store,Electronics,Wireless Mouse,4,5156.19,0.0,20624.76,0.0,20624.76,2952.59,11810.36,8814.4,Credit Card
102398,2025-02-22,CUST2434,Individual,East,Kolkata,Online,Apparel,Cotton T-Shirt,1,1836.32,0.0,1836.32,0.0,1836.32,1364.32,1364.32,472.0,Cash on Delivery
104987,2024-06-20,CUST2854,Small Business,Central,Nagpur,Online,Apparel,Running Shoes,2,950.66,0.0,1901.32,0.0,1901.32,704.73,1409.46,491.86,Net Banking
101628,2024-10-20,CUST4014,Small Business,East,Patna,Retail Store,Electronics,Bluetooth Speaker,1,1104.58,0.05,1104.58,55.23,1049.35,671.1,671.1,378.25,Cash on Delivery
104154,2024-12-19,CUST4573,Individual,East,Bhubaneswar,Online,Electronics,Laptop Stand,8,1045.23,0.0,8361.84,0.0,8361.84,748.77,5990.16,2371.68,Debit Card
102535,2025-03-18,CUST2538,Individual,South,Bengaluru,Retail Store,Apparel,Running Shoes,4,1188.21,0.2,4752.84,950.57,3802.27,828.76,3315.04,487.23,Credit Card
100061,2025-10-29,CUST3681,Individual,North,Delhi,Online,Furniture,Filing Cabinet,3,12985.51,0.0,38956.53,0.0,38956.53,8206.79,24620.37,14336.16,Debit Card
105383,2024-07-27,CUST1723,Enterprise,West,Mumbai,Retail Store,Electronics,Webcam HD,2,3674.2,0.05,7348.4,367.42,6980.98,2384.18,4768.36,2212.62,Cash on Delivery
104982,2024-10-12,CUST2095,Individual,South,Chennai,Retail Store,Furniture,Office Chair,2,13896.14,0.0,27792.28,0.0,27792.28,9325.87,18651.74,9140.54,Debit Card
103743,2024-09-29,CUST1258,Individual,Central,Nagpur,Online,Electronics,Webcam HD,5,5430.12,0.05,27150.6,1357.53,25793.07,3474.0,17370.0,8423.07,Cash on Delivery
100492,2024-05-10,CUST2037,Individual,Central,Nagpur,Online,Apparel,Denim Jacket,6,1727.69,0.15,10366.14,1554.92,8811.22,1146.66,6879.96,1931.26,Credit Card
100397,2024-07-18,CUST1139,Small Business,South,Chennai,Online,Stationery,Sticky Notes,7,216.04,0.0,1512.28,0.0,1512.28,129.71,907.97,604.31,Credit Card
102117,2025-12-25,CUST1356,Individual,West,Ahmedabad,Distributor,Electronics,USB-C Hub,6,5536.66,0.1,33219.96,3322.0,29897.96,4041.81,24250.86,5647.1,Credit Card
100279,2024-03-15,CUST2845,Individual,East,Kolkata,Online,Apparel,Cotton T-Shirt,3,2104.23,0.0,6312.69,0.0,6312.69,1291.07,3873.21,2439.48,Debit Card
103183,2024-02-25,CUST4922,Small Business,South,Hyderabad,Online,Electronics,Laptop Stand,3,4989.13,0.0,14967.39,0.0,14967.39,2760.26,8280.78,6686.61,Credit Card
103717,2025-06-02,CUST4929,Small Business,North,Lucknow,Distributor,Apparel,Running Shoes,6,1127.54,0.05,6765.24,338.26,6426.98,814.49,4886.94,1540.04,UPI
105882,2025-03-28,CUST2558,Individual,Central,Raipur,Distributor,Groceries,Olive Oil,5,677.27,0.05,3386.35,169.32,3217.03,463.87,2319.35,897.68,Debit Card
103016,2025-11-18,CUST1891,Individual,East,Patna,Retail Store,Furniture,Bookshelf,11,7618.99,0.2,83808.89,16761.78,67047.11,5021.08,55231.88,11815.23,UPI
100182,2025-10-09,CUST2095,Small Business,Central,Bhopal,Retail Store,Groceries,Green Tea Pack,3,276.28,0.0,828.84,0.0,828.84,167.94,503.82,325.02,UPI
100423,2025-11-21,CUST1977,Individual,North,Chandigarh,Online,Apparel,Cotton T-Shirt,4,2232.67,0.0,8930.68,0.0,8930.68,1666.13,6664.52,2266.16,Debit Card
103123,2024-09-02,CUST1334,Small Business,Central,Raipur,Online,Apparel,Running Shoes,3,2102.47,0.0,6307.41,0.0,6307.41,1529.54,4588.62,1718.79,UPI
101061,2024-07-17,CUST2556,Small Business,East,Bhubaneswar,Retail Store,Furniture,Office Chair,2,4593.07,0.1,9186.14,918.61,8267.53,2854.03,5708.06,2559.47,Net Banking
100662,02-04-2025,CUST1660,Individual,North,Chandigarh,Online,Apparel,Denim Jacket,1,1926.66,0.2,1926.66,385.33,1541.33,1074.08,1074.08,467.25,Debit Card
105206,2025-03-14,CUST1421,Small Business,East,Kolkata,Online,Apparel,Running Shoes,4,920.01,0.0,3680.04,0.0,3680.04,548.11,2192.44,1487.6,Net Banking
103793,2024-03-09,CUST3259,Individual,Central,Bhopal,Online,Apparel,Cotton T-Shirt,1,2333.2,0.05,2333.2,116.66,2216.54,1446.29,1446.29,770.25,Net Banking
104250,2024-05-25,CUST1389,Individual,West,Ahmedabad,Online,Furniture,Office Chair,2,10834.72,0.0,21669.44,0.0,21669.44,6622.54,13245.08,8424.36,Net Banking
100351,2024-05-21,CUST4602,Small Business,South,Chennai,Distributor,APPAREL,Rain Jacket,3,576.32,0.0,1728.96,0.0,1728.96,353.58,1060.74,668.22,UPI
100063,2025-07-08,CUST2226,Enterprise,North,Delhi,Retail Store,ELECTRONICS,Webcam HD,6,4683.19,0.05,28099.14,1404.96,26694.18,2731.58,16389.48,10304.7,Net Banking
104471,2024-10-29,CUST3826,Individual,West,Ahmedabad,Online,Electronics,Bluetooth Speaker,3,5218.71,0.15,15656.13,2348.42,13307.71,2980.04,8940.12,4367.59,Cash on Delivery
100610,2025-12-12,CUST3073,Individual,Central,Nagpur,Retail Store,Furniture,Office Chair,4,10484.33,0.0,41937.32,0.0,41937.32,7821.16,31284.64,10652.68,Credit Card
101699,2024-01-14,CUST1239,Small Business,East,Patna,Online,ELECTRONICS,Webcam HD,2,1342.93,0.15,2685.86,402.88,2282.98,853.57,1707.14,575.84,Debit Card
100078,2025-02-15,CUST3446,Small Business,West,Ahmedabad,Distributor,Groceries,Organic Coffee,1,618.24,0.15,618.24,92.74,525.5,380.24,380.24,145.26,Credit Card
102421,2025-05-25,CUST1324,Individual,North,Delhi,Online,Electronics,Laptop Stand,3,2245.58,0.0,6736.74,0.0,6736.74,1564.39,4693.17,2043.57,Cash on Delivery
105213,2025-04-26,CUST1684,Individual,South,Bengaluru,Retail Store,Electronics,Bluetooth Speaker,2,1383.13,0.2,2766.26,553.25,2213.01,868.18,1736.36,476.65,Credit Card
103266,2024-03-14,CUST3964,Individual,South,Hyderabad,Retail Store,Stationery,Notebook Set,3,301.85,0.15,905.55,135.83,769.72,205.69,617.07,152.65,Cash on Delivery
101047,2025-09-09,CUST4446,Small Business, East  ,Kolkata,Online,Stationery,Notebook Set,2,128.88,0.0,257.76,0.0,257.76,78.01,156.02,101.74,Net Banking
100824,2024-06-19,CUST4480,Small Business,Central,Nagpur,Online,Stationery,Sticky Notes,5,413.31,0.05,2066.55,103.33,1963.22,277.51,1387.55,575.67,Credit Card
105439,09-24-2024,CUST4286,Individual,North,Lucknow,Distributor,Furniture,Office Chair,4,13358.56,0.0,53434.24,0.0,53434.24,9747.25,38989.0,14445.24,Debit Card
104830,2024-02-26,CUST1372,Individual,Central,Raipur,Online,Groceries,Organic Coffee,1,234.41,0.0,234.41,0.0,234.41,138.39,138.39,96.02,Net Banking
100696,2025-03-01,CUST1497,Small Business,East,Patna,Online,Apparel,Running Shoes,3,1175.95,0.15,3527.85,529.18,2998.67,874.24,2622.72,375.95,Debit Card
101272,2024-03-13,CUST4867,Individual,South,Hyderabad,Online,Electronics,Power Bank,2,2766.22,0.1,5532.44,553.24,4979.2,1642.12,3284.24,1694.96,Credit Card
102610,2025-05-22,CUST2927,Individual,Central,Bhopal,Retail Store,Electronics,USB-C Hub,3,5538.79,0.0,16616.37,0.0,16616.37,3366.41,10099.23,6517.14,Credit Card
105263,2024-07-24,CUST2660,Small Business,North,Delhi,Online,Groceries,Almond Butter,1,712.53,0.2,712.53,142.51,570.02,431.33,431.33,138.69,Credit Card
100187,10-27-2025,CUST3684,Individual,East,Kolkata,Retail Store,Apparel,Denim Jacket,5,534.65,0.2,2673.25,534.65,2138.6,319.09,1595.45,543.15,Net Banking
104091,2024-11-09,CUST1110,Small Business,North,Lucknow,Online,Electronics,Laptop Stand,1,2901.83,0.0,2901.83,0.0,2901.83,2131.6,2131.6,770.23,Debit Card
102093,2025-04-12,CUST4268,Individual,South,Bengaluru,Retail Store,Apparel,Wool Sweater,3,437.27,0.05,1311.81,65.59,1246.22,287.69,863.07,383.15,Credit Card
101941,2024-06-24,CUST4297,Individual,West,Pune,Online,Groceries,Granola Bars,5,725.25,0.1,3626.25,362.62,3263.63,534.07,2670.35,593.28,Credit Card
100547,2024-02-14,CUST3774,Small Business,South,Chennai,Online,Electronics,Bluetooth Speaker,1,2567.05,0.0,2567.05,0.0,2567.05,1422.66,1422.66,1144.39,Net Banking
100636,2024-04-11,CUST4110,Enterprise,Central,Nagpur,Online,Electronics,Webcam HD,2,1850.4,0.0,3700.8,0.0,3700.8,1347.68,2695.36,1005.44,Cash on Delivery
104587,2024-12-07,CUST1954,Enterprise,North,,Distributor,Groceries,Almond Butter,1,609.31,0.0,609.31,0.0,609.31,363.41,363.41,245.9,
105499,2024-02-25,CUST4502,Small Business,West,Pune,Online,Apparel,Running Shoes,3,2305.29,0.1,6915.87,691.59,6224.28,1616.48,4849.44,1374.84,UPI
103003,2025-07-31,CUST2387,Individual,North,Lucknow,Retail Store,Electronics,Webcam HD,2,2614.22,0.0,5228.44,0.0,5228.44,1882.34,3764.68,1463.76,Debit Card
100688,2024-01-24,CUST4904,Small Business,South,Bengaluru,Distributor,Stationery,Desk Organizer,2,158.48,0.0,316.96,0.0,316.96,102.43,204.86,112.1,Credit Card
102020,2024-01-07,CUST2470,Individual,East,Patna,Retail Store,Furniture,Desk Lamp,1,12004.3,0.0,12004.3,0.0,12004.3,8046.83,8046.83,3957.47,Debit Card
105554,2024-10-19,CUST2362,Enterprise,East,Kolkata,Online,Electronics,Webcam HD,2,2083.82,0.2,4167.64,833.53,3334.11,1426.34,2852.68,481.43,Debit Card
105210,2025-07-31,CUST1039,Individual,West,Pune,Retail Store,Furniture,Bookshelf,7,14846.0,0.0,103922.0,0.0,103922.0,10042.64,70298.48,33623.52,Debit Card
103107,2025-02-16,CUST1528,Individual,North,Chandigarh,Retail Store,Furniture,Bookshelf,2,5280.03,0.0,10560.06,0.0,10560.06,3801.39,7602.78,2957.28,Debit Card
100768,2025-01-20,CUST2778,Small Business,East,Patna,Online,Furniture,Standing Desk,4,4581.45,0.15,18325.8,2748.87,15576.93,2716.06,10864.24,4712.69,UPI
105570,2025-06-26,CUST3918,Small Business,East,,Retail Store,Apparel,Running Shoes,2,958.44,0.0,1916.88,0.0,1916.88,656.42,1312.84,604.04,
100256,2025-02-16,CUST3282,Individual,West,Pune,Retail Store,Furniture,Office Chair,1,6108.8,0.05,6108.8,305.44,5803.36,3863.62,3863.62,1939.74,Cash on Delivery
103898,2024-11-03,CUST1937,Small Business,South,Chennai,Retail Store,Stationery,Whiteboard,4,489.89,0.2,1959.56,391.91,1567.65,352.39,1409.56,158.09,Debit Card
103998,2024-04-05,CUST4460,Individual,North,Lucknow,Online,Apparel,Cotton T-Shirt,3,523.07,0.05,1569.21,78.46,1490.75,346.01,1038.03,452.72,UPI
102041,2024-03-13,CUST3343,Individual,Central,Raipur,Retail Store,Furniture,Desk Lamp,4,8445.95,0.0,33783.8,0.0,33783.8,5879.26,23517.04,10266.76,UPI
101648,2024-09-27,CUST4706,Small Business,West,Pune,Online,Stationery,Desk Organizer,6,361.37,0.15,2168.22,325.23,1842.99,232.98,1397.88,445.11,UPI
102270,20-Dec-2024,CUST2831,Individual,South,Chennai,Distributor,Apparel,Rain Jacket,4,2250.69,0.2,9002.76,1800.55,7202.21,1386.31,5545.24,1656.97,Debit Card
100952,2024-09-24,CUST2286,Individual,East,Kolkata,Online,Furniture,Standing Desk,2,13827.49,0.1,27654.98,2765.5,24889.48,8833.39,17666.78,7222.7,Cash on Delivery
101832,2025-09-17,CUST2586,Individual,East,Bhubaneswar,Distributor,Furniture,Office Chair,3,11205.47,0.0,33616.41,0.0,33616.41,8161.02,24483.06,9133.35,Net Banking
103250,2024-08-05,CUST1075,Small Business,West,Ahmedabad,Retail Store,Apparel,Cotton T-Shirt,2,938.32,0.0,1876.64,0.0,1876.64,542.05,1084.1,792.54,Debit Card
100192,2025-11-05,CUST1290,Individual,Central,Raipur,Online,Apparel,Denim Jacket,6,2882.15,0.05,17292.9,864.65,16428.25,1952.99,11717.94,4710.31,Cash on Delivery
101013,2025-05-05,CUST2520,Individual,East,Kolkata,Online,Electronics,USB-C Hub,2,5958.92,0.0,11917.84,0.0,11917.84,4029.03,8058.06,3859.78,Debit Card
103916,2025-11-21,CUST2457,Small Business,West,Ahmedabad,Online,Furniture,Standing Desk,8,10117.08,0.0,80936.64,0.0,80936.64,6305.72,50445.76,30490.88,UPI
104892,15-Apr-2025,CUST1819,Individual,East,Kolkata,Online,Stationery,Whiteboard,3,390.55,0.1,1171.65,117.17,1054.48,259.96,779.88,274.6,Credit Card
105591,2025-01-26,CUST1776,Individual,South,Chennai,Online,Apparel,Wool Sweater,4,1357.73,0.1,5430.92,543.09,4887.83,951.53,3806.12,1081.71,Cash on Delivery
105345,2024-01-12,CUST3162,Small Business,South,Hyderabad,Distributor,Apparel,Cotton T-Shirt,2,2367.89,0.0,4735.78,0.0,4735.78,1339.81,2679.62,2056.16,Net Banking
103807,2025-04-05,CUST2849,Small Business,West,Pune,Online,Electronics,Laptop Stand,3,1801.6,0.1,5404.8,540.48,4864.32,1215.2,3645.6,1218.72,UPI
102781,2025-01-06,CUST3852,Small Business,West,Pune,Online,Furniture,Office Chair,1,2241.04,0.05,2241.04,112.05,2128.99,1482.23,1482.23,646.76,Credit Card
104869,2025-07-10,CUST2866,Individual,North,Lucknow,Online,Furniture,Filing Cabinet,1,12759.67,0.05,12759.67,637.98,12121.69,8941.21,8941.21,3180.48,Debit Card
100361,2024-07-26,CUST3462,Individual,East,Kolkata,Online,Electronics,Webcam HD,8,829.9,0.05,6639.2,331.96,6307.24,529.79,4238.32,2068.92,Cash on Delivery
101062,2025-04-28,CUST3314,Individual,South,Chennai,Online,Stationery,Gel Pens Pack,7,428.71,0.15,3000.97,450.15,2550.82,242.33,1696.31,854.51,Net Banking
101558,2024-09-03,CUST3777,Individual,North,Lucknow,Retail Store,Furniture,Office Chair,1,10888.67,0.1,10888.67,1088.87,9799.8,7959.58,7959.58,1840.22,Credit Card
101858,15/04/2024,CUST1655,Small Business,North,Lucknow,Retail Store,Electronics,Laptop Stand,2,1285.07,0.1,2570.14,257.01,2313.13,870.36,1740.72,572.41,Cash on Delivery
105809,2024-11-29,CUST2783,Individual,Central,Raipur,Online,Electronics,Power Bank,1,2607.74,0.05,2607.74,130.39,2477.35,1742.66,1742.66,734.69,Cash on Delivery
100585,22/10/2025,CUST2574,Individual,Central,Nagpur,Distributor,Furniture,Bookshelf,5,14373.12,0.15,71865.6,10779.84,61085.76,9950.83,49754.15,11331.61,UPI
102640,2025-06-15,CUST4408,Individual,West,Mumbai,Online,Electronics,USB-C Hub,6,4993.57,0.0,29961.42,0.0,29961.42,3102.9,18617.4,11344.02,UPI
102380,2025-04-23,CUST3823,Individual,Central,Bhopal,Online,Electronics,USB-C Hub,1,3460.62,0.0,3460.62,0.0,3460.62,2541.71,2541.71,918.91,UPI
102706,2025-10-16,CUST3341,Individual,East,Bhubaneswar,Online,Electronics,Wireless Mouse,1,1389.21,0.15,1389.21,208.38,1180.83,921.68,921.68,259.15,Net Banking
102247,2025-09-07,CUST3956,Small Business,Central,Bhopal,Retail Store,Groceries,Almond Butter,4,875.69,0.0,3502.76,0.0,3502.76,543.23,2172.92,1329.84,Net Banking
105506,2024-08-14,CUST1007,Individual,South,Chennai,Online,Furniture,Office Chair,2,5586.79,0.05,11173.58,558.68,10614.9,3722.75,7445.5,3169.4,Cash on Delivery
105918,2024-08-18,CUST2324,Small Business,East,Kolkata,Retail Store,Groceries,Organic Coffee,1,326.54,0.1,326.54,32.65,293.89,200.99,200.99,92.9,Credit Card
100379,2024-12-04,CUST3925,Individual,West,Mumbai,Online,Apparel,Wool Sweater,4,2396.65,0.0,9586.6,0.0,9586.6,1512.61,6050.44,3536.16,Credit Card
100668,2024-09-07,CUST4686,Individual,South,Bengaluru,Online,STATIONERY,Notebook Set,6,296.34,0.05,1778.04,88.9,1689.14,201.07,1206.42,482.72,UPI
103376,2025-04-20,CUST3954,Individual,South,Bengaluru,Retail Store,Apparel,Cotton T-Shirt,1,2416.07,0.1,2416.07,241.61,2174.46,1723.63,1723.63,450.83,UPI
103618,2024-09-15,CUST4732,Small Business,East,Kolkata,Online,Electronics,Wireless Mouse,4,1845.23,0.15,7380.92,1107.14,6273.78,1042.24,4168.96,2104.82,Debit Card
104279,2025-04-09,CUST4197,Individual,South,Chennai,Online,Electronics,Power Bank,3,4610.16,0.0,13830.48,0.0,13830.48,3009.86,9029.58,4800.9,Debit Card
103445,2024-11-04,CUST2333,Small Business,East,Patna,Online,STATIONERY,Whiteboard,8,491.29,0.2,3930.32,786.06,3144.26,284.15,2273.2,871.06,UPI
102700,2024-11-26,CUST1311,Individual,Central,Nagpur,Online,Furniture,Office Chair,6,7417.21,0.05,44503.26,2225.16,42278.1,4322.52,25935.12,16342.98,Credit Card
105307,2024-07-05,CUST2456,Individual,Central,Bhopal,Retail Store,Furniture,Office Chair,3,14656.48,0.2,43969.44,8793.89,35175.55,8105.16,24315.48,10860.07,Cash on Delivery
105816,2025-10-20,CUST2788,Individual,West,Mumbai,Online,Stationery,Gel Pens Pack,3,118.61,0.0,355.83,0.0,355.83,81.08,243.24,112.59,Debit Card
102437,20-Aug-2025,CUST4833,Enterprise,West,Mumbai,Online,Electronics,Power Bank,4,2393.9,0.2,9575.6,1915.12,7660.48,1740.52,6962.08,698.4,Cash on Delivery
102153,2024-09-05,CUST3727,Small Business,North,Delhi,Online,Furniture,Bookshelf,2,4124.52,0.0,8249.04,0.0,8249.04,2775.39,5550.78,2698.26,Debit Card
101153,2024-12-06,CUST1663,Individual,Central,Nagpur,Retail Store,Apparel,Running Shoes,3,2637.6,0.0,7912.8,0.0,7912.8,1682.86,5048.58,2864.22,Credit Card
105973,2024-05-07,CUST2536,Individual,West,Mumbai,Online,Groceries,Almond Butter,1,199.08,0.05,199.08,9.95,189.13,138.5,138.5,50.63,UPI
104386,2024-09-11,CUST1474,Small Business,Central,Nagpur,Retail Store,Furniture,Bookshelf,1,9229.91,0.2,9229.91,1845.98,7383.93,5883.0,5883.0,1500.93,Cash on Delivery
102902,2025-05-17,CUST4529,Individual,East,Bhubaneswar,Online,Electronics,Power Bank,1,4059.86,0.2,4059.86,811.97,3247.89,2580.41,2580.41,667.48,UPI
104493,2024-03-02,CUST3018,Individual,West,Pune,Retail Store,Stationery,Gel Pens Pack,3,138.71,0.1,416.13,41.61,374.52,102.77,308.31,66.21,UPI
100424,2025-07-06,CUST2135,Small Business,West,Ahmedabad,Distributor,Electronics,Power Bank,6,4454.79,0.1,26728.74,2672.87,24055.87,3056.19,18337.14,5718.73,Debit Card
100140,2024-08-11,CUST4499,Individual,North,Lucknow,Online,Furniture,Desk Lamp,2,2802.85,0.0,5605.7,0.0,5605.7,1633.8,3267.6,2338.1,Net Banking
102104,2025-07-25,CUST2216,Individual,East,Bhubaneswar,Online,Stationery,Notebook Set,1,621.73,0.05,621.73,31.09,590.64,417.64,417.64,173.0,Net Banking
100415,2024-11-29,CUST4647,Individual,East,Kolkata,Retail Store,Groceries,Green Tea Pack,3,818.52,0.1,2455.56,245.56,2210.0,529.49,1588.47,621.53,Net Banking
104180,2024-07-10,CUST1980,Small Business,South,Chennai,Distributor,Electronics,Webcam HD,3,3647.27,0.0,10941.81,0.0,10941.81,2494.32,7482.96,3458.85,Credit Card
103423,2025-08-12,CUST1219,Individual,East,Patna,Online,Furniture,Bookshelf,3,2999.33,0.1,8997.99,899.8,8098.19,2220.8,6662.4,1435.79,Net Banking
101424,2024-01-04,CUST3571,Individual,Central,Raipur,Distributor,Stationery,Desk Organizer,3,137.25,0.1,411.75,41.18,370.57,96.16,288.48,82.09,Credit Card
105098,2024-02-10,CUST1990,Enterprise,South,Bengaluru,Online,Electronics,Webcam HD,3,4972.07,0.05,14916.21,745.81,14170.4,3528.5,10585.5,3584.9,Credit Card
103307,2025-08-07,CUST1206,Small Business,South,Bengaluru,Distributor,Groceries,Organic Coffee,2,718.41,0.15,1436.82,215.52,1221.3,449.73,899.46,321.84,Net Banking
102209,2024-03-30,CUST3912,Individual,Central,Nagpur,Online,Furniture,Office Chair,4,12781.17,0.0,51124.68,0.0,51124.68,8884.45,35537.8,15586.88,Cash on Delivery
102925,2025-08-14,CUST3652,Small Business,West,Pune,Online,Apparel,Denim Jacket,2,1338.9,0.0,2677.8,0.0,2677.8,755.32,1510.64,1167.16,Debit Card
103612,2024-11-04,CUST4865,Individual,West,Ahmedabad,Online,Furniture,Standing Desk,6,2229.03,0.15,13374.18,2006.13,11368.05,1655.36,9932.16,1435.89,Credit Card
105581,2024-04-16,CUST2135,Individual,East,Kolkata,Online,Furniture,Standing Desk,2,9837.65,0.05,19675.3,983.76,18691.54,6045.92,12091.84,6599.7,UPI
101075,2024-01-12,CUST4209,Individual,North,Lucknow,Online,Electronics,Power Bank,3,4659.43,0.2,13978.29,2795.66,11182.63,2654.25,7962.75,3219.88,Net Banking
104319,2025-03-27,CUST4142,Individual,North,Delhi,Retail Store,Apparel,Denim Jacket,2,1374.75,0.15,2749.5,412.43,2337.07,984.79,1969.58,367.49,Credit Card
102528,2025-12-13,CUST3996,Enterprise,East,Bhubaneswar,Retail Store,Apparel,Denim Jacket,8,1892.92,0.0,15143.36,0.0,15143.36,1244.54,9956.32,5187.04,Credit Card
104193,2025-03-02,CUST1736,Small Business,Central,Raipur,Online,Groceries,Olive Oil,4,557.2,0.1,2228.8,222.88,2005.92,313.82,1255.28,750.64,UPI
105281,2025-01-28,CUST2412,Enterprise,North,Lucknow,Online,Furniture,Desk Lamp,2,4065.67,0.0,8131.34,0.0,8131.34,2770.13,5540.26,2591.08,Cash on Delivery
101876,2024-04-30,CUST3504,Individual,West,Pune,Online,Stationery,Desk Organizer,4,477.62,0.0,1910.48,0.0,1910.48,347.39,1389.56,520.92,UPI
105981,2025-09-23,CUST1576,Individual,North,Lucknow,Online,Groceries,Olive Oil,1,709.13,0.1,709.13,70.91,638.22,517.41,517.41,120.81,Debit Card
104641,2025-12-08,CUST3805,Individual,Central,Raipur,Retail Store,Apparel,Rain Jacket,4,2187.24,0.15,8748.96,1312.34,7436.62,1633.36,6533.44,903.18,Cash on Delivery
104819,2025-02-26,CUST4861,Small Business,Central,Nagpur,Distributor,Stationery,Whiteboard,6,411.35,0.2,2468.1,493.62,1974.48,228.92,1373.52,600.96,Cash on Delivery
100461,2025-03-22,CUST3424,Individual,North,Lucknow,Online,Furniture,Filing Cabinet,3,7226.36,0.2,21679.08,4335.82,17343.26,4810.14,14430.42,2912.84,Net Banking
100157,2024-09-30,CUST2660,Enterprise,East,Patna,Online,Groceries,Organic Coffee,3,640.3,0.2,1920.9,384.18,1536.72,356.22,1068.66,468.06,UPI
101872,2025-07-03,CUST4713,Individual,Central,Bhopal,Online,Electronics,Wireless Mouse,5,3071.31,0.2,15356.55,3071.31,12285.24,1948.69,9743.45,2541.79,Net Banking
103932,2024-04-14,CUST1492,Individual,Central,Nagpur,Online,Apparel,Rain Jacket,3,978.25,0.05,2934.75,146.74,2788.01,659.89,1979.67,808.34,Net Banking
103474,2024-06-06,CUST1421,Individual, Central  ,Raipur,Online,ELECTRONICS,Power Bank,5,3574.37,0.05,17871.85,893.59,16978.26,2310.05,11550.25,5428.01,Debit Card
101719,2025-06-05,CUST2352,Individual,East,Patna,Retail Store,Stationery,Notebook Set,1,290.76,0.15,290.76,43.61,247.15,172.34,172.34,74.81,Credit Card
100530,2024-12-02,CUST1332,Individual,South,Hyderabad,Distributor,Electronics,Power Bank,4,5487.51,0.2,21950.04,4390.01,17560.03,3449.22,13796.88,3763.15,Debit Card
100493,2024-12-29,CUST4102,Individual,North,Lucknow,Online,APPAREL,Rain Jacket,3,616.56,0.1,1849.68,184.97,1664.71,428.4,1285.2,379.51,Cash on Delivery
104389,2025-09-16,CUST3382,Enterprise,West,Ahmedabad,Online,Stationery,Gel Pens Pack,3,499.87,0.2,1499.61,299.92,1199.69,323.29,969.87,229.82,Cash on Delivery
105917,2025-01-03,CUST2868,Small Business,Central,Bhopal,Distributor,Stationery,Notebook Set,5,548.35,0.1,2741.75,274.18,2467.57,408.11,2040.55,427.02,Cash on Delivery
102547,2025-03-11,CUST1844,Individual,North,Lucknow,Online,Furniture,Filing Cabinet,1,7460.8,0.0,7460.8,0.0,7460.8,4725.94,4725.94,2734.86,Net Banking
100722,12-05-2025,CUST2981,Individual,North,Delhi,Online,Furniture,Office Chair,3,3346.89,0.0,10040.67,0.0,10040.67,2041.55,6124.65,3916.02,Credit Card
103915,2024-08-14,CUST2859,Individual,North,Chandigarh,Online,Groceries,Almond Butter,4,583.27,0.0,2333.08,0.0,2333.08,391.9,1567.6,765.48,Net Banking
101125,2024-12-04,CUST4012,Enterprise,South,Hyderabad,Retail Store,Electronics,Webcam HD,8,3910.76,0.1,31286.08,3128.61,28157.47,2415.07,19320.56,8836.91,Cash on Delivery
100088,2024-11-16,CUST1360,Individual,Central,Nagpur,Retail Store,STATIONERY,Whiteboard,1,365.26,0.15,365.26,54.79,310.47,268.08,268.08,42.39,Cash on Delivery
103934,2025-04-23,CUST2765,Individual,West,Pune,Retail Store,Furniture,Bookshelf,8,14405.9,0.05,115247.2,5762.36,109484.84,10465.83,83726.64,25758.2,UPI
104716,2024-03-19,CUST3098,Individual,West,Ahmedabad,Retail Store,Electronics,Power Bank,3,3175.85,0.2,9527.55,1905.51,7622.04,1949.92,5849.76,1772.28,Credit Card
100941,2025-08-25,CUST3405,Individual,North,Lucknow,Online,APPAREL,Rain Jacket,2,1699.21,0.15,3398.42,509.76,2888.66,999.23,1998.46,890.2,Net Banking
102712,2024-01-28,CUST3544,,West,,Online,Electronics,Wireless Mouse,1,1567.34,,1567.34,0.0,1567.34,866.96,866.96,700.38,
105059,2024-04-30,CUST3147,Small Business,West,Pune,Online,Furniture,Bookshelf,3,7628.48,0.1,22885.44,2288.54,20596.9,4360.1,13080.3,7516.6,Net Banking
104276,2024-06-30,CUST2811,Individual,Central,Nagpur,Online,FURNITURE,Office Chair,2,3736.05,0.15,7472.1,1120.82,6351.28,2182.31,4364.62,1986.66,UPI
105372,2025-05-01,CUST3015,Individual,South,Chennai,Retail Store,Stationery,Desk Organizer,3,313.26,0.0,939.78,0.0,939.78,230.96,692.88,246.9,Debit Card
105405,2025-09-15,CUST1169,Small Business,Central,Nagpur,Retail Store,Groceries,Green Tea Pack,5,252.59,0.1,1262.95,126.3,1136.65,140.18,700.9,435.75,Debit Card
100514,2024-09-10,CUST2827,Individual,Central,Raipur,Online,Electronics,USB-C Hub,4,1562.08,0.0,6248.32,0.0,6248.32,1007.93,4031.72,2216.6,Net Banking
104072,2024-07-19,CUST4660,Small Business,West,Pune,Retail Store,Apparel,Rain Jacket,6,746.58,0.05,4479.48,223.97,4255.51,501.13,3006.78,1248.73,Net Banking
105498,06/02/2025,CUST4931,Individual,North,Lucknow,Retail Store,Furniture,Bookshelf,3,7552.48,0.0,22657.44,0.0,22657.44,5020.67,15062.01,7595.43,UPI
100669,2025-04-21,CUST1468,Small Business,South,Hyderabad,Online,Electronics,Wireless Mouse,1,1837.25,0.15,1837.25,275.59,1561.66,1282.87,1282.87,278.79,Cash on Delivery
100645,2025-09-14,CUST2572,Enterprise,South,Bengaluru,Online,Furniture,Office Chair,2,3303.04,0.1,6606.08,660.61,5945.47,1882.55,3765.1,2180.37,Cash on Delivery
103453,2025-04-20,CUST4272,Enterprise,South,Chennai,Retail Store,Furniture,Standing Desk,1,11537.25,0.2,11537.25,2307.45,9229.8,7716.21,7716.21,1513.59,Cash on Delivery
100215,2024-11-05,CUST4336,Small Business,South,Hyderabad,Distributor,Apparel,Denim Jacket,1,2203.26,0.0,2203.26,0.0,2203.26,1505.06,1505.06,698.2,Cash on Delivery
101112,2024-01-18,CUST2411,Individual,West,Ahmedabad,Online,Groceries,Olive Oil,1,722.22,0.0,722.22,0.0,722.22,483.35,483.35,238.87,UPI
102863,2025-08-13,CUST1371,Small Business,North,Chandigarh,Retail Store,Electronics,Bluetooth Speaker,2,4377.98,0.2,8755.96,1751.19,7004.77,2880.27,5760.54,1244.23,Net Banking
101298,2024-06-06,CUST3602,Small Business,East,Patna,Online,Furniture,Standing Desk,-1,14909.76,0.0,74548.8,0.0,74548.8,10684.68,53423.4,21125.4,UPI
104002,2024-06-28,CUST1712,Individual,South,Chennai,Retail Store,Electronics,Wireless Mouse,3,2041.28,0.2,6123.84,1224.77,4899.07,1132.29,3396.87,1502.2,Credit Card
103259,2024-06-25,CUST2459,Individual,Central,Raipur,Distributor,Apparel,Rain Jacket,3,1688.18,0.15,5064.54,759.68,4304.86,1040.07,3120.21,1184.65,Debit Card
103675,2025-01-02,CUST1991,Individual,West,Pune,Online,Groceries,Almond Butter,3,671.65,0.0,2014.95,0.0,2014.95,429.65,1288.95,726.0,Cash on Delivery
104877,2025-05-30,CUST2021,Individual,North,Lucknow,Retail Store,Furniture,Standing Desk,1,12099.18,0.1,12099.18,1209.92,10889.26,8447.0,8447.0,2442.26,Debit Card
102927,2025-10-07,CUST4748,Individual,North,Delhi,Retail Store,Electronics,Bluetooth Speaker,3,3547.39,0.2,10642.17,2128.43,8513.74,2321.27,6963.81,1549.93,Credit Card
103518,2024-10-20,CUST3854,Small Business,Central,Nagpur,Retail Store,Groceries,Almond Butter,2,767.78,0.15,1535.56,230.33,1305.23,500.78,1001.56,303.67,Credit Card
102663,2024-07-09,CUST2974,Enterprise,Central,Nagpur,Retail Store,Furniture,Office Chair,1,10282.93,0.15,10282.93,1542.44,8740.49,6184.17,6184.17,2556.32,Cash on Delivery
100076,2024-09-13,CUST4186,Individual,North,Delhi,Online,Furniture,Office Chair,2,5449.78,0.0,10899.56,0.0,10899.56,3516.47,7032.94,3866.62,UPI
102131,2024-08-07,CUST1985,Individual,South,Bengaluru,Online,Apparel,Rain Jacket,4,908.18,0.0,3632.72,0.0,3632.72,525.9,2103.6,1529.12,Debit Card
105385,2025-12-05,CUST2398,Individual,West,Ahmedabad,Online,Electronics,Power Bank,8,3138.35,0.0,25106.8,0.0,25106.8,1874.97,14999.76,10107.04,Credit Card
102520,2024-09-17,CUST1336,Small Business,Central,Bhopal,Online,Stationery,Desk Organizer,1,550.96,0.0,550.96,0.0,550.96,365.88,365.88,185.08,UPI
101537,2025-08-25,CUST4198,Small Business,South,Bengaluru,Online,Stationery,Desk Organizer,3,359.58,0.0,1078.74,0.0,1078.74,224.53,673.59,405.15,Debit Card
101382,04-24-2024,CUST3434,Individual,Central,Raipur,Online,Electronics,Webcam HD,2,3562.72,0.15,7125.44,1068.82,6056.62,2020.05,4040.1,2016.52,UPI
101494,2024-01-19,CUST3398,Small Business,West,Pune,Online,Stationery,Sticky Notes,1,277.71,0.0,277.71,0.0,277.71,157.19,157.19,120.52,Debit Card
104234,2024-08-30,CUST4238,Small Business,North,Chandigarh,Online,Apparel,Denim Jacket,4,2824.33,0.0,11297.32,0.0,11297.32,1999.54,7998.16,3299.16,Debit Card
103728,2024-11-23,CUST1978,,North,,Retail Store,Groceries,Almond Butter,1,171.2,,171.2,34.24,136.96,97.25,97.25,39.71,
102204,2025-10-07,CUST2826,Small Business,West,Pune,Retail Store,Groceries,Organic Coffee,3,736.74,0.0,2210.22,0.0,2210.22,494.91,1484.73,725.49,Cash on Delivery
101646,2024-02-17,CUST1648,Individual,South,Chennai,Online,Electronics,Wireless Mouse,2,1325.35,0.0,2650.7,0.0,2650.7,940.1,1880.2,770.5,UPI
102335,2025-08-06,CUST2061,Small Business,West,Mumbai,Retail Store,APPAREL,Cotton T-Shirt,5,2773.98,0.0,13869.9,0.0,13869.9,1987.95,9939.75,3930.15,UPI
104014,2024-02-16,CUST4562,Individual,Central,Nagpur,Distributor,Furniture,Standing Desk,4,9686.87,0.1,38747.48,3874.75,34872.73,6727.55,26910.2,7962.53,Net Banking
104352,2025-12-12,CUST3848,Small Business,South,Chennai,Distributor,Furniture,Standing Desk,3,8109.05,0.1,24327.15,2432.72,21894.43,5987.11,17961.33,3933.1,UPI
104548,2025-08-31,CUST4437,Individual,North,Chandigarh,Online,Furniture,Office Chair,2,5279.52,0.05,10559.04,527.95,10031.09,3865.02,7730.04,2301.05,Credit Card
104058,2025-01-09,CUST1913,Small Business,Central,Nagpur,Online,Stationery,Desk Organizer,1,419.24,0.1,419.24,41.92,377.32,278.05,278.05,99.27,Debit Card
103156,2024-05-08,CUST4435,Individual,North,Lucknow,Retail Store,Groceries,Olive Oil,1,491.24,0.0,491.24,0.0,491.24,310.7,310.7,180.54,Credit Card
102643,2025-11-02,CUST4278,Individual,Central,Nagpur,Retail Store,Furniture,Bookshelf,1,2454.89,0.0,2454.89,0.0,2454.89,1393.1,1393.1,1061.79,Cash on Delivery
102970,2025-12-18,CUST1141,Small Business,North,Delhi,Online,Groceries,Organic Coffee,8,637.88,0.0,5103.04,0.0,5103.04,391.15,3129.2,1973.84,UPI
102912,2024-10-28,CUST4596,Small Business,South,Hyderabad,Distributor,Apparel,Denim Jacket,4,1514.33,0.15,6057.32,908.6,5148.72,1054.42,4217.68,931.04,Debit Card
104036,2025-09-05,CUST2861,Small Business,South,Hyderabad,Retail Store,Furniture,Bookshelf,4,3367.54,0.0,13470.16,0.0,13470.16,2411.9,9647.6,3822.56,Net Banking
101258,2025-02-04,CUST4506,Individual,North,Chandigarh,Online,FURNITURE,Bookshelf,1,10599.39,0.0,10599.39,0.0,10599.39,6481.98,6481.98,4117.41,UPI
102883,08-15-2024,CUST4187,Individual,South,Bengaluru,Retail Store,Stationery,Desk Organizer,1,387.31,0.0,387.31,0.0,387.31,213.47,213.47,173.84,Cash on Delivery
103828,2024-07-08,CUST1813,Individual,East,Bhubaneswar,Online,Apparel,Rain Jacket,3,891.15,0.0,2673.45,0.0,2673.45,612.14,1836.42,837.03,Credit Card
103114,2025-03-29,CUST4865,Individual,East,Patna,Retail Store,Groceries,Organic Coffee,4,660.86,0.05,2643.44,132.17,2511.27,438.8,1755.2,756.07,Net Banking
103321,2025-05-15,CUST1768,Individual,West,Mumbai,Online,Furniture,Standing Desk,4,6527.99,0.1,26111.96,2611.2,23500.76,4719.85,18879.4,4621.36,UPI
100790,2024-11-27,CUST2454,Small Business,South,Hyderabad,Retail Store,Electronics,Wireless Mouse,6,2500.86,0.05,15005.16,750.26,14254.9,1728.72,10372.32,3882.58,Cash on Delivery
101886,2024-04-12,CUST3753,Individual,North,Chandigarh,Online,Stationery,Desk Organizer,4,454.49,0.0,1817.96,0.0,1817.96,280.79,1123.16,694.8,Net Banking
102417,2024-08-13,CUST4196,Individual,South,Chennai,Retail Store,Furniture,Filing Cabinet,1,8288.97,0.0,8288.97,0.0,8288.97,4603.47,4603.47,3685.5,Credit Card
104992,2024-02-02,CUST1152,Individual,South,Bengaluru,Online,Electronics,Laptop Stand,1,3148.45,0.1,3148.45,314.85,2833.6,2137.78,2137.78,695.82,Credit Card
105444,2025-12-24,CUST3257,Small Business,South,Bengaluru,Distributor,FURNITURE,Office Chair,9,8368.93,0.0,75320.37,0.0,75320.37,5496.56,49469.04,25851.33,Cash on Delivery
100295,2024-11-19,CUST3261,Individual,North,Delhi,Online,Groceries,Almond Butter,8,356.67,0.2,2853.36,570.67,2282.69,210.7,1685.6,597.09,Debit Card
100910,04/12/2024,CUST4694,Individual,South,Chennai,Distributor,Furniture,Filing Cabinet,8,5200.25,0.1,41602.0,4160.2,37441.8,3598.75,28790.0,8651.8,Cash on Delivery
104432,2025-05-14,CUST4491,Small Business,North,Delhi,Distributor,Furniture,Filing Cabinet,1,7622.81,0.0,7622.81,0.0,7622.81,4992.66,4992.66,2630.15,Cash on Delivery
101633,2024-01-28,CUST1215,Individual,South,Bengaluru,Retail Store,Stationery,Gel Pens Pack,3,166.87,0.2,500.61,100.12,400.49,104.36,313.08,87.41,Net Banking
104933,2025-07-03,CUST1371,Individual,East,Patna,Retail Store,Stationery,Desk Organizer,1,111.67,0.2,111.67,22.33,89.34,67.82,67.82,21.52,Debit Card
104857,2024-06-07,CUST1915,Individual,East,Patna,Online,Apparel,Rain Jacket,5,969.19,0.1,4845.95,484.6,4361.35,682.68,3413.4,947.95,Debit Card
102022,2024-01-13,CUST1840,Enterprise,West,Mumbai,Distributor,Furniture,Desk Lamp,4,7604.15,0.15,30416.6,4562.49,25854.11,5475.23,21900.92,3953.19,Cash on Delivery
103434,2024-05-30,CUST3942,Individual,Central,Raipur,Online,Stationery,Sticky Notes,2,206.42,0.0,412.84,0.0,412.84,115.25,230.5,182.34,Net Banking
105046,2025-01-20,CUST4628,Enterprise,Central,Nagpur,Retail Store,Apparel,Cotton T-Shirt,2,2940.64,0.0,5881.28,0.0,5881.28,1704.9,3409.8,2471.48,Credit Card
104426,2024-02-26,CUST2137,Individual,North,Lucknow,Retail Store,Groceries,Organic Coffee,2,832.63,0.1,1665.26,166.53,1498.73,585.92,1171.84,326.89,Credit Card
105388,2025-12-13,CUST3044,Enterprise,North,Lucknow,Online,Electronics,Wireless Mouse,3,5143.63,0.0,15430.89,0.0,15430.89,2839.34,8518.02,6912.87,Net Banking
101126,09-16-2025,CUST4783,Individual,North,Lucknow,Online,Stationery,Desk Organizer,1,511.07,0.05,511.07,25.55,485.52,290.46,290.46,195.06,Net Banking
103962,2024-12-08,CUST4029,Small Business,South,Hyderabad,Distributor,Stationery,Gel Pens Pack,6,431.89,0.05,2591.34,129.57,2461.77,272.81,1636.86,824.91,UPI
102844,2024-09-12,CUST1856,Individual,North,Delhi,Online,Furniture,Filing Cabinet,5,10064.21,0.1,50321.05,5032.11,45288.94,5957.03,29785.15,15503.79,Cash on Delivery
102051,2024-05-21,CUST1572,Small Business,South,Bengaluru,Online,Groceries,Almond Butter,7,487.87,0.15,3415.09,512.26,2902.83,273.56,1914.92,987.91,Net Banking
104943,2025-09-04,CUST3287,Individual,West,,Online,Groceries,Organic Coffee,4,730.03,0.0,2920.12,0.0,2920.12,501.9,2007.6,912.52,
105297,2025-10-03,CUST2193,Individual,North,Delhi,Online,Groceries,Organic Coffee,1,183.96,0.0,183.96,0.0,183.96,109.85,109.85,74.11,Debit Card
104004,11-15-2024,CUST2291,Individual,East,Kolkata,Retail Store,Furniture,Bookshelf,1,11780.78,0.2,11780.78,2356.16,9424.62,7294.57,7294.57,2130.05,Net Banking
104374,2025-01-05,CUST4619,Individual,North,Chandigarh,Retail Store,Apparel,Running Shoes,1,498.64,0.15,498.64,74.8,423.84,287.01,287.01,136.83,UPI
104465,2024-10-08,CUST3408,Small Business,North,Delhi,Online,Groceries,Organic Coffee,1,886.38,0.0,886.38,0.0,886.38,558.94,558.94,327.44,Credit Card
103751,2024-09-28,CUST1593,Enterprise,North,Lucknow,Online,Furniture,Bookshelf,2,9813.65,0.2,19627.3,3925.46,15701.84,7172.28,14344.56,1357.28,Cash on Delivery
101527,2025-11-07,CUST2732,Enterprise,South,Hyderabad,Online,Electronics,Laptop Stand,4,5747.33,0.05,22989.32,1149.47,21839.85,3781.56,15126.24,6713.61,Debit Card
105503,2024-12-02,CUST3897,Individual,South,Bengaluru,Online,Furniture,Office Chair,8,13741.68,0.0,109933.44,0.0,109933.44,8487.91,67903.28,42030.16,Debit Card
102655,2024-08-28,CUST4635,Individual,West,Pune,Retail Store,Stationery,Desk Organizer,3,429.39,0.0,1288.17,0.0,1288.17,252.48,757.44,530.73,Cash on Delivery
104289,2025-07-28,CUST4460,Individual,Central,Nagpur,Online,Stationery,Gel Pens Pack,2,430.77,0.0,861.54,0.0,861.54,266.1,532.2,329.34,UPI
104915,2025-06-25,CUST1806,Individual,North,Lucknow,Online,Stationery,Notebook Set,7,244.17,0.2,1709.19,341.84,1367.35,144.16,1009.12,358.23,UPI
101146,2025-12-25,CUST4626,Individual,South,Bengaluru,Retail Store,Stationery,Notebook Set,3,137.41,0.05,412.23,20.61,391.62,95.87,287.61,104.01,UPI
105319,2024-06-30,CUST3933,Individual,North,Chandigarh,Online,Stationery,Desk Organizer,5,218.65,0.1,1093.25,109.33,983.92,160.05,800.25,183.67,Net Banking
103968,2024-03-07,CUST1536,Individual,Central,Nagpur,Retail Store,Stationery,Desk Organizer,1,258.97,0.05,258.97,12.95,246.02,146.57,146.57,99.45,Debit Card
100003,2025-01-02,CUST3885,Individual,East,Kolkata,Retail Store,Apparel,Rain Jacket,2,1162.26,0.0,2324.52,0.0,2324.52,773.45,1546.9,777.62,Debit Card
101338,2025-09-18,CUST2852,Individual,West,Pune,Online,Apparel,Denim Jacket,4,2863.83,0.0,11455.32,0.0,11455.32,1728.61,6914.44,4540.88,UPI
102980,2024-11-27,CUST3293,Individual,West,Ahmedabad,Online,Electronics,Bluetooth Speaker,1,893.63,0.1,893.63,89.36,804.27,608.15,608.15,196.12,UPI
104656,2024-03-07,CUST4377,Individual,North,Lucknow,Retail Store,Apparel,Rain Jacket,3,1393.11,0.15,4179.33,626.9,3552.43,1034.13,3102.39,450.04,Cash on Delivery
101910,2025-01-17,CUST1202,Small Business,West,Ahmedabad,Online,Electronics,Laptop Stand,4,1764.82,0.1,7059.28,705.93,6353.35,1109.98,4439.92,1913.43,Credit Card
103026,2024-03-27,CUST1524,Individual,South,Hyderabad,Distributor,APPAREL,Cotton T-Shirt,1,2706.13,0.0,2706.13,0.0,2706.13,1898.23,1898.23,807.9,Credit Card
105732,2025-10-10,CUST4031,Small Business, North  ,Chandigarh,Retail Store,Groceries,Green Tea Pack,4,150.61,0.05,602.44,30.12,572.32,102.11,408.44,163.88,UPI
100654,2024-01-03,CUST4421,Enterprise,East,Bhubaneswar,Online,Furniture,Office Chair,2,6541.52,0.0,13083.04,0.0,13083.04,4200.16,8400.32,4682.72,UPI
105913,2025-12-31,CUST1835,Individual,West,Pune,Online,GROCERIES,Organic Coffee,4,682.82,0.1,2731.28,273.13,2458.15,377.05,1508.2,949.95,Cash on Delivery
104621,2025-09-15,CUST2157,Individual,East,Patna,Online,Groceries,Granola Bars,3,459.63,0.1,1378.89,137.89,1241.0,332.03,996.09,244.91,Credit Card
102958,2024-06-09,CUST2141,Small Business,East,Kolkata,Online,Furniture,Filing Cabinet,3,8016.99,0.15,24050.97,3607.65,20443.32,4762.68,14288.04,6155.28,UPI
103351,2024-02-12,CUST1734,Individual,North,Chandigarh,Online,Apparel,Cotton T-Shirt,1,2539.61,0.1,2539.61,253.96,2285.65,1411.2,1411.2,874.45,UPI
104599,2025-10-09,CUST3414,Individual,South,Bengaluru,Retail Store,Furniture,Filing Cabinet,4,8059.85,0.0,32239.4,0.0,32239.4,4607.78,18431.12,13808.28,Net Banking
105381,2025-12-02,CUST2213,Enterprise,Central,Raipur,Retail Store,Electronics,Power Bank,4,4522.07,0.0,18088.28,0.0,18088.28,2986.16,11944.64,6143.64,Debit Card
100786,2024-01-11,CUST1273,Individual,South,Bengaluru,Online,Apparel,Wool Sweater,1,1798.1,0.05,1798.1,89.91,1708.19,1202.73,1202.73,505.46,Credit Card
105998,2024-02-18,CUST1835,Small Business,West,Mumbai,Online,Apparel,Rain Jacket,2,1609.62,0.05,3219.24,160.96,3058.28,995.35,1990.7,1067.58,Net Banking
105428,2024-03-28,CUST4021,Individual,Central,Nagpur,Online,Apparel,Running Shoes,2,1466.23,0.0,2932.46,0.0,2932.46,891.26,1782.52,1149.94,Cash on Delivery
102726,2025-11-25,CUST3988,Individual,South,Hyderabad,Online,Furniture,Filing Cabinet,8,5957.22,0.05,47657.76,2382.89,45274.87,3322.2,26577.6,18697.27,Net Banking
100038,2024-11-30,CUST1127,Individual,East,Patna,Online,Apparel,Wool Sweater,6,2874.99,0.15,17249.94,2587.49,14662.45,1604.39,9626.34,5036.11,Credit Card
101154,2024-02-26,CUST1611,Small Business,Central,Nagpur,Retail Store,Apparel,Denim Jacket,1,2525.5,0.1,2525.5,252.55,2272.95,1511.78,1511.78,761.17,Cash on Delivery
104680,2024-09-10,CUST1991,Individual,Central,Raipur,Online,Electronics,Wireless Mouse,5,4827.02,0.05,24135.1,1206.75,22928.35,3561.73,17808.65,5119.7,UPI
100745,2024-12-22,CUST4307,Individual,East,Patna,Retail Store,Electronics,Webcam HD,9,942.19,0.15,8479.71,1271.96,7207.75,659.99,5939.91,1267.84,Debit Card
105715,2025-05-06,CUST4800,Individual,Central,Nagpur,Online,Apparel,Wool Sweater,3,1468.91,0.1,4406.73,440.67,3966.06,1004.24,3012.72,953.34,Net Banking
100260,2024-04-20,CUST4435,Individual,Central,Bhopal,Retail Store,Groceries,Organic Coffee,3,153.25,0.1,459.75,45.98,413.77,112.95,338.85,74.92,Cash on Delivery
100965,2024-07-28,CUST1259,Individual,North,Chandigarh,Online,Electronics,Power Bank,3,2020.97,0.15,6062.91,909.44,5153.47,1339.19,4017.57,1135.9,Credit Card
100542,2025-08-09,CUST2274,Individual,East,Patna,Online,Furniture,Desk Lamp,4,12361.33,0.15,49445.32,7416.8,42028.52,8663.74,34654.96,7373.56,Debit Card
102291,2025-02-09,CUST2454,Individual,East,Bhubaneswar,Online,Groceries,Olive Oil,1,177.32,0.0,177.32,0.0,177.32,131.65,131.65,45.67,Debit Card
100534,2025-11-06,CUST3777,Small Business,Central,Bhopal,Online,Stationery,Desk Organizer,6,531.92,0.0,3191.52,0.0,3191.52,312.97,1877.82,1313.7,UPI
103614,2025-12-23,CUST3703,Individual,North,Lucknow,Distributor,Furniture,Bookshelf,3,10305.86,0.2,30917.58,6183.52,24734.06,6304.7,18914.1,5819.96,Net Banking
100634,2025-01-07,CUST3663,Small Business,North,Delhi,Retail Store,Apparel,Running Shoes,5,2506.09,0.1,12530.45,1253.05,11277.4,1564.6,7823.0,3454.4,Debit Card
100557,2024-08-20,CUST2710,Small Business,South,Hyderabad,Retail Store,Furniture,Filing Cabinet,2,7998.21,0.2,15996.42,3199.28,12797.14,5905.77,11811.54,985.6,Debit Card
103229,2024-05-04,CUST2400,Small Business,North,,Online,Apparel,Running Shoes,1,1487.19,0.2,1487.19,297.44,1189.75,946.31,946.31,243.44,
104802,2025-01-24,CUST4927,Individual,West,Ahmedabad,Retail Store,Furniture,Standing Desk,1,9144.94,0.0,9144.94,0.0,9144.94,6564.95,6564.95,2579.99,Cash on Delivery
102115,2025-01-06,CUST4422,Small Business,North,Delhi,Retail Store,Furniture,Standing Desk,2,11578.2,0.0,23156.4,0.0,23156.4,7038.53,14077.06,9079.34,Net Banking
102757,2025-08-10,CUST4760,Small Business,West,Mumbai,Online,Furniture,Bookshelf,3,12949.52,0.0,38848.56,0.0,38848.56,7847.78,23543.34,15305.22,Debit Card
100591,2025-01-19,CUST2550,Small Business,East,Patna,Online,STATIONERY,Desk Organizer,1,228.55,0.0,228.55,0.0,228.55,156.1,156.1,72.45,Net Banking
102056,2024-01-05,CUST3207,Individual,East,Patna,Retail Store,Apparel,Running Shoes,1,951.84,0.05,951.84,47.59,904.25,616.28,616.28,287.97,Net Banking
101345,2024-05-16,CUST2588,Enterprise,West,Mumbai,Retail Store,ELECTRONICS,Wireless Mouse,1,3388.71,0.2,3388.71,677.74,2710.97,2363.12,2363.12,347.85,Debit Card
100887,2024-06-25,CUST2567,Individual,East,Patna,Retail Store,Groceries,Organic Coffee,2,454.55,0.15,909.1,136.37,772.73,266.93,533.86,238.87,UPI
103304,2025-06-26,CUST2491,Individual,Central,Raipur,Online,Groceries,Green Tea Pack,6,850.69,0.0,5104.14,0.0,5104.14,557.99,3347.94,1756.2,Credit Card
102235,2024-02-03,CUST4105,Individual,North,Delhi,Retail Store,Electronics,Wireless Mouse,1,5828.49,0.05,5828.49,291.42,5537.07,3926.62,3926.62,1610.45,Net Banking
103076,2025-06-14,CUST3995,Small Business,North,Lucknow,Retail Store,Furniture,Office Chair,2,9650.67,0.2,19301.34,3860.27,15441.07,6533.58,13067.16,2373.91,Cash on Delivery
104403,2025-02-03,CUST1342,Small Business,Central,Bhopal,Online,Stationery,Gel Pens Pack,1,648.83,0.1,648.83,64.88,583.95,474.75,474.75,109.2,Debit Card
100496,2024-03-30,CUST4235,Small Business,North,Delhi,Online,Furniture,Standing Desk,2,2348.6,0.2,4697.2,939.44,3757.76,1585.8,3171.6,586.16,Credit Card
103520,2025-05-17,CUST1457,Small Business,East,Patna,Online,Stationery,Sticky Notes,4,258.48,0.0,1033.92,0.0,1033.92,189.26,757.04,276.88,Cash on Delivery
104203,14-Jan-2025,CUST4151,Individual,West,Pune,Online,Groceries,Granola Bars,1,513.05,0.2,513.05,102.61,410.44,332.08,332.08,78.36,Credit Card
100363,2025-09-09,CUST2475,Individual, North  ,Delhi,Online,Apparel,Running Shoes,1,2219.6,0.05,2219.6,110.98,2108.62,1553.42,1553.42,555.2,UPI
103067,2025-11-15,CUST2002,Small Business,West,Ahmedabad,Distributor,GROCERIES,Organic Coffee,8,876.63,0.0,7013.04,0.0,7013.04,630.61,5044.88,1968.16,Credit Card
101151,03-13-2025,CUST3212,Individual,North,Lucknow,Online,Apparel,Rain Jacket,1,2098.63,0.1,2098.63,209.86,1888.77,1513.41,1513.41,375.36,Debit Card
103287,2024-07-01,CUST4540,Small Business,Central,Raipur,Retail Store,Apparel,Running Shoes,1,1559.55,0.1,1559.55,155.96,1403.59,1012.73,1012.73,390.86,Net Banking
105094,2025-01-04,CUST3979,Individual,South,Bengaluru,Distributor,Groceries,Green Tea Pack,2,826.37,0.05,1652.74,82.64,1570.1,557.49,1114.98,455.12,UPI
103390,2025-12-12,CUST3887,Small Business,North,Delhi,Retail Store,Apparel,Rain Jacket,4,693.8,0.15,2775.2,416.28,2358.92,477.13,1908.52,450.4,Cash on Delivery
105991,2024-08-24,CUST4956,Small Business,South,Chennai,Retail Store,Furniture,Filing Cabinet,5,11372.57,0.1,56862.85,5686.28,51176.57,6400.47,32002.35,19174.22,Net Banking
101033,2025-06-27,CUST2869,Individual,Central,Raipur,Distributor,Groceries,Granola Bars,5,689.33,0.1,3446.65,344.67,3101.98,516.55,2582.75,519.23,UPI
105175,2024-05-12,CUST2585,Individual,West,Pune,Distributor,Furniture,Office Chair,1,11612.97,0.0,11612.97,0.0,11612.97,8566.93,8566.93,3046.04,Debit Card
104603,2025-07-31,CUST4412,Individual,West,Ahmedabad,Online,Furniture,Desk Lamp,5,7696.67,0.1,38483.35,3848.34,34635.01,4927.66,24638.3,9996.71,Debit Card
102687,2025-05-28,CUST1655,Small Business,South,Hyderabad,Retail Store,Electronics,Wireless Mouse,5,4376.7,0.05,21883.5,1094.17,20789.33,2726.59,13632.95,7156.38,UPI
102029,2025-08-09,CUST3769,Small Business,North,Lucknow,Online,Furniture,Desk Lamp,3,7486.35,0.1,22459.05,2245.91,20213.14,4823.07,14469.21,5743.93,Cash on Delivery
103118,2025-06-07,CUST4469,Individual,South,Bengaluru,Online,Electronics,Wireless Mouse,1,1599.64,0.2,1599.64,319.93,1279.71,1111.61,1111.61,168.1,UPI
100663,2024-06-04,CUST3143,Small Business,North,Lucknow,Online,Groceries,Organic Coffee,1,872.75,0.15,872.75,130.91,741.84,586.27,586.27,155.57,UPI
100994,2025-07-17,CUST2751,Enterprise,North,Delhi,Retail Store,Groceries,Organic Coffee,3,357.82,0.0,1073.46,0.0,1073.46,215.82,647.46,426.0,Net Banking
100649,2025-01-28,CUST2755,Individual,South,Bengaluru,Online,Electronics,Laptop Stand,2,4001.62,0.1,8003.24,800.32,7202.92,2321.82,4643.64,2559.28,Net Banking
105901,2024-04-11,CUST4850,Small Business,North,Lucknow,Distributor,Furniture,Desk Lamp,1,14775.58,0.15,14775.58,2216.34,12559.24,10636.8,10636.8,1922.44,Credit Card
103220,2025-11-09,CUST1310,Small Business,West,Mumbai,Online,Furniture,Office Chair,3,2551.82,0.05,7655.46,382.77,7272.69,1885.19,5655.57,1617.12,Debit Card
101713,2025-03-31,CUST3748,Individual,Central,Raipur,Retail Store,Furniture,Office Chair,3,8347.09,0.05,25041.27,1252.06,23789.21,5642.87,16928.61,6860.6,Net Banking
100071,2024-04-20,CUST1572,Individual,North,Lucknow,Distributor,Furniture,Filing Cabinet,4,10419.48,0.15,41677.92,6251.69,35426.23,6581.56,26326.24,9099.99,Debit Card
104842,2024-01-04,CUST3349,Individual,Central,Raipur,Online,Electronics,Webcam HD,1,2976.01,0.2,2976.01,595.2,2380.81,1642.44,1642.44,738.37,Cash on Delivery
105631,2024-05-30,CUST1462,Individual,Central,Raipur,Retail Store,Stationery,Gel Pens Pack,3,679.98,0.05,2039.94,102.0,1937.94,399.34,1198.02,739.92,Credit Card
101972,2024-01-02,CUST3185,Individual,East,Patna,Online,Stationery,Notebook Set,1,529.15,0.2,529.15,105.83,423.32,294.08,294.08,129.24,UPI
102536,2025-05-22,CUST2233,Small Business,East,Patna,Online,Stationery,Sticky Notes,2,553.99,0.0,1107.98,0.0,1107.98,403.67,807.34,300.64,Credit Card
100579,2025-10-11,CUST2736,Small Business,South,Bengaluru,Online,Furniture,Standing Desk,3,5072.03,0.15,15216.09,2282.41,12933.68,2990.0,8970.0,3963.68,Debit Card
105544,2025-06-05,CUST4386,Individual,Central,Bhopal,Retail Store,Electronics,Power Bank,7,2192.68,0.2,15348.76,3069.75,12279.01,1480.44,10363.08,1915.93,Credit Card
104707,2025-09-18,CUST4254,Individual,Central,Bhopal,Online,Groceries,Organic Coffee,2,384.32,0.1,768.64,76.86,691.78,277.01,554.02,137.76,Cash on Delivery
101687,2025-04-15,CUST4681,Individual,West,Pune,Online,Furniture,Standing Desk,1,7774.07,0.0,7774.07,0.0,7774.07,4740.38,4740.38,3033.69,Credit Card
104189,2025-10-05,CUST2700,Small Business,North,Chandigarh,Online,Apparel,Wool Sweater,4,1468.11,0.0,5872.44,0.0,5872.44,984.64,3938.56,1933.88,Net Banking
101259,2024-04-07,CUST1995,Small Business,North,Lucknow,Online,Electronics,Wireless Mouse,1,1041.25,0.05,1041.25,52.06,989.19,678.99,678.99,310.2,Cash on Delivery
104923,2024-05-13,CUST1763,Small Business,Central,Nagpur,Online,Groceries,Green Tea Pack,5,397.72,0.0,1988.6,0.0,1988.6,219.04,1095.2,893.4,UPI
102125,2024-06-06,CUST1380,Small Business,South,Bengaluru,Online,Apparel,Wool Sweater,3,2571.64,0.1,7714.92,771.49,6943.43,1788.88,5366.64,1576.79,Cash on Delivery
105701,2025-07-19,CUST3570,Small Business,East,Bhubaneswar,Retail Store,Stationery,Notebook Set,6,186.26,0.0,1117.56,0.0,1117.56,109.94,659.64,457.92,Credit Card
101313,2025-08-06,CUST2259,Small Business,West,Pune,Distributor,Apparel,Rain Jacket,4,2359.67,0.0,9438.68,0.0,9438.68,1649.56,6598.24,2840.44,Cash on Delivery
100362,2025-09-06,CUST4432,Small Business,Central,Nagpur,Retail Store,Electronics,Bluetooth Speaker,1,1879.72,0.0,1879.72,0.0,1879.72,1284.6,1284.6,595.12,Debit Card
105861,2024-04-01,CUST2934,Individual,South,Bengaluru,Online,GROCERIES,Olive Oil,3,476.28,0.1,1428.84,142.88,1285.96,268.21,804.63,481.33,Net Banking
105143,2024-10-16,CUST3194,Small Business,Central,Raipur,Online,Apparel,Rain Jacket,5,445.15,0.0,2225.75,0.0,2225.75,277.21,1386.05,839.7,Net Banking
103759,2025-09-16,CUST3142,Individual,North,Lucknow,Retail Store,Stationery,Gel Pens Pack,2,160.71,0.05,321.42,16.07,305.35,88.52,177.04,128.31,Net Banking
103621,2025-07-17,CUST3212,Small Business,West,Mumbai,Online,Furniture,Office Chair,3,9839.35,0.1,29518.05,2951.81,26566.24,5596.67,16790.01,9776.23,Cash on Delivery
103970,2025-04-16,CUST3385,Individual,North,Delhi,Retail Store,Electronics,Webcam HD,1,2235.66,0.0,2235.66,0.0,2235.66,1518.45,1518.45,717.21,Net Banking
102960,2024-08-16,CUST4514,Small Business,North,Chandigarh,Retail Store,Apparel,Cotton T-Shirt,3,2722.46,0.0,8167.38,0.0,8167.38,1520.04,4560.12,3607.26,Net Banking
102558,2024-12-20,CUST4919,Individual,South,Bengaluru,Retail Store,Furniture,Desk Lamp,3,6261.26,0.0,18783.78,0.0,18783.78,4557.41,13672.23,5111.55,Cash on Delivery
103875,06-11-2024,CUST1649,Individual,East,Kolkata,Online,Electronics,Power Bank,2,5299.46,0.2,10598.92,2119.78,8479.14,3162.57,6325.14,2154.0,UPI
103963,2025-01-07,CUST3381,Small Business,South,Chennai,Retail Store,Groceries,Organic Coffee,1,384.19,0.1,384.19,38.42,345.77,276.1,276.1,69.67,Debit Card
102754,2024-06-30,CUST4644,Small Business,East,Bhubaneswar,Retail Store,Apparel,Wool Sweater,3,2001.72,0.0,6005.16,0.0,6005.16,1314.31,3942.93,2062.23,Cash on Delivery
105341,2025-05-16,CUST2254,Individual,South,Hyderabad,Online,Furniture,Standing Desk,3,2682.71,0.2,8048.13,1609.63,6438.5,1652.75,4958.25,1480.25,Credit Card
104938,2025-05-06,CUST2842,Enterprise,East,Bhubaneswar,Online,Furniture,Filing Cabinet,5,8073.39,0.0,40366.95,0.0,40366.95,5050.51,25252.55,15114.4,Cash on Delivery
102826,2025-09-27,CUST2378,Individual,East,Patna,Retail Store,Stationery,Desk Organizer,5,658.95,0.1,3294.75,329.48,2965.27,397.89,1989.45,975.82,UPI
102463,2025-03-24,CUST1861,Individual,East,Patna,Online,Stationery,Gel Pens Pack,3,83.02,0.1,249.06,24.91,224.15,56.18,168.54,55.61,Cash on Delivery
101998,2025-04-24,CUST1422,Small Business,West,Pune,Distributor,Electronics,Wireless Mouse,2,2428.63,0.0,4857.26,0.0,4857.26,1551.48,3102.96,1754.3,UPI
102324,2024-12-05,CUST3721,Small Business,South,Bengaluru,Online,Furniture,Filing Cabinet,6,5296.55,0.05,31779.3,1588.97,30190.33,3539.04,21234.24,8956.09,Net Banking
104522,2025-07-01,CUST4090,Individual,West,Mumbai,Online,Groceries,Olive Oil,2,422.68,0.0,845.36,0.0,845.36,309.74,619.48,225.88,Credit Card
102562,2025-01-27,CUST1170,Individual,Central,Nagpur,Online,Electronics,Wireless Mouse,4,2790.88,0.1,11163.52,1116.35,10047.17,1810.01,7240.04,2807.13,Cash on Delivery
105841,2024-08-18,CUST2257,Individual,West,Pune,Online,Furniture,Standing Desk,5,4705.78,0.05,23528.9,1176.45,22352.45,3026.65,15133.25,7219.2,Credit Card
104155,2024-07-04,CUST1671,Small Business,West,Ahmedabad,Distributor,Furniture,Office Chair,1,2177.78,0.2,2177.78,435.56,1742.22,1632.92,1632.92,109.3,Credit Card
104942,2024-04-11,CUST1591,Individual,East,Bhubaneswar,Retail Store,Apparel,Rain Jacket,3,591.63,0.15,1774.89,266.23,1508.66,346.04,1038.12,470.54,Net Banking
104504,2025-04-09,CUST3017,Individual,East,Bhubaneswar,Retail Store,Electronics,Bluetooth Speaker,3,5009.67,0.2,15029.01,3005.8,12023.21,3429.81,10289.43,1733.78,Cash on Delivery
102764,2025-03-03,CUST3159,Individual,Central,Nagpur,Online,Furniture,Bookshelf,2,3422.56,0.2,6845.12,1369.02,5476.1,2517.95,5035.9,440.2,Cash on Delivery
104620,2025-12-22,CUST1830,Individual,South,Chennai,Online,Groceries,Almond Butter,3,412.27,0.15,1236.81,185.52,1051.29,260.18,780.54,270.75,Credit Card
104615,2024-03-26,CUST2398,Individual,South,Chennai,Distributor,Electronics,Wireless Mouse,7,5312.43,0.15,37187.01,5578.05,31608.96,3191.45,22340.15,9268.81,Credit Card
100010,2025-10-16,CUST4406,Individual,South,Bengaluru,Online,Stationery,Desk Organizer,2,92.08,0.0,184.16,0.0,184.16,66.83,133.66,50.5,UPI
103149,2024-03-17,CUST4932,Individual,North,Lucknow,Distributor,Electronics,Laptop Stand,4,2343.1,0.15,9372.4,1405.86,7966.54,1464.61,5858.44,2108.1,Cash on Delivery
102784,2024-12-20,CUST4272,Small Business,West,Mumbai,Retail Store,Apparel,Cotton T-Shirt,4,2940.39,0.0,11761.56,0.0,11761.56,1848.77,7395.08,4366.48,Debit Card
100406,2024-02-07,CUST4788,Individual,East,Bhubaneswar,Online,Apparel,Cotton T-Shirt,1,2844.23,0.15,2844.23,426.63,2417.6,1893.88,1893.88,523.72,Credit Card
100874,2025-11-27,CUST3174,Small Business,South,Hyderabad,Retail Store,Furniture,Office Chair,6,13179.04,0.0,79074.24,0.0,79074.24,9076.92,54461.52,24612.72,Debit Card
104954,2024-06-04,CUST2971,Individual,North,Chandigarh,Online,Electronics,Power Bank,6,2433.97,0.05,14603.82,730.19,13873.63,1752.59,10515.54,3358.09,Net Banking
103629,30-Aug-2025,CUST1264,Small Business,East,Kolkata,Online,Groceries,Olive Oil,1,823.79,0.0,823.79,0.0,823.79,516.04,516.04,307.75,Net Banking
101018,16/12/2024,CUST3130,Small Business,West,Pune,Retail Store,Stationery,Sticky Notes,4,494.01,0.2,1976.04,395.21,1580.83,342.5,1370.0,210.83,Debit Card
104756,2025-09-21,CUST2897,Individual,East,Patna,Online,Apparel,Cotton T-Shirt,6,875.64,0.0,5253.84,0.0,5253.84,550.16,3300.96,1952.88,Net Banking
105585,2025-04-30,CUST2448,Individual,South,Bengaluru,Online,Furniture,Desk Lamp,5,14638.1,0.05,73190.5,3659.53,69530.97,8258.29,41291.45,28239.52,Debit Card
102278,24-Jul-2024,CUST4633,Individual,North,Chandigarh,Distributor,Electronics,Laptop Stand,2,4782.99,0.05,9565.98,478.3,9087.68,3162.5,6325.0,2762.68,Cash on Delivery
105235,2024-12-15,CUST4669,Individual,East,Kolkata,Online,Furniture,Filing Cabinet,6,5630.92,0.2,33785.52,6757.1,27028.42,3882.28,23293.68,3734.74,UPI
102315,2024-10-12,CUST4286,Individual,Central,Bhopal,Retail Store,Stationery,Notebook Set,9,406.98,0.0,3662.82,0.0,3662.82,299.46,2695.14,967.68,Credit Card
103270,2025-02-25,CUST3906,Enterprise,North,Chandigarh,Retail Store,Electronics,Bluetooth Speaker,2,3730.6,0.0,7461.2,0.0,7461.2,2099.79,4199.58,3261.62,Cash on Delivery
104971,2025-01-03,CUST1863,Individual,West,Pune,Distributor,Groceries,Olive Oil,3,157.45,0.2,472.35,94.47,377.88,116.59,349.77,28.11,Cash on Delivery
105502,2024-03-21,CUST3409,Individual,East,Patna,Online,Furniture,Standing Desk,5,4954.65,0.0,24773.25,0.0,24773.25,3496.72,17483.6,7289.65,UPI
102997,2024-07-09,CUST3250,Individual,North,Lucknow,Online,Furniture,Desk Lamp,3,2410.54,0.0,7231.62,0.0,7231.62,1495.01,4485.03,2746.59,Credit Card
102036,2024-01-20,CUST4479,Small Business,East,Patna,Retail Store,Furniture,Office Chair,1,11187.08,0.0,11187.08,0.0,11187.08,7941.2,7941.2,3245.88,Debit Card
103420,2025-07-15,CUST4297,Small Business,North,Lucknow,Retail Store,Apparel,Wool Sweater,5,1409.86,0.0,7049.3,0.0,7049.3,824.5,4122.5,2926.8,Net Banking
102901,2025-03-09,CUST1822,Enterprise,South,Hyderabad,Online,Stationery,Whiteboard,2,423.88,0.1,847.76,84.78,762.98,310.61,621.22,141.76,Cash on Delivery
100856,2024-10-10,CUST2203,Small Business,South,Hyderabad,Online,Groceries,Olive Oil,3,765.16,0.0,2295.48,0.0,2295.48,482.28,1446.84,848.64,UPI
100446,2024-01-11,CUST4502,Individual,Central,Bhopal,Retail Store,Electronics,Wireless Mouse,1,2627.98,0.0,2627.98,0.0,2627.98,1630.51,1630.51,997.47,UPI
103320,2024-09-26,CUST2596,Individual,South,Bengaluru,Online,Electronics,Webcam HD,3,5975.44,0.1,17926.32,1792.63,16133.69,3596.01,10788.03,5345.66,UPI
103223,2024-05-16,CUST2314,Small Business,Central,Nagpur,Retail Store,Electronics,Bluetooth Speaker,2,4973.16,0.0,9946.32,0.0,9946.32,2769.62,5539.24,4407.08,Credit Card
101430,2025-12-24,CUST2419,Individual,Central,Bhopal,Distributor,Stationery,Notebook Set,6,632.22,0.0,3793.32,0.0,3793.32,351.98,2111.88,1681.44,UPI
100285,2025-01-13,CUST2120,Individual,South,Hyderabad,Distributor,Furniture,Office Chair,5,13460.18,0.1,67300.9,6730.09,60570.81,9108.68,45543.4,15027.41,Net Banking
105729,2024-09-11,CUST3188,Individual, West  ,Ahmedabad,Online,Furniture,Bookshelf,4,8387.6,0.0,33550.4,0.0,33550.4,4958.92,19835.68,13714.72,Cash on Delivery
104424,2024-01-17,CUST3718,Individual,East,Bhubaneswar,Online,Apparel,Wool Sweater,1,1710.97,0.0,1710.97,0.0,1710.97,1210.68,1210.68,500.29,Credit Card
105866,2024-07-02,CUST4718,Individual,South,Bengaluru,Retail Store,Groceries,Olive Oil,6,319.26,0.0,1915.56,0.0,1915.56,185.05,1110.3,805.26,Credit Card
105105,2024-12-09,CUST2567,Small Business,South,Chennai,Online,Groceries,Organic Coffee,3,873.92,0.0,2621.76,0.0,2621.76,582.69,1748.07,873.69,Net Banking
105158,2024-07-31,CUST3081,Individual,East,Kolkata,Online,Stationery,Whiteboard,1,161.27,0.0,161.27,0.0,161.27,99.06,99.06,62.21,Cash on Delivery
105533,2024-10-14,CUST2708,Individual,South,Hyderabad,Distributor,Groceries,Almond Butter,1,843.83,0.0,843.83,0.0,843.83,531.15,531.15,312.68,Debit Card
103860,2024-01-03,CUST4734,Individual,South,Chennai,Retail Store,Groceries,Olive Oil,1,481.32,0.0,481.32,0.0,481.32,334.73,334.73,146.59,Cash on Delivery
104219,2025-03-09,CUST1824,Small Business,West,Mumbai,Retail Store,Apparel,Wool Sweater,2,1821.75,0.1,3643.5,364.35,3279.15,1066.78,2133.56,1145.59,Debit Card
105831,2024-01-05,CUST1186,Individual,East,Bhubaneswar,Online,Stationery,Notebook Set,1,388.12,0.1,388.12,38.81,349.31,226.65,226.65,122.66,Credit Card
101898,2025-12-21,CUST2993,Small Business,East,Bhubaneswar,Retail Store,Furniture,Office Chair,8,14003.51,0.0,112028.08,0.0,112028.08,9916.13,79329.04,32699.04,UPI
102176,18-Nov-2025,CUST1875,Individual,South,Chennai,Retail Store,Groceries,Green Tea Pack,3,303.38,0.05,910.14,45.51,864.63,183.11,549.33,315.3,Cash on Delivery
101545,2024-11-10,CUST3031,Enterprise,North,Lucknow,Online,Groceries,Almond Butter,3,787.82,0.0,2363.46,0.0,2363.46,511.48,1534.44,829.02,UPI
103859,2024-02-23,CUST2009,Small Business,West,Pune,Retail Store,Stationery,Gel Pens Pack,3,82.75,0.15,248.25,37.24,211.01,58.45,175.35,35.66,UPI
105045,2024-05-31,CUST4252,Small Business,West,Mumbai,Online,Groceries,Granola Bars,8,372.75,0.2,2982.0,596.4,2385.6,255.98,2047.84,337.76,Debit Card
102767,2024-12-22,CUST2021,Small Business,North,Chandigarh,Online,Furniture,Filing Cabinet,4,14018.8,0.15,56075.2,8411.28,47663.92,9263.17,37052.68,10611.24,Debit Card
103985,2024-08-10,CUST1059,Small Business,East,Bhubaneswar,Online,Groceries,Olive Oil,1,266.08,0.0,266.08,0.0,266.08,157.47,157.47,108.61,UPI
105026,2025-06-17,CUST4076,Small Business,West,Mumbai,Online,Electronics,Webcam HD,1,2434.37,0.0,2434.37,0.0,2434.37,1657.93,1657.93,776.44,Debit Card
102971,2025-12-04,CUST4111,Individual,Central,Nagpur,Online,Stationery,Whiteboard,3,81.04,0.1,243.12,24.31,218.81,58.99,176.97,41.84,UPI
105807,2025-12-29,CUST3623,Enterprise,West,Mumbai,Online,Stationery,Sticky Notes,4,471.59,0.2,1886.36,377.27,1509.09,322.62,1290.48,218.61,Debit Card
102180,2025-05-17,CUST4048,Individual,West,Pune,Distributor,Furniture,Bookshelf,5,4774.3,0.1,23871.5,2387.15,21484.35,3468.23,17341.15,4143.2,Net Banking
101145,2024-10-26,CUST1708,Enterprise,North,Delhi,Online,Groceries,Green Tea Pack,3,862.28,0.0,2586.84,0.0,2586.84,613.15,1839.45,747.39,Debit Card
102095,2025-06-19,CUST2294,Individual,Central,Raipur,Online,Electronics,Bluetooth Speaker,6,5678.34,0.0,34070.04,0.0,34070.04,4158.06,24948.36,9121.68,Net Banking
104082,2024-11-13,CUST4645,Small Business,North,Delhi,Retail Store,Stationery,Sticky Notes,4,625.66,0.05,2502.64,125.13,2377.51,356.91,1427.64,949.87,Cash on Delivery
104957,2025-02-12,CUST4351,Individual,East,Bhubaneswar,Online,Apparel,Wool Sweater,1,1478.14,0.0,1478.14,0.0,1478.14,927.14,927.14,551.0,Net Banking
102044,2025-02-09,CUST4202,Individual,Central,Bhopal,Retail Store,Furniture,Office Chair,1,10001.19,0.15,10001.19,1500.18,8501.01,7148.58,7148.58,1352.43,Cash on Delivery
101257,2024-01-03,CUST1532,Individual,West,Pune,Retail Store,Groceries,Olive Oil,3,158.29,0.05,474.87,23.74,451.13,96.97,290.91,160.22,UPI
100499,05-14-2025,CUST2938,Individual,Central,Raipur,Retail Store,Groceries,Olive Oil,4,564.94,0.15,2259.76,338.96,1920.8,357.85,1431.4,489.4,Cash on Delivery
102159,2025-08-14,CUST4461,Small Business,North,Delhi,Online,Apparel,Cotton T-Shirt,4,866.83,0.0,3467.32,0.0,3467.32,514.33,2057.32,1410.0,UPI
104115,2024-03-23,CUST2615,Enterprise,North,Delhi,Retail Store,APPAREL,Wool Sweater,1,2436.32,0.1,2436.32,243.63,2192.69,1776.12,1776.12,416.57,UPI
105370,2025-08-12,CUST4727,Individual,West,Pune,Online,Furniture,Filing Cabinet,4,2503.68,0.0,10014.72,0.0,10014.72,1755.33,7021.32,2993.4,Cash on Delivery
103446,2024-09-26,CUST2715,Small Business, East  ,Bhubaneswar,Online,Stationery,Notebook Set,1,680.4,0.15,680.4,102.06,578.34,478.64,478.64,99.7,Net Banking
103363,2024-08-06,CUST3134,Small Business,West,Pune,Distributor,Stationery,Gel Pens Pack,4,509.2,0.1,2036.8,203.68,1833.12,319.7,1278.8,554.32,Net Banking
100380,2024-04-19,CUST3420,Individual,North,Chandigarh,Online,Apparel,Rain Jacket,2,813.45,0.0,1626.9,0.0,1626.9,579.81,1159.62,467.28,Cash on Delivery
104944,2025-02-25,CUST2842,Individual,Central,Bhopal,Online,Groceries,Olive Oil,3,428.15,0.1,1284.45,128.45,1156.0,269.5,808.5,347.5,Debit Card
102415,2025-03-17,CUST1822,Enterprise,Central,Raipur,Distributor,Apparel,Running Shoes,4,437.93,0.05,1751.72,87.59,1664.13,295.89,1183.56,480.57,Net Banking
101053,2024-04-27,CUST4051,Individual,South,Hyderabad,Online,Groceries,Granola Bars,3,336.59,0.0,1009.77,0.0,1009.77,252.32,756.96,252.81,UPI
100191,2025-08-26,CUST4469,Individual,West,Pune,Retail Store,Groceries,Almond Butter,3,605.69,0.15,1817.07,272.56,1544.51,336.38,1009.14,535.37,UPI
102548,2025-10-18,CUST1144,Individual,West,Pune,Online,Apparel,Wool Sweater,6,568.7,0.2,3412.2,682.44,2729.76,423.61,2541.66,188.1,Net Banking
101721,2025-01-25,CUST4675,Individual,North,Chandigarh,Retail Store,Apparel,Wool Sweater,4,1981.32,0.15,7925.28,1188.79,6736.49,1130.43,4521.72,2214.77,Cash on Delivery
103339,2025-04-08,CUST2371,Individual,West,Ahmedabad,Online,Apparel,Rain Jacket,4,2533.73,0.0,10134.92,0.0,10134.92,1623.13,6492.52,3642.4,Net Banking
102588,2025-12-01,CUST1634,Small Business,East,Patna,Retail Store,Stationery,Sticky Notes,4,197.31,0.0,789.24,0.0,789.24,139.95,559.8,229.44,Cash on Delivery
100021,2025-11-14,CUST3001,Small Business,North,Delhi,Online,Stationery,Sticky Notes,4,506.25,0.2,2025.0,405.0,1620.0,305.17,1220.68,399.32,Credit Card
103074,19/12/2024,CUST4120,Individual,South,Bengaluru,Retail Store,Groceries,Granola Bars,1,413.33,0.1,413.33,41.33,372.0,269.36,269.36,102.64,Debit Card
103418,2024-04-19,CUST4455,Small Business,North,Chandigarh,Online,Stationery,Notebook Set,4,217.81,0.05,871.24,43.56,827.68,125.79,503.16,324.52,Credit Card
103027,2024-10-18,CUST1532,Individual,East,Bhubaneswar,Online,Stationery,Whiteboard,5,377.38,0.0,1886.9,0.0,1886.9,268.17,1340.85,546.05,UPI
102021,2025-05-15,CUST2867,Individual,East,Kolkata,Retail Store,Stationery,Sticky Notes,4,214.27,0.05,857.08,42.85,814.23,159.12,636.48,177.75,UPI
105848,2025-09-08,CUST1037,Individual,Central,Bhopal,Retail Store,Apparel,Running Shoes,2,2426.9,0.15,4853.8,728.07,4125.73,1710.03,3420.06,705.67,Cash on Delivery
104593,2024-12-23,CUST4091,Small Business,East,Kolkata,Distributor,STATIONERY,Whiteboard,4,359.51,0.05,1438.04,71.9,1366.14,263.75,1055.0,311.14,Credit Card
104486,2024-07-04,CUST1945,Small Business,Central,Nagpur,Online,Stationery,Gel Pens Pack,5,175.28,0.2,876.4,175.28,701.12,116.01,580.05,121.07,Debit Card
100209,2024-07-10,CUST1816,Small Business,West,Mumbai,Online,Apparel,Running Shoes,6,2695.22,0.05,16171.32,808.57,15362.75,1556.35,9338.1,6024.65,Debit Card
103545,2024-05-28,CUST3628,Individual,East,Kolkata,Online,Electronics,USB-C Hub,2,4740.1,0.0,9480.2,0.0,9480.2,2614.11,5228.22,4251.98,Debit Card
104503,2024-08-26,CUST3777,Individual,Central,Raipur,Online,FURNITURE,Bookshelf,3,4343.66,0.05,13030.98,651.55,12379.43,2798.18,8394.54,3984.89,Credit Card
104275,2025-11-26,CUST3279,Individual,South,Hyderabad,Online,Groceries,Olive Oil,3,237.19,0.2,711.57,142.31,569.26,163.52,490.56,78.7,Debit Card
103277,2024-01-24,CUST3009,Individual,North,Lucknow,Distributor,Furniture,Desk Lamp,1,10499.03,0.15,10499.03,1574.85,8924.18,6479.17,6479.17,2445.01,UPI
100151,2024-04-30,CUST2908,Individual,Central,Raipur,Online,Groceries,Green Tea Pack,2,419.44,0.1,838.88,83.89,754.99,304.75,609.5,145.49,UPI
100023,2025-12-08,CUST2022,Individual,North,Chandigarh,Retail Store,Furniture,Desk Lamp,1,6740.47,0.0,6740.47,0.0,6740.47,3990.46,3990.46,2750.01,UPI
104676,2025-10-02,CUST3287,Small Business,Central,Bhopal,Retail Store,Electronics,USB-C Hub,3,5879.71,0.0,17639.13,0.0,17639.13,3706.85,11120.55,6518.58,Net Banking
103653,2024-07-05,CUST3572,Individual,South,Chennai,Online,Apparel,Running Shoes,1,2968.06,0.2,2968.06,593.61,2374.45,1992.99,1992.99,381.46,Credit Card
102511,2024-11-25,CUST2392,Small Business,East,Patna,Distributor,Stationery,Desk Organizer,4,392.38,0.1,1569.52,156.95,1412.57,233.83,935.32,477.25,Cash on Delivery
101332,2025-06-30,CUST1193,Individual,Central,Raipur,Retail Store,Apparel,Running Shoes,3,2400.49,0.0,7201.47,0.0,7201.47,1360.86,4082.58,3118.89,UPI
105298,03-11-2024,CUST3504,Individual, South  ,Bengaluru,Online,Electronics,Wireless Mouse,3,1171.38,0.1,3514.14,351.41,3162.73,849.2,2547.6,615.13,UPI
100658,2025-11-27,CUST1229,Individual,East,Bhubaneswar,Online,Groceries,Granola Bars,3,883.44,0.0,2650.32,0.0,2650.32,556.64,1669.92,980.4,UPI
102532,2024-06-27,CUST1844,Enterprise,North,Chandigarh,Retail Store,Stationery,Sticky Notes,6,560.49,0.0,3362.94,0.0,3362.94,365.13,2190.78,1172.16,Cash on Delivery
101383,2025-02-23,CUST2875,Individual, East  ,Kolkata,Retail Store,Stationery,Sticky Notes,2,638.59,0.15,1277.18,191.58,1085.6,429.78,859.56,226.04,Cash on Delivery
101808,06/04/2024,CUST3404,Small Business,South,Bengaluru,Retail Store,Apparel,Wool Sweater,4,1755.42,0.1,7021.68,702.17,6319.51,981.68,3926.72,2392.79,Credit Card
105469,2025-12-31,CUST4701,Individual,West,Ahmedabad,Online,Furniture,Filing Cabinet,3,12343.99,0.2,37031.97,7406.39,29625.58,8023.05,24069.15,5556.43,UPI
101963,24-Aug-2025,CUST2313,Enterprise,East,Kolkata,Online,Apparel,Cotton T-Shirt,1,1943.7,0.2,1943.7,388.74,1554.96,1103.09,1103.09,451.87,Net Banking
104821,2024-10-02,CUST1019,Small Business,North,Delhi,Online,Stationery,Notebook Set,3,312.59,0.0,937.77,0.0,937.77,179.66,538.98,398.79,Credit Card
104133,2024-08-07,CUST1528,Individual,North,Chandigarh,Online,Electronics,Webcam HD,3,4260.1,0.0,12780.3,0.0,12780.3,2351.41,7054.23,5726.07,Debit Card
104395,2025-08-20,CUST4939,Individual,South,Bengaluru,Retail Store,Apparel,Running Shoes,1,1702.43,0.0,1702.43,0.0,1702.43,1085.57,1085.57,616.86,UPI
102429,2024-02-17,CUST2177,Small Business,South,Bengaluru,Online,Stationery,Sticky Notes,1,194.73,0.05,194.73,9.74,184.99,121.27,121.27,63.72,Net Banking
100940,2024-06-14,CUST2304,Small Business,North,Chandigarh,Online,Electronics,Wireless Mouse,5,5052.06,0.15,25260.3,3789.04,21471.26,3460.16,17300.8,4170.46,Credit Card
104477,2025-05-26,CUST3235,Small Business,West,Mumbai,Distributor,Stationery,Gel Pens Pack,2,470.56,0.15,941.12,141.17,799.95,281.74,563.48,236.47,Cash on Delivery
102110,2025-01-25,CUST4998,Small Business,West,Ahmedabad,Retail Store,Apparel,Rain Jacket,1,1318.98,0.1,1318.98,131.9,1187.08,875.81,875.81,311.27,Cash on Delivery
104108,2025-07-25,CUST4861,Individual,West,Pune,Retail Store,Furniture,Standing Desk,3,8062.25,0.0,24186.75,0.0,24186.75,5127.94,15383.82,8802.93,Net Banking
101528,2025-08-29,CUST2868,Small Business,Central,Nagpur,Distributor,Electronics,Power Bank,3,2911.95,0.0,8735.85,0.0,8735.85,1965.51,5896.53,2839.32,UPI
100341,2025-05-31,CUST3858,Individual,West,Pune,Retail Store,Electronics,Bluetooth Speaker,1,1229.23,0.1,1229.23,122.92,1106.31,782.89,782.89,323.42,UPI
102568,2024-05-10,CUST4225,Individual,West,Ahmedabad,Distributor,Apparel,Running Shoes,2,2608.48,0.2,5216.96,1043.39,4173.57,1599.25,3198.5,975.07,Credit Card
100421,2025-08-07,CUST2363,Individual,West,Pune,Retail Store,Stationery,Notebook Set,2,468.93,0.05,937.86,46.89,890.97,341.7,683.4,207.57,Cash on Delivery
100762,2025-06-14,CUST2139,Individual,Central,Nagpur,Online,Stationery,Desk Organizer,5,693.31,0.0,3466.55,0.0,3466.55,441.02,2205.1,1261.45,Cash on Delivery
102420,2024-12-12,CUST4016,Individual,Central,Raipur,Online,Furniture,Standing Desk,1,9826.83,0.2,9826.83,1965.37,7861.46,7301.88,7301.88,559.58,Debit Card
104148,2024-11-26,CUST2151,Small Business,South,Bengaluru,Distributor,Apparel,Cotton T-Shirt,4,2074.74,0.1,8298.96,829.9,7469.06,1289.92,5159.68,2309.38,Cash on Delivery
105679,2024-05-03,CUST4456,Small Business,South,Chennai,Retail Store,Apparel,Cotton T-Shirt,2,1505.9,0.0,3011.8,0.0,3011.8,969.72,1939.44,1072.36,UPI
101869,2025-07-27,CUST2468,Individual,East,Patna,Online,Furniture,Desk Lamp,3,11504.0,0.1,34512.0,3451.2,31060.8,6877.94,20633.82,10426.98,Credit Card
105220,2024-11-14,CUST1324,Small Business,West,Pune,Online,Electronics,Power Bank,1,4578.81,0.0,4578.81,0.0,4578.81,2957.77,2957.77,1621.04,Net Banking
102760,2024-03-26,CUST2569,Enterprise,North,Delhi,Distributor,Apparel,Wool Sweater,2,418.55,0.0,837.1,0.0,837.1,297.96,595.92,241.18,UPI
102332,2025-09-29,CUST3935,Individual,South,Hyderabad,Retail Store,Electronics,Bluetooth Speaker,4,5756.87,0.0,23027.48,0.0,23027.48,3268.93,13075.72,9951.76,Net Banking
104421,2024-05-21,CUST2442,Individual,West,Mumbai,Retail Store,Stationery,Notebook Set,1,654.11,0.2,654.11,130.82,523.29,433.01,433.01,90.28,Debit Card
100885,2025-03-18,CUST2443,Individual,Central,Bhopal,Online,Electronics,Bluetooth Speaker,5,5587.48,0.2,27937.4,5587.48,22349.92,3836.38,19181.9,3168.02,Net Banking
104749,2024-01-10,CUST1616,Small Business, Central  ,Raipur,Online,GROCERIES,Almond Butter,2,374.75,0.0,749.5,0.0,749.5,224.62,449.24,300.26,Net Banking
102574,2025-02-02,CUST1870,Individual,West,Mumbai,Retail Store,Groceries,Organic Coffee,1,301.51,0.0,301.51,0.0,301.51,166.84,166.84,134.67,Debit Card
102979,2024-06-20,CUST4103,Individual,Central,Raipur,Online,Groceries,Organic Coffee,1,769.19,0.15,769.19,115.38,653.81,552.11,552.11,101.7,Debit Card
101287,2024-08-02,CUST4952,Small Business,South,Chennai,Distributor,Apparel,Running Shoes,2,2091.27,0.05,4182.54,209.13,3973.41,1231.34,2462.68,1510.73,Debit Card
104556,2025-12-08,CUST3874,Individual,North,Delhi,Retail Store,Groceries,Granola Bars,1,404.22,0.05,404.22,20.21,384.01,246.04,246.04,137.97,Cash on Delivery
102938,2024-10-31,CUST4421,Small Business,North,Chandigarh,Retail Store,Groceries,Green Tea Pack,1,400.81,0.05,400.81,20.04,380.77,238.06,238.06,142.71,Credit Card
100711,2024-10-03,CUST4910,Individual,South,Chennai,Distributor,Stationery,Notebook Set,6,207.91,0.0,1247.46,0.0,1247.46,122.41,734.46,513.0,UPI
105641,2025-10-25,CUST1774,Small Business,North,Delhi,Online,Groceries,Organic Coffee,1,722.05,0.1,722.05,72.2,649.85,437.85,437.85,212.0,Cash on Delivery
100099,2024-11-12,CUST4575,Individual,East,Bhubaneswar,Distributor,Groceries,Green Tea Pack,3,874.7,0.2,2624.1,524.82,2099.28,586.86,1760.58,338.7,Cash on Delivery
100891,2025-12-12,CUST3326,Individual,South,Chennai,Retail Store,Furniture,Standing Desk,1,14539.68,0.1,14539.68,1453.97,13085.71,9599.75,9599.75,3485.96,UPI
104237,2025-04-17,CUST4736,Small Business,West,Pune,Online,Electronics,Power Bank,3,3629.99,0.05,10889.97,544.5,10345.47,2572.68,7718.04,2627.43,Net Banking
101983,2025-04-24,CUST4614,Individual,South,Chennai,Online,Groceries,Organic Coffee,5,537.44,0.2,2687.2,537.44,2149.76,388.25,1941.25,208.51,Net Banking
102493,2025-07-31,CUST2935,Individual,South,Chennai,Retail Store,Stationery,Whiteboard,7,213.28,0.15,1492.96,223.94,1269.02,131.78,922.46,346.56,Cash on Delivery
103984,2024-02-01,CUST4325,Individual,West,Ahmedabad,Distributor,Apparel,Rain Jacket,1,853.53,0.2,853.53,170.71,682.82,589.21,589.21,93.61,UPI
103311,2025-09-11,CUST4867,Individual,North,Chandigarh,Online,Electronics,Wireless Mouse,7,3934.46,0.05,27541.22,1377.06,26164.16,2633.61,18435.27,7728.89,Credit Card
101040,2024-03-26,CUST1664,Individual,East,Kolkata,Online,Apparel,Cotton T-Shirt,3,2776.09,0.0,8328.27,0.0,8328.27,2077.69,6233.07,2095.2,UPI
105999,2025-08-26,CUST3417,Individual,South,Chennai,Online,Apparel,Wool Sweater,1,1346.67,0.0,1346.67,0.0,1346.67,1002.36,1002.36,344.31,Net Banking
105592,2024-07-25,CUST4333,Individual,South,Chennai,Online,Stationery,Desk Organizer,1,686.47,0.0,686.47,0.0,686.47,391.68,391.68,294.79,Debit Card
104287,2025-01-30,CUST2334,Individual,North,,Online,Stationery,Whiteboard,1,468.62,0.05,468.62,23.43,445.19,288.86,288.86,156.33,Debit Card
101063,20-May-2024,CUST2519,Enterprise,North,Delhi,Online,Furniture,Filing Cabinet,1,10852.49,0.15,10852.49,1627.87,9224.62,6434.51,6434.51,2790.11,Debit Card
105433,2024-06-17,CUST1136,Individual,Central,Bhopal,Online,GROCERIES,Green Tea Pack,3,843.76,0.0,2531.28,0.0,2531.28,520.01,1560.03,971.25,Net Banking
105509,2024-09-15,CUST4086,Individual,South,Chennai,Retail Store,Stationery,Gel Pens Pack,2,569.8,0.2,1139.6,227.92,911.68,427.12,854.24,57.44,UPI
101466,2024-08-01,CUST3842,Small Business,West,Pune,Retail Store,Stationery,Whiteboard,4,456.58,0.05,1826.32,91.32,1735.0,332.93,1331.72,403.28,Net Banking
103855,2025-10-21,CUST3978,Individual,Central,Raipur,Retail Store,Electronics,USB-C Hub,2,4280.7,0.0,8561.4,0.0,8561.4,2784.26,5568.52,2992.88,Net Banking
103352,2025-08-22,CUST1985,Individual,North,Lucknow,Online,Apparel,Cotton T-Shirt,1,858.86,0.0,858.86,0.0,858.86,527.68,527.68,331.18,Cash on Delivery
101992,2025-04-14,CUST3709,Small Business,North,Delhi,Online,Stationery,Gel Pens Pack,2,666.75,0.0,1333.5,0.0,1333.5,427.75,855.5,478.0,Net Banking
105828,2024-03-08,CUST4543,Individual,North,Chandigarh,Retail Store,Stationery,Desk Organizer,4,201.39,0.15,805.56,120.83,684.73,136.93,547.72,137.01,UPI
101399,08/03/2025,CUST4265,Individual,North,Chandigarh,Retail Store,Furniture,Desk Lamp,5,9527.15,0.1,47635.75,4763.57,42872.18,6024.52,30122.6,12749.58,Net Banking
100671,2024-08-06,CUST1876,Small Business,North,Lucknow,Online,Electronics,Bluetooth Speaker,4,1234.67,0.2,4938.68,987.74,3950.94,782.71,3130.84,820.1,Net Banking
101263,2024-12-18,CUST3139,Small Business,Central,Bhopal,Online,Furniture,Standing Desk,1,10411.45,0.1,10411.45,1041.15,9370.3,7362.3,7362.3,2008.0,Cash on Delivery
104489,2025-10-16,CUST2080,Individual,South,Bengaluru,Online,Electronics,Bluetooth Speaker,3,5088.96,0.0,15266.88,0.0,15266.88,2887.79,8663.37,6603.51,Debit Card
105261,2024-04-26,CUST2937,Small Business,East,Kolkata,Distributor,Groceries,Olive Oil,4,869.31,0.05,3477.24,173.86,3303.38,584.52,2338.08,965.3,Credit Card
105971,2024-08-31,CUST4762,Individual,North,Lucknow,Online,Stationery,Whiteboard,2,656.33,0.15,1312.66,196.9,1115.76,469.01,938.02,177.74,Debit Card
102023,2024-07-31,CUST3094,Individual,Central,Bhopal,Online,Electronics,Wireless Mouse,2,5728.21,0.15,11456.42,1718.46,9737.96,3790.49,7580.98,2156.98,UPI
101197,2024-02-12,CUST3549,Individual,North,Chandigarh,Online,Stationery,Desk Organizer,1,144.84,0.0,144.84,0.0,144.84,103.99,103.99,40.85,Debit Card
100417,2024-05-19,CUST4502,Individual,West,Pune,Online,Electronics,Laptop Stand,4,2334.84,0.1,9339.36,933.94,8405.42,1737.18,6948.72,1456.7,Net Banking
104185,2024-11-30,CUST1740,Individual,Central,Raipur,Online,Apparel,Cotton T-Shirt,3,1106.03,0.15,3318.09,497.71,2820.38,754.38,2263.14,557.24,Cash on Delivery
104296,2025-08-01,CUST2016,Small Business,South,Bengaluru,Online,Furniture,Bookshelf,1,6561.86,0.15,6561.86,984.28,5577.58,3714.34,3714.34,1863.24,UPI
104659,2025-06-17,CUST2374,Individual,East,Bhubaneswar,Online,Furniture,Bookshelf,3,4832.65,0.15,14497.95,2174.69,12323.26,2719.68,8159.04,4164.22,Net Banking
103863,2024-02-14,CUST4563,Small Business,West,Mumbai,Online,Groceries,Granola Bars,4,642.77,0.0,2571.08,0.0,2571.08,408.38,1633.52,937.56,Credit Card
103702,2024-08-28,CUST3021,Individual,South,Hyderabad,Distributor,Stationery,Whiteboard,4,522.72,0.0,2090.88,0.0,2090.88,346.99,1387.96,702.92,Debit Card
105863,2025-04-06,CUST4480,Individual,Central,Nagpur,Retail Store,Electronics,USB-C Hub,1,3733.36,0.05,3733.36,186.67,3546.69,2131.75,2131.75,1414.94,Debit Card
101012,2024-02-22,CUST1165,Individual,North,Chandigarh,Online,Furniture,Standing Desk,2,10494.62,0.1,20989.24,2098.92,18890.32,6929.82,13859.64,5030.68,Net Banking
105910,2025-03-15,CUST4075,Small Business,South,Chennai,Online,Groceries,Granola Bars,4,884.17,0.1,3536.68,353.67,3183.01,595.31,2381.24,801.77,Cash on Delivery
101237,2024-10-13,CUST3221,Individual,North,Chandigarh,Online,Electronics,Wireless Mouse,3,4382.01,0.05,13146.03,657.3,12488.73,3235.32,9705.96,2782.77,Debit Card
101704,2025-12-14,CUST3192,Individual,North,Delhi,Online,Furniture,Standing Desk,3,8528.66,0.05,25585.98,1279.3,24306.68,5978.53,17935.59,6371.09,Cash on Delivery
102600,2024-04-18,CUST1604,Individual,East,Patna,Online,Groceries,Green Tea Pack,4,890.06,0.0,3560.24,0.0,3560.24,640.55,2562.2,998.04,Credit Card
100899,2025-04-30,CUST2391,Small Business,South,Bengaluru,Online,Furniture,Bookshelf,3,8495.86,0.15,25487.58,3823.14,21664.44,5748.31,17244.93,4419.51,UPI
100201,2024-07-19,CUST4023,Individual,South,Bengaluru,Distributor,Stationery,Gel Pens Pack,2,80.91,0.15,161.82,24.27,137.55,50.59,101.18,36.37,Credit Card
101728,2024-04-19,CUST3275,Individual,Central,Nagpur,Retail Store,Furniture,Office Chair,4,8134.72,0.2,32538.88,6507.78,26031.1,5822.27,23289.08,2742.02,Credit Card
102731,2025-01-08,CUST2648,Individual,West,Pune,Online,Electronics,Wireless Mouse,3,1598.02,0.0,4794.06,0.0,4794.06,919.57,2758.71,2035.35,Cash on Delivery
102636,2024-12-09,CUST4258,Individual,East,Patna,Retail Store,Groceries,Organic Coffee,6,166.08,0.0,996.48,0.0,996.48,101.98,611.88,384.6,Debit Card
100735,2025-10-30,CUST1298,Small Business,East,Patna,Online,Electronics,Wireless Mouse,2,1108.84,0.0,2217.68,0.0,2217.68,662.11,1324.22,893.46,Net Banking
104300,2025-10-25,CUST4313,Individual,Central,Bhopal,Online,Stationery,Sticky Notes,4,526.09,0.15,2104.36,315.65,1788.71,374.12,1496.48,292.23,Debit Card
101207,2024-04-04,CUST3025,Enterprise,East,Bhubaneswar,Retail Store,Apparel,Rain Jacket,3,1795.81,0.05,5387.43,269.37,5118.06,1160.52,3481.56,1636.5,Cash on Delivery
103208,2024-01-06,CUST1466,Individual,South,Chennai,Distributor,Stationery,Gel Pens Pack,1,402.56,0.2,402.56,80.51,322.05,285.56,285.56,36.49,Cash on Delivery
100600,2024-08-15,CUST4478,Individual,North,Lucknow,Distributor,Electronics,Laptop Stand,1,5703.03,0.0,5703.03,0.0,5703.03,3988.77,3988.77,1714.26,Net Banking
104068,2024-12-03,CUST4087,Enterprise,South,Bengaluru,Online,Apparel,Cotton T-Shirt,1,2490.3,0.1,2490.3,249.03,2241.27,1841.32,1841.32,399.95,Credit Card
100401,2024-04-21,CUST3038,Enterprise,West,Mumbai,Retail Store,Furniture,Desk Lamp,3,3342.73,0.05,10028.19,501.41,9526.78,1851.05,5553.15,3973.63,Credit Card
102353,2024-11-15,CUST3496,Individual,East,Kolkata,Retail Store,Groceries,Organic Coffee,1,730.74,0.0,730.74,0.0,730.74,498.16,498.16,232.58,Credit Card
101777,2025-10-24,CUST2313,Small Business,West,Ahmedabad,Online,Apparel,Denim Jacket,3,2127.63,0.15,6382.89,957.43,5425.46,1443.6,4330.8,1094.66,Credit Card
105300,2024-01-13,CUST2659,Individual,South,Hyderabad,Retail Store,Furniture,Standing Desk,1,2530.62,0.0,2530.62,0.0,2530.62,1767.58,1767.58,763.04,UPI
100515,2024-03-20,CUST4374,Small Business,West,Ahmedabad,Retail Store,Apparel,Rain Jacket,4,2990.93,0.15,11963.72,1794.56,10169.16,2227.21,8908.84,1260.32,Cash on Delivery
105394,2025-05-06,CUST1395,Individual,Central,Raipur,Retail Store,Furniture,Desk Lamp,3,3215.31,0.1,9645.93,964.59,8681.34,1882.85,5648.55,3032.79,UPI
104361,2024-01-21,CUST4966,Individual,East,Bhubaneswar,Online,Apparel,Cotton T-Shirt,1,1102.05,0.2,1102.05,220.41,881.64,800.52,800.52,81.12,Debit Card
103530,2025-12-19,CUST1135,Individual,North,Lucknow,Distributor,STATIONERY,Whiteboard,8,568.14,0.1,4545.12,454.51,4090.61,338.35,2706.8,1383.81,Debit Card
104916,20-Sep-2024,CUST1067,Enterprise,South,Bengaluru,Retail Store,Stationery,Gel Pens Pack,1,487.71,0.0,487.71,0.0,487.71,292.25,292.25,195.46,Credit Card
100815,15/10/2024,CUST2708,Small Business,West,Pune,Online,Electronics,Wireless Mouse,1,2112.1,0.0,2112.1,0.0,2112.1,1285.53,1285.53,826.57,Debit Card
103158,2024-07-25,CUST4464,Individual,South,Bengaluru,Online,Furniture,Bookshelf,3,2832.96,0.1,8498.88,849.89,7648.99,1824.05,5472.15,2176.84,Credit Card
100892,2024-07-15,CUST2493,Small Business,Central,Raipur,Online,Groceries,Green Tea Pack,3,886.44,0.0,2659.32,0.0,2659.32,564.01,1692.03,967.29,Debit Card
101506,2024-10-02,CUST1923,Individual,East,Kolkata,Online,Apparel,Wool Sweater,3,428.03,0.1,1284.09,128.41,1155.68,267.07,801.21,354.47,Cash on Delivery
105130,2025-10-15,CUST2239,Individual,South,Chennai,Retail Store,Stationery,Gel Pens Pack,3,437.81,0.0,1313.43,0.0,1313.43,243.84,731.52,581.91,Credit Card
104508,2025-09-03,CUST3781,Individual,West,Ahmedabad,Retail Store,Groceries,Green Tea Pack,1,280.02,0.0,280.02,0.0,280.02,176.99,176.99,103.03,Credit Card
104735,2024-12-15,CUST2606,Individual,West,Mumbai,Online,Groceries,Almond Butter,1,339.54,0.15,339.54,50.93,288.61,204.52,204.52,84.09,Credit Card
101036,2024-03-18,CUST1961,Small Business,Central,Nagpur,Online,Apparel,Rain Jacket,4,1908.46,0.2,7633.84,1526.77,6107.07,1093.88,4375.52,1731.55,Net Banking
105051,2024-09-22,CUST2620,Small Business,East,Patna,Online,Furniture,Filing Cabinet,1,6482.88,0.2,6482.88,1296.58,5186.3,4321.12,4321.12,865.18,Cash on Delivery
100220,2024-03-16,CUST1675,Enterprise,West,Mumbai,Retail Store,Apparel,Denim Jacket,1,2961.72,0.05,2961.72,148.09,2813.63,2187.2,2187.2,626.43,Debit Card
103444,2025-01-25,CUST2037,Individual,Central,Nagpur,Online,Apparel,Denim Jacket,1,2735.43,0.0,2735.43,0.0,2735.43,1949.13,1949.13,786.3,Cash on Delivery
102934,2024-05-01,CUST4734,Individual,North,Lucknow,Online,Electronics,Bluetooth Speaker,3,898.49,0.05,2695.47,134.77,2560.7,571.37,1714.11,846.59,Cash on Delivery
103672,2024-07-17,CUST4649,Small Business,North,Lucknow,Online,Groceries,Organic Coffee,1,492.3,0.2,492.3,98.46,393.84,292.09,292.09,101.75,Cash on Delivery
100134,2024-10-21,CUST1148,Individual,North,Delhi,Retail Store,Apparel,Running Shoes,6,2774.4,0.0,16646.4,0.0,16646.4,2044.13,12264.78,4381.62,UPI
104997,2024-05-22,CUST3211,Small Business,South,Hyderabad,Online,Groceries,Almond Butter,5,435.09,0.1,2175.45,217.54,1957.91,263.76,1318.8,639.11,Debit Card
105332,2024-03-31,CUST4065,Individual,South,Hyderabad,Online,Stationery,Sticky Notes,2,349.14,0.0,698.28,0.0,698.28,230.82,461.64,236.64,Credit Card
100822,2025-07-25,CUST4490,Individual,East,Patna,Online,Electronics,USB-C Hub,1,5242.65,0.05,5242.65,262.13,4980.52,2917.29,2917.29,2063.23,Cash on Delivery
105556,2024-08-16,CUST2382,Individual,Central,Bhopal,Distributor,Electronics,Power Bank,2,2464.66,0.2,4929.32,985.86,3943.46,1560.87,3121.74,821.72,Debit Card
101510,2025-04-13,CUST2588,Small Business,West,Mumbai,Online,Electronics,Laptop Stand,4,5807.7,0.0,23230.8,0.0,23230.8,3983.43,15933.72,7297.08,Cash on Delivery
101415,2024-01-16,CUST2827,Small Business,South,Bengaluru,Distributor,Furniture,Bookshelf,3,11523.39,0.0,34570.17,0.0,34570.17,8047.72,24143.16,10427.01,Net Banking
103678,2025-11-05,CUST4583,Small Business,South,Bengaluru,Online,Electronics,Wireless Mouse,11,5989.01,0.05,65879.11,3293.96,62585.15,4454.19,48996.09,13589.06,Cash on Delivery
102645,2024-12-08,CUST1609,Small Business,North,Lucknow,Distributor,Stationery,Notebook Set,4,251.88,0.05,1007.52,50.38,957.14,142.41,569.64,387.5,Cash on Delivery
102566,2025-04-06,CUST4960,Individual,South,Bengaluru,Online,Furniture,Desk Lamp,1,14929.37,0.1,14929.37,1492.94,13436.43,9689.62,9689.62,3746.81,Debit Card
103436,2025-11-03,CUST4655,Individual,North,Delhi,Online,Apparel,Cotton T-Shirt,4,2272.05,0.2,9088.2,1817.64,7270.56,1578.21,6312.84,957.72,Net Banking
103869,2025-12-12,CUST1726,Individual,Central,Raipur,Retail Store,Electronics,USB-C Hub,12,4005.51,0.0,48066.12,0.0,48066.12,2313.68,27764.16,20301.96,Debit Card
104495,2025-08-02,CUST4783,Individual,South,Chennai,Online,Apparel,Rain Jacket,5,1615.68,0.15,8078.4,1211.76,6866.64,948.36,4741.8,2124.84,UPI
102962,2025-10-07,CUST3721,Individual,West,Ahmedabad,Online,Apparel,Rain Jacket,2,2548.69,0.0,5097.38,0.0,5097.38,1879.44,3758.88,1338.5,Credit Card
104921,2025-01-18,CUST4563,Individual,West,,Retail Store,Electronics,Wireless Mouse,1,5471.59,0.0,5471.59,0.0,5471.59,3460.79,3460.79,2010.8,
100601,2025-12-20,CUST4318,Individual,East,Patna,Online,Electronics,Webcam HD,4,5207.88,0.05,20831.52,1041.58,19789.94,2925.59,11702.36,8087.58,Credit Card
102992,2025-05-12,CUST2921,Individual,South,Chennai,Retail Store,Electronics,Wireless Mouse,1,3337.01,0.15,3337.01,500.55,2836.46,2409.65,2409.65,426.81,Net Banking
102361,2025-02-16,CUST4281,Small Business,North,Chandigarh,Retail Store,Furniture,Standing Desk,1,5372.41,0.1,5372.41,537.24,4835.17,3057.47,3057.47,1777.7,Net Banking
104901,2025-07-23,CUST2839,Individual,North,Delhi,Online,Furniture,Filing Cabinet,5,2836.79,0.0,14183.95,0.0,14183.95,1755.59,8777.95,5406.0,UPI
103146,2025-06-14,CUST1706,Individual,South,Bengaluru,Retail Store,Furniture,Filing Cabinet,2,3418.47,0.0,6836.94,0.0,6836.94,2278.75,4557.5,2279.44,UPI
104598,09-30-2024,CUST3593,Individual,South,Bengaluru,Distributor,Electronics,Wireless Mouse,2,5873.17,0.0,11746.34,0.0,11746.34,4353.71,8707.42,3038.92,Debit Card
100855,2024-03-18,CUST4349,Small Business,Central,Bhopal,Online,Stationery,Notebook Set,5,546.18,0.2,2730.9,546.18,2184.72,375.11,1875.55,309.17,Debit Card
100488,2025-08-05,CUST1365,Small Business,North,Lucknow,Online,Furniture,Standing Desk,7,9829.79,0.2,68808.53,13761.71,55046.82,7107.95,49755.65,5291.17,Credit Card
104314,2025-03-22,CUST1696,Small Business,West,Ahmedabad,Distributor,Furniture,Desk Lamp,4,8208.58,0.15,32834.32,4925.15,27909.17,5841.25,23365.0,4544.17,Debit Card
100593,2025-01-12,CUST3776,Individual,West,Ahmedabad,Online,Groceries,Granola Bars,1,625.33,0.2,625.33,125.07,500.26,435.96,435.96,64.3,UPI
101609,2024-05-27,CUST4124,Individual,North,Chandigarh,Retail Store,Furniture,Filing Cabinet,7,4226.42,0.15,29584.94,4437.74,25147.2,3011.37,21079.59,4067.61,Debit Card
105069,2024-02-25,CUST3097,Individual,Central,Nagpur,Distributor,Furniture,Bookshelf,1,14783.79,0.0,14783.79,0.0,14783.79,8427.12,8427.12,6356.67,Debit Card
102290,2025-01-29,CUST1539,Small Business,West,Ahmedabad,Retail Store,Apparel,Wool Sweater,1,2160.2,0.0,2160.2,0.0,2160.2,1555.23,1555.23,604.97,Net Banking
104123,2024-02-02,CUST1214,Small Business,East,Patna,Retail Store,Apparel,Running Shoes,2,2008.25,0.2,4016.5,803.3,3213.2,1401.4,2802.8,410.4,Debit Card
100100,2024-09-13,CUST2791,Small Business,West,Pune,Retail Store,Electronics,Power Bank,2,3482.73,0.1,6965.46,696.55,6268.91,2018.14,4036.28,2232.63,Credit Card
105011,2025-08-09,CUST3446,Individual, Central  ,Nagpur,Online,Apparel,Denim Jacket,5,430.22,0.0,2151.1,0.0,2151.1,292.48,1462.4,688.7,Cash on Delivery
104565,2025-04-14,CUST4059,Small Business,Central,Raipur,Online,Apparel,Cotton T-Shirt,6,616.24,0.15,3697.44,554.62,3142.82,459.78,2758.68,384.14,Net Banking
102133,2024-04-10,CUST3102,Individual,West,Mumbai,Online,Groceries,Green Tea Pack,8,481.7,0.0,3853.6,0.0,3853.6,290.0,2320.0,1533.6,Cash on Delivery
104929,2025-05-20,CUST1939,Individual,East,Kolkata,Distributor,Furniture,Office Chair,4,7377.36,0.05,29509.44,1475.47,28033.97,4621.11,18484.44,9549.53,Debit Card
100414,2025-03-21,CUST3374,Enterprise,Central,Nagpur,Online,Apparel,Running Shoes,4,1661.16,0.15,6644.64,996.7,5647.94,1061.42,4245.68,1402.26,Credit Card
100358,2025-05-27,CUST2327,Individual,Central,Raipur,Online,Electronics,Bluetooth Speaker,4,3144.61,0.05,12578.44,628.92,11949.52,1786.25,7145.0,4804.52,Cash on Delivery
105646,2024-10-19,CUST1666,,South,,Retail Store,Electronics,Bluetooth Speaker,5,3159.74,,15798.7,2369.8,13428.9,2342.62,11713.1,1715.8,
102312,2025-10-06,CUST2068,Enterprise,South,Hyderabad,Online,Apparel,Running Shoes,1,1693.4,0.0,1693.4,0.0,1693.4,933.64,933.64,759.76,UPI
104485,2024-10-26,CUST1118,Individual,North,Chandigarh,Retail Store,Groceries,Green Tea Pack,2,594.15,0.0,1188.3,0.0,1188.3,412.76,825.52,362.78,Cash on Delivery
103857,2025-04-01,CUST4761,Small Business,North,Chandigarh,Online,Apparel,Denim Jacket,1,1643.0,0.1,1643.0,164.3,1478.7,1202.06,1202.06,276.64,Net Banking
100016,21-Feb-2024,CUST2168,Individual,North,Delhi,Online,Stationery,Notebook Set,3,322.06,0.2,966.18,193.24,772.94,227.7,683.1,89.84,Cash on Delivery
101962,2024-02-15,CUST4293,Individual,West,Mumbai,Online,Apparel,Cotton T-Shirt,3,633.41,0.2,1900.23,380.05,1520.18,411.55,1234.65,285.53,UPI
100204,2025-12-18,CUST4951,Individual,West,Pune,Online,APPAREL,Running Shoes,4,674.71,0.0,2698.84,0.0,2698.84,443.41,1773.64,925.2,UPI
100037,2025-04-23,CUST2862,Individual,Central,Bhopal,Distributor,FURNITURE,Desk Lamp,1,10355.75,0.05,10355.75,517.79,9837.96,6373.66,6373.66,3464.3,Debit Card
100436,2025-02-28,CUST3616,Individual,Central,Bhopal,Online,Furniture,Desk Lamp,1,14826.3,0.0,14826.3,0.0,14826.3,8174.09,8174.09,6652.21,Net Banking
100590,2024-01-31,CUST1029,Individual,West,Pune,Retail Store,Stationery,Gel Pens Pack,1,105.95,0.0,105.95,0.0,105.95,69.34,69.34,36.61,Credit Card
101966,2024-06-26,CUST3933,Individual,East,Patna,Online,Stationery,Gel Pens Pack,6,412.6,0.0,2475.6,0.0,2475.6,300.52,1803.12,672.48,Cash on Delivery
105931,2025-10-04,CUST1190,Individual,South,Hyderabad,Retail Store,Furniture,Bookshelf,4,13345.75,0.2,53383.0,10676.6,42706.4,9427.66,37710.64,4995.76,UPI
103623,2025-03-04,CUST2509,Small Business,South,Hyderabad,Online,Stationery,Gel Pens Pack,2,315.82,0.0,631.64,0.0,631.64,216.17,432.34,199.3,Net Banking
100013,2025-07-21,CUST3962,Individual,South,Bengaluru,Online,Furniture,Desk Lamp,1,13175.26,0.0,13175.26,0.0,13175.26,8667.3,8667.3,4507.96,Credit Card
105005,2024-11-03,CUST2795,Individual,Central,Raipur,Online,Electronics,Power Bank,4,5624.66,0.0,22498.64,0.0,22498.64,4043.79,16175.16,6323.48,Cash on Delivery
101449,2024-07-29,CUST4192,Individual,South,Chennai,Online,Groceries,Almond Butter,1,777.84,0.0,777.84,0.0,777.84,501.19,501.19,276.65,Credit Card
105015,2024-10-28,CUST1274,Small Business,East,Kolkata,Online,Groceries,Almond Butter,2,766.56,0.2,1533.12,306.62,1226.5,505.54,1011.08,215.42,Cash on Delivery
105330,2024-06-12,CUST4533,Individual,Central,Nagpur,Online,Apparel,Running Shoes,3,640.19,0.1,1920.57,192.06,1728.51,469.78,1409.34,319.17,Net Banking
101531,2024-06-08,CUST2838,Enterprise,East,Kolkata,Online,Furniture,Filing Cabinet,7,7265.9,0.05,50861.3,2543.07,48318.23,4939.4,34575.8,13742.43,Debit Card
100541,2025-03-14,CUST4704,Individual,North,Chandigarh,Retail Store,Stationery,Desk Organizer,3,121.88,0.2,365.64,73.13,292.51,87.53,262.59,29.92,Credit Card
102470,2024-07-14,CUST3257,Small Business,West,Ahmedabad,Online,Apparel,Wool Sweater,5,2910.45,0.15,14552.25,2182.84,12369.41,2165.22,10826.1,1543.31,UPI
102739,2024-05-05,CUST4697,Individual,North,Delhi,Retail Store,APPAREL,Running Shoes,2,1341.27,0.0,2682.54,0.0,2682.54,836.36,1672.72,1009.82,Net Banking
105699,2024-07-28,CUST4279,Enterprise,South,Bengaluru,Retail Store,Furniture,Desk Lamp,3,8766.09,0.0,26298.27,0.0,26298.27,4832.61,14497.83,11800.44,Cash on Delivery
103995,2025-12-21,CUST4123,Enterprise,East,Kolkata,Online,Furniture,Standing Desk,4,6526.56,0.0,26106.24,0.0,26106.24,4786.55,19146.2,6960.04,UPI
102792,2024-07-11,CUST3987,Individual,South,Chennai,Online,Apparel,Cotton T-Shirt,2,1149.7,0.0,2299.4,0.0,2299.4,664.4,1328.8,970.6,Debit Card
101496,2025-04-02,CUST3333,Small Business,West,,Retail Store,Furniture,Desk Lamp,3,3178.32,0.0,9534.96,0.0,9534.96,1803.5,5410.5,4124.46,Net Banking
105074,2024-01-07,CUST3163,Small Business,North,Chandigarh,Online,Furniture,Office Chair,3,14809.19,0.0,44427.57,0.0,44427.57,8486.78,25460.34,18967.23,Credit Card
105823,2025-01-07,CUST3257,Individual,South,Hyderabad,Retail Store,Furniture,Desk Lamp,2,4680.83,0.0,9361.66,0.0,9361.66,3341.03,6682.06,2679.6,UPI
104637,2025-02-20,CUST1348,Enterprise,West,Mumbai,Online,Apparel,Rain Jacket,3,2996.31,0.15,8988.93,1348.34,7640.59,2200.57,6601.71,1038.88,UPI
104597,2024-09-29,CUST1416,Small Business,East,Bhubaneswar,Retail Store,Groceries,Green Tea Pack,3,487.63,0.1,1462.89,146.29,1316.6,277.32,831.96,484.64,Credit Card
103578,2024-12-18,CUST4374,Individual,West,Mumbai,Retail Store,Furniture,Desk Lamp,1,6507.36,0.0,6507.36,0.0,6507.36,4403.47,4403.47,2103.89,Net Banking
102202,2025-09-14,CUST3762,Individual,East,Kolkata,Retail Store,Apparel,Cotton T-Shirt,1,2991.71,0.0,2991.71,0.0,2991.71,2152.82,2152.82,838.89,Credit Card
104782,2025-05-30,CUST4307,Small Business,South,Bengaluru,Online,Furniture,Bookshelf,2,13895.47,0.0,27790.94,0.0,27790.94,10304.96,20609.92,7181.02,Net Banking
105954,2025-10-27,CUST4507,Individual,South,Chennai,Retail Store,Apparel,Running Shoes,4,2145.57,0.0,8582.28,0.0,8582.28,1601.87,6407.48,2174.8,Cash on Delivery
104629,2025-03-28,CUST2122,Individual,East,Bhubaneswar,Distributor,Groceries,Green Tea Pack,4,696.26,0.1,2785.04,278.5,2506.54,436.22,1744.88,761.66,Cash on Delivery
101969,2024-02-15,CUST2151,Small Business,West,Ahmedabad,Online,Electronics,USB-C Hub,2,3919.46,0.1,7838.92,783.89,7055.03,2318.07,4636.14,2418.89,Credit Card
100706,2024-03-08,CUST3608,Individual,East,Kolkata,Distributor,Stationery,Notebook Set,1,207.54,0.2,207.54,41.51,166.03,122.6,122.6,43.43,Cash on Delivery
105371,2025-05-17,CUST2611,Individual,East,Bhubaneswar,Distributor,Electronics,Bluetooth Speaker,1,2749.95,0.15,2749.95,412.49,2337.46,1799.49,1799.49,537.97,UPI
103713,2025-05-20,CUST2561,Individual,West,Ahmedabad,Distributor,Groceries,Almond Butter,2,413.62,0.0,827.24,0.0,827.24,271.31,542.62,284.62,Cash on Delivery
101981,2024-10-11,CUST3480,Individual,Central,Raipur,Distributor,Electronics,Laptop Stand,2,2211.64,0.0,4423.28,0.0,4423.28,1260.54,2521.08,1902.2,Cash on Delivery
100440,2024-06-15,CUST4835,Individual,South,Chennai,Online,Stationery,Notebook Set,1,110.2,0.0,110.2,0.0,110.2,72.28,72.28,37.92,UPI
103072,2025-05-23,CUST4604,Small Business,East,Bhubaneswar,Online,Furniture,Office Chair,5,5530.37,0.15,27651.85,4147.78,23504.07,3730.52,18652.6,4851.47,Credit Card
102118,2024-04-26,CUST2703,Individual,South,Chennai,Retail Store,Furniture,Bookshelf,7,9810.75,0.05,68675.25,3433.76,65241.49,6234.77,43643.39,21598.1,Net Banking
102882,2024-04-20,CUST1985,Small Business,Central,Raipur,Retail Store,Stationery,Whiteboard,4,254.34,0.2,1017.36,203.47,813.89,181.84,727.36,86.53,Cash on Delivery
100925,2024-07-21,CUST4223,Small Business,East,Patna,Online,FURNITURE,Filing Cabinet,3,9934.65,0.0,29803.95,0.0,29803.95,6807.6,20422.8,9381.15,UPI
101689,2025-05-25,CUST3905,Individual,North,Lucknow,Online,Furniture,Bookshelf,3,5256.92,0.0,15770.76,0.0,15770.76,2975.43,8926.29,6844.47,UPI
103749,2024-08-24,CUST2084,Small Business, West  ,Mumbai,Retail Store,Groceries,Almond Butter,3,514.08,0.2,1542.24,308.45,1233.79,369.73,1109.19,124.6,Cash on Delivery
105965,2025-12-03,CUST4285,Small Business,East,Patna,Online,Groceries,Organic Coffee,6,862.3,0.15,5173.8,776.07,4397.73,485.8,2914.8,1482.93,Credit Card
104315,2025-02-10,CUST3492,Small Business,East,Patna,Online,Stationery,Sticky Notes,1,436.1,0.1,436.1,43.61,392.49,324.6,324.6,67.89,Credit Card
103113,2024-03-22,CUST4631,Individual,Central,Raipur,Online,Furniture,Desk Lamp,3,14782.21,0.05,44346.63,2217.33,42129.3,8347.47,25042.41,17086.89,Net Banking
101135,2024-09-24,CUST1192,Small Business,South,Chennai,Retail Store,Furniture,Office Chair,5,12716.27,0.1,63581.35,6358.14,57223.21,8225.52,41127.6,16095.61,Credit Card
103440,2024-08-08,CUST1255,Individual,West,Pune,Retail Store,Furniture,Bookshelf,3,2042.03,0.0,6126.09,0.0,6126.09,1125.76,3377.28,2748.81,Credit Card
101109,2024-01-31,CUST1827,Individual,South,Bengaluru,Online,Furniture,Filing Cabinet,1,13508.04,0.2,13508.04,2701.61,10806.43,8475.45,8475.45,2330.98,Debit Card
103926,2024-02-29,CUST2977,Enterprise,East,Bhubaneswar,Online,Groceries,Green Tea Pack,3,792.63,0.05,2377.89,118.89,2259.0,476.63,1429.89,829.11,UPI
102587,2025-11-18,CUST1856,Enterprise,Central,Raipur,Online,Groceries,Green Tea Pack,8,864.51,0.15,6916.08,1037.41,5878.67,556.64,4453.12,1425.55,Cash on Delivery
104479,2024-03-03,CUST2988,Individual,West,Ahmedabad,Retail Store,Furniture,Bookshelf,2,7008.18,0.2,14016.36,2803.27,11213.09,4694.37,9388.74,1824.35,UPI
102714,2025-10-14,CUST3829,Individual,North,Lucknow,Distributor,Apparel,Rain Jacket,6,1702.12,0.0,10212.72,0.0,10212.72,1196.53,7179.18,3033.54,Debit Card
102778,2025-10-18,CUST4062,Individual,North,Lucknow,Online,Groceries,Green Tea Pack,3,471.18,0.15,1413.54,212.03,1201.51,289.42,868.26,333.25,Cash on Delivery
100769,2024-03-09,CUST4595,Individual,Central,Bhopal,Retail Store,Groceries,Granola Bars,2,628.29,0.15,1256.58,188.49,1068.09,465.48,930.96,137.13,Credit Card
102867,2025-01-03,CUST2098,Small Business,Central,Nagpur,Online,Furniture,Filing Cabinet,5,4311.26,0.0,21556.3,0.0,21556.3,2705.07,13525.35,8030.95,UPI
105838,2024-10-08,CUST1513,Individual,Central,Bhopal,Retail Store,Apparel,Denim Jacket,3,1469.25,0.0,4407.75,0.0,4407.75,859.14,2577.42,1830.33,Credit Card
105089,2025-06-19,CUST4634,Small Business,Central,Nagpur,Retail Store,Stationery,Gel Pens Pack,7,660.93,0.1,4626.51,462.65,4163.86,420.68,2944.76,1219.1,Debit Card
104255,2024-07-14,CUST2799,Individual,North,Chandigarh,Online,Electronics,Bluetooth Speaker,2,3993.92,0.0,7987.84,0.0,7987.84,2681.99,5363.98,2623.86,Debit Card
101920,2025-12-16,CUST1472,Individual,East,Kolkata,Distributor,Groceries,Organic Coffee,3,390.57,0.05,1171.71,58.59,1113.12,258.45,775.35,337.77,Net Banking
102139,2024-04-11,CUST2059,Small Business,West,Ahmedabad,Online,GROCERIES,Green Tea Pack,2,659.39,0.2,1318.78,263.76,1055.02,439.88,879.76,175.26,Net Banking
104624,2025-11-18,CUST2065,Small Business,East,Kolkata,Online,Furniture,Desk Lamp,4,2802.43,0.05,11209.72,560.49,10649.23,2004.13,8016.52,2632.71,UPI
100796,17/11/2024,CUST3114,Individual,East,Kolkata,Retail Store,Electronics,Webcam HD,11,4294.35,0.15,47237.85,7085.68,40152.17,3172.92,34902.12,5250.05,Credit Card
105731,2025-07-05,CUST2985,Individual,Central,Bhopal,Online,Groceries,Green Tea Pack,2,412.86,0.0,825.72,0.0,825.72,234.1,468.2,357.52,Debit Card
103582,2025-09-03,CUST2823,Individual,East,Patna,Distributor,Apparel,Rain Jacket,4,1654.73,0.1,6618.92,661.89,5957.03,999.72,3998.88,1958.15,Debit Card
100638,2024-02-16,CUST3487,Small Business,South,Hyderabad,Retail Store,Stationery,Notebook Set,3,318.17,0.2,954.51,190.9,763.61,199.83,599.49,164.12,Cash on Delivery
104500,2024-05-27,CUST2756,Individual,East,Bhubaneswar,Retail Store,Stationery,Notebook Set,1,318.16,0.0,318.16,0.0,318.16,233.47,233.47,84.69,Cash on Delivery
104109,2025-04-21,CUST2568,Individual,East,Patna,Online,Stationery,Sticky Notes,5,333.62,0.0,1668.1,0.0,1668.1,223.28,1116.4,551.7,Credit Card
101326,2024-01-23,CUST1581,Small Business,East,Patna,Online,Furniture,Standing Desk,1,13711.75,0.05,13711.75,685.59,13026.16,9888.65,9888.65,3137.51,Credit Card
105136,2024-05-18,CUST3483,Small Business,Central,Nagpur,Online,Stationery,Gel Pens Pack,4,477.72,0.2,1910.88,382.18,1528.7,307.36,1229.44,299.26,Debit Card
103546,2024-07-10,CUST2672,Individual,North,Chandigarh,Online,Stationery,Sticky Notes,7,146.24,0.0,1023.68,0.0,1023.68,84.81,593.67,430.01,Debit Card
102653,2024-09-26,CUST4967,Individual,Central,Bhopal,Retail Store,Stationery,Sticky Notes,6,241.02,0.05,1446.12,72.31,1373.81,150.37,902.22,471.59,Cash on Delivery
105019,2024-10-27,CUST2297,Individual,South,Bengaluru,Distributor,Stationery,Notebook Set,4,298.09,0.0,1192.36,0.0,1192.36,203.75,815.0,377.36,Credit Card
104630,2024-11-23,CUST1964,Enterprise,East,,Online,Groceries,Almond Butter,1,208.33,0.0,208.33,0.0,208.33,123.72,123.72,84.61,
103846,13-Jun-2025,CUST3577,Individual,East,Bhubaneswar,Online,Apparel,Wool Sweater,2,2165.26,0.1,4330.52,433.05,3897.47,1571.09,3142.18,755.29,Net Banking
100158,2025-01-23,CUST1941,Individual,West,Mumbai,Retail Store,Groceries,Granola Bars,1,883.0,0.1,883.0,88.3,794.7,647.97,647.97,146.73,UPI
100439,2025-05-19,CUST2063,Small Business,East,Bhubaneswar,Online,Electronics,Webcam HD,2,4065.58,0.1,8131.16,813.12,7318.04,2250.34,4500.68,2817.36,Cash on Delivery
102344,2025-12-11,CUST2649,Individual,East,Kolkata,Retail Store,Stationery,Notebook Set,3,627.25,0.0,1881.75,0.0,1881.75,357.83,1073.49,808.26,Credit Card
103373,2025-05-12,CUST1407,Enterprise,North,Lucknow,Online,Electronics,USB-C Hub,3,1071.74,0.2,3215.22,643.04,2572.18,661.72,1985.16,587.02,Net Banking
101570,2024-03-13,CUST2047,Individual,North,Delhi,Online,Apparel,Denim Jacket,2,540.32,0.0,1080.64,0.0,1080.64,311.11,622.22,458.42,Credit Card
105962,2025-09-22,CUST1316,Small Business,North,Chandigarh,Online,Furniture,Bookshelf,5,5563.72,0.15,27818.6,4172.79,23645.81,3541.97,17709.85,5935.96,Net Banking
101238,2025-01-17,CUST4628,Small Business,North,Delhi,Retail Store,Electronics,Laptop Stand,2,4715.9,0.0,9431.8,0.0,9431.8,3389.64,6779.28,2652.52,Debit Card
105016,2024-06-15,CUST3647,Enterprise,Central,Bhopal,Retail Store,Stationery,Notebook Set,2,406.14,0.2,812.28,162.46,649.82,262.97,525.94,123.88,Debit Card
102305,2025-11-30,CUST2248,Small Business,Central,Nagpur,Retail Store,Apparel,Wool Sweater,9,489.76,0.0,4407.84,0.0,4407.84,301.01,2709.09,1698.75,Net Banking
105789,09-Aug-2024,CUST4568,Enterprise,South,Chennai,Online,Groceries,Green Tea Pack,1,456.53,0.05,456.53,22.83,433.7,285.85,285.85,147.85,UPI
102749,2025-10-30,CUST4660,Individual,East,Patna,Retail Store,Furniture,Standing Desk,2,14469.6,0.0,28939.2,0.0,28939.2,10472.59,20945.18,7994.02,Debit Card
104408,2024-10-16,CUST2715,Individual,West,Pune,Online,Furniture,Desk Lamp,5,10155.84,0.0,50779.2,0.0,50779.2,7576.02,37880.1,12899.1,Cash on Delivery
103405,2024-08-31,CUST2807,Enterprise,South,Chennai,Retail Store,Stationery,Notebook Set,7,379.9,0.0,2659.3,0.0,2659.3,265.81,1860.67,798.63,Debit Card
104846,2025-05-20,CUST1788,Individual,South,Hyderabad,Retail Store,Furniture,Filing Cabinet,4,13821.72,0.0,55286.88,0.0,55286.88,7871.21,31484.84,23802.04,UPI
104201,2024-12-18,CUST4785,Individual,South,Chennai,Online,Groceries,Green Tea Pack,9,195.39,0.2,1758.51,351.7,1406.81,136.89,1232.01,174.8,Net Banking
103185,2024-03-31,CUST1933,Individual,Central,Nagpur,Online,Apparel,Rain Jacket,1,2913.33,0.0,2913.33,0.0,2913.33,1756.67,1756.67,1156.66,Credit Card
105459,2025-11-30,CUST3339,Enterprise,Central,Raipur,Online,Electronics,USB-C Hub,4,3342.76,0.0,13371.04,0.0,13371.04,2292.22,9168.88,4202.16,UPI
103025,2025-02-28,CUST1153,Individual,North,Chandigarh,Online,Electronics,Power Bank,1,1070.33,0.0,1070.33,0.0,1070.33,671.25,671.25,399.08,UPI
105180,2025-09-16,CUST3994,Small Business,North,Chandigarh,Online,Furniture,Standing Desk,6,13594.99,0.1,81569.94,8156.99,73412.95,9408.77,56452.62,16960.33,Credit Card
101540,2024-03-09,CUST2925,Individual,North,Chandigarh,Retail Store,Apparel,Denim Jacket,1,1743.12,0.15,1743.12,261.47,1481.65,1252.82,1252.82,228.83,Debit Card
104179,2024-12-31,CUST1712,Individual,West,Mumbai,Retail Store,Electronics,Laptop Stand,9,1310.86,0.0,11797.74,0.0,11797.74,779.3,7013.7,4784.04,Net Banking
105756,2024-12-09,CUST3526,Individual,South,Bengaluru,Online,Furniture,Desk Lamp,8,10776.37,0.2,86210.96,17242.19,68968.77,6832.76,54662.08,14306.69,UPI
105239,2024-05-17,CUST1866,Individual,West,Mumbai,Online,Furniture,Office Chair,1,13384.37,0.0,13384.37,0.0,13384.37,8390.9,8390.9,4993.47,Debit Card
100462,2024-12-10,CUST2647,Individual,Central,Raipur,Online,Apparel,Cotton T-Shirt,3,1712.06,0.0,5136.18,0.0,5136.18,1010.14,3030.42,2105.76,UPI
103175,2025-11-07,CUST4073,Small Business,South,Chennai,Retail Store,Electronics,Power Bank,1,4102.73,0.15,4102.73,615.41,3487.32,2307.46,2307.46,1179.86,Net Banking
100814,2024-07-02,CUST2903,Individual,West,Ahmedabad,Online,Groceries,Granola Bars,3,759.63,0.05,2278.89,113.94,2164.95,483.87,1451.61,713.34,Credit Card
103747,2024-09-10,CUST2687,Small Business,East,Bhubaneswar,Online,Furniture,Bookshelf,4,10526.44,0.0,42105.76,0.0,42105.76,6279.43,25117.72,16988.04,Net Banking
104582,2025-06-25,CUST1847,Individual,North,Delhi,Retail Store,Groceries,Organic Coffee,2,754.25,0.05,1508.5,75.42,1433.08,451.07,902.14,530.94,Net Banking
101794,2025-03-01,CUST4937,Individual,North,Chandigarh,Online,Apparel,Wool Sweater,2,2746.22,0.1,5492.44,549.24,4943.2,1817.3,3634.6,1308.6,Cash on Delivery
101055,2024-05-27,CUST3727,Small Business,East,Patna,Distributor,Furniture,Office Chair,3,7764.35,0.0,23293.05,0.0,23293.05,4562.33,13686.99,9606.06,Cash on Delivery
102654,2025-12-04,CUST2241,Small Business,North,Chandigarh,Online,Apparel,Wool Sweater,12,948.81,0.0,11385.72,0.0,11385.72,683.02,8196.24,3189.48,Cash on Delivery
102347,2024-07-21,CUST1549,Small Business,West,Ahmedabad,Retail Store,Stationery,Desk Organizer,3,635.33,0.05,1905.99,95.3,1810.69,411.29,1233.87,576.82,Cash on Delivery
102219,2024-01-16,CUST3437,Small Business,East,Patna,Online,Groceries,Organic Coffee,1,496.02,0.0,496.02,0.0,496.02,293.99,293.99,202.03,Debit Card
101807,2025-12-21,CUST1957,Individual,West,Mumbai,Online,Furniture,Standing Desk,8,5394.56,0.1,43156.48,4315.65,38840.83,3238.56,25908.48,12932.35,Debit Card
104908,2025-05-09,CUST2379,Individual,East,Bhubaneswar,Retail Store,Stationery,Gel Pens Pack,3,154.82,0.0,464.46,0.0,464.46,97.6,292.8,171.66,Debit Card
104071,2025-09-21,CUST2741,Individual,Central,Raipur,Online,Groceries,Green Tea Pack,6,806.18,0.0,4837.08,0.0,4837.08,519.64,3117.84,1719.24,Debit Card
101181,2025-06-11,CUST4914,Enterprise,East,Bhubaneswar,Retail Store,Stationery,Desk Organizer,7,182.39,0.05,1276.73,63.84,1212.89,131.25,918.75,294.14,Credit Card
104079,2024-06-15,CUST1590,Individual,South,Bengaluru,Distributor,Stationery,Gel Pens Pack,5,415.26,0.0,2076.3,0.0,2076.3,286.97,1434.85,641.45,Cash on Delivery
102158,2024-12-14,CUST2952,Individual,West,,Online,Groceries,Almond Butter,4,526.61,0.1,2106.44,210.64,1895.8,318.22,1272.88,622.92,Cash on Delivery
100737,2024-08-18,CUST1074,Individual,West,Pune,Retail Store,Apparel,Wool Sweater,3,2509.54,0.15,7528.62,1129.29,6399.33,1723.35,5170.05,1229.28,UPI
105377,2024-05-11,CUST3203,Small Business,Central,Raipur,Retail Store,Stationery,Whiteboard,1,681.47,0.0,681.47,0.0,681.47,450.93,450.93,230.54,Debit Card
105730,03-20-2025,CUST4948,Individual,North,Lucknow,Retail Store,Apparel,Cotton T-Shirt,2,1886.5,0.0,3773.0,0.0,3773.0,1239.18,2478.36,1294.64,Net Banking
103032,2024-02-08,CUST2363,Individual,East,Patna,Online,Apparel,Denim Jacket,1,561.82,0.1,561.82,56.18,505.64,328.45,328.45,177.19,UPI
102840,2025-09-24,CUST4005,Individual,East,Bhubaneswar,Retail Store,Stationery,Gel Pens Pack,1,518.59,0.1,518.59,51.86,466.73,377.02,377.02,89.71,Debit Card
100690,2024-04-15,CUST3323,Individual,East,,Retail Store,Stationery,Desk Organizer,3,146.69,0.05,440.07,22.0,418.07,93.27,279.81,138.26,Cash on Delivery
104110,2024-11-10,CUST1392,Individual,West,Ahmedabad,Online,Electronics,USB-C Hub,8,4764.61,0.1,38116.88,3811.69,34305.19,2983.47,23867.76,10437.43,Cash on Delivery
101534,2024-10-10,CUST1529,Individual,South,Bengaluru,Distributor,Groceries,Olive Oil,3,618.7,0.0,1856.1,0.0,1856.1,412.71,1238.13,617.97,UPI
100192,2025-11-05,CUST1290,Individual,Central,Raipur,Online,Apparel,Denim Jacket,6,2882.15,0.05,17292.9,864.65,16428.25,1952.99,11717.94,4710.31,Cash on Delivery
102274,2024-01-31,CUST1808,Individual,West,Pune,Online,Furniture,Filing Cabinet,2,4013.24,0.05,8026.48,401.32,7625.16,2526.17,5052.34,2572.82,Credit Card
100653,2025-05-24,CUST2481,Individual,West,Ahmedabad,Online,Stationery,Desk Organizer,4,543.94,0.15,2175.76,326.36,1849.4,308.66,1234.64,614.76,UPI
105339,2024-08-04,CUST1583,Individual,South,Hyderabad,Distributor,Stationery,Notebook Set,8,442.75,0.1,3542.0,354.2,3187.8,252.51,2020.08,1167.72,Net Banking
105179,2024-11-23,CUST4029,Individual,South,Bengaluru,Online,Apparel,Denim Jacket,4,1162.87,0.0,4651.48,0.0,4651.48,804.29,3217.16,1434.32,Net Banking
102088,2024-03-11,CUST3466,Small Business,North,Delhi,Distributor,Furniture,Bookshelf,2,10994.97,0.15,21989.94,3298.49,18691.45,6769.15,13538.3,5153.15,UPI
101459,2025-03-06,CUST1455,Small Business,West,Ahmedabad,Retail Store,APPAREL,Denim Jacket,4,1628.39,0.2,6513.56,1302.71,5210.85,1193.41,4773.64,437.21,Debit Card
103045,2025-07-24,CUST4952,Enterprise,South,Bengaluru,Online,Groceries,Green Tea Pack,2,481.55,0.15,963.1,144.47,818.63,300.52,601.04,217.59,UPI
103172,2024-10-01,CUST1057,Individual,West,Pune,Retail Store,Apparel,Rain Jacket,1,2763.73,0.15,2763.73,414.56,2349.17,1896.42,1896.42,452.75,Credit Card
100896,2025-08-06,CUST3080,Enterprise,Central,,Online,APPAREL,Cotton T-Shirt,3,1799.83,0.1,5399.49,539.95,4859.54,1277.31,3831.93,1027.61,
104647,2025-02-06,CUST1311,Individual,South,Hyderabad,Retail Store,Electronics,Power Bank,3,2379.22,0.1,7137.66,713.77,6423.89,1590.29,4770.87,1653.02,Cash on Delivery
101733,2024-01-18,CUST1746,Enterprise,South,Bengaluru,Distributor,Stationery,Sticky Notes,3,364.51,0.0,1093.53,0.0,1093.53,270.26,810.78,282.75,Net Banking
105222,2025-01-09,CUST4875,Individual,North,Lucknow,Online,Apparel,Cotton T-Shirt,3,644.13,0.05,1932.39,96.62,1835.77,397.31,1191.93,643.84,Cash on Delivery
102356,2024-03-09,CUST1943,Individual,North,Lucknow,Online,Apparel,Running Shoes,3,658.71,0.0,1976.13,0.0,1976.13,376.42,1129.26,846.87,Net Banking
100128,2025-06-20,CUST3504,Enterprise,South,Hyderabad,Online,Stationery,Whiteboard,2,508.11,0.05,1016.22,50.81,965.41,330.46,660.92,304.49,Debit Card
104507,2025-01-28,CUST4074,Individual,East,Kolkata,Online,Groceries,Organic Coffee,1,427.22,0.1,427.22,42.72,384.5,279.48,279.48,105.02,Debit Card
102569,2025-04-23,CUST3904,Enterprise,North,Delhi,Distributor,Electronics,Wireless Mouse,1,5611.13,0.05,5611.13,280.56,5330.57,4115.96,4115.96,1214.61,Credit Card
100820,2025-05-28,CUST2303,Individual,West,Mumbai,Retail Store,Electronics,Webcam HD,1,1877.11,0.2,1877.11,375.42,1501.69,1398.78,1398.78,102.91,Net Banking
103198,2024-03-30,CUST2687,Individual,East,Kolkata,Retail Store,Electronics,Webcam HD,4,3753.53,0.05,15014.12,750.71,14263.41,2226.86,8907.44,5355.97,Debit Card
105484,2025-11-14,CUST3894,Individual,North,Chandigarh,Retail Store,Stationery,Notebook Set,4,194.22,0.05,776.88,38.84,738.04,115.49,461.96,276.08,Credit Card
103930,2025-03-26,CUST1860,Small Business,East,Patna,Online,Groceries,Granola Bars,1,281.55,0.0,281.55,0.0,281.55,159.72,159.72,121.83,Cash on Delivery
100031,2024-07-22,CUST1604,Small Business,North,Delhi,Distributor,Furniture,Office Chair,3,7387.73,0.05,22163.19,1108.16,21055.03,4653.76,13961.28,7093.75,Debit Card
102374,2024-06-17,CUST4204,Small Business,North,Lucknow,Online,Furniture,Office Chair,1,5604.01,0.0,5604.01,0.0,5604.01,4188.62,4188.62,1415.39,UPI
105633,2025-06-08,CUST4686,Small Business,South,Chennai,Distributor,Electronics,Webcam HD,7,4298.33,0.0,30088.31,0.0,30088.31,3144.31,22010.17,8078.14,Debit Card
102799,2024-08-25,CUST2902,Individual,North,Delhi,Retail Store,Stationery,Sticky Notes,5,399.58,0.15,1997.9,299.69,1698.21,248.07,1240.35,457.86,Debit Card
105616,2025-04-24,CUST4980,Individual,South,Hyderabad,Retail Store,FURNITURE,Bookshelf,3,14356.84,0.0,43070.52,0.0,43070.52,8461.68,25385.04,17685.48,Net Banking
105493,2024-05-05,CUST1411,Individual,North,,Retail Store,Groceries,Olive Oil,1,747.37,0.0,747.37,0.0,747.37,452.29,452.29,295.08,
105609,2025-04-13,CUST3728,Individual, Central  ,Bhopal,Online,Furniture,Standing Desk,2,11108.41,0.05,22216.82,1110.84,21105.98,8266.96,16533.92,4572.06,Net Banking
103273,2024-07-23,CUST2627,Individual,North,Chandigarh,Retail Store,Stationery,Desk Organizer,3,477.47,0.05,1432.41,71.62,1360.79,314.5,943.5,417.29,Net Banking
105424,2025-05-07,CUST1910,Individual,Central,Bhopal,Online,Electronics,Bluetooth Speaker,3,5353.26,0.0,16059.78,0.0,16059.78,3018.77,9056.31,7003.47,Credit Card
100928,2025-07-19,CUST3818,Enterprise,South,Bengaluru,Retail Store,Groceries,Almond Butter,2,504.61,0.2,1009.22,201.84,807.38,279.55,559.1,248.28,UPI
103848,2024-04-28,CUST1191,Individual, North  ,Lucknow,Distributor,Stationery,Whiteboard,3,352.47,0.0,1057.41,0.0,1057.41,255.48,766.44,290.97,UPI
105817,2025-06-03,CUST4456,Enterprise, North  ,Chandigarh,Retail Store,Electronics,Webcam HD,2,2472.51,0.05,4945.02,247.25,4697.77,1844.46,3688.92,1008.85,UPI
100451,2025-02-09,CUST3436,Small Business,North,Delhi,Online,Groceries,Granola Bars,1,276.54,0.0,276.54,0.0,276.54,170.83,170.83,105.71,Cash on Delivery
102468,2024-06-22,CUST2327,Small Business,Central,Nagpur,Distributor,Apparel,Running Shoes,1,2763.6,0.05,2763.6,138.18,2625.42,1863.54,1863.54,761.88,UPI
101120,2025-03-12,CUST4217,Individual,South,Bengaluru,Retail Store,FURNITURE,Desk Lamp,2,7309.53,0.15,14619.06,2192.86,12426.2,4053.75,8107.5,4318.7,UPI
104891,10-08-2025,CUST1225,Small Business,North,Delhi,Distributor,Furniture,Filing Cabinet,-1,2779.61,0.15,8338.83,1250.82,7088.01,1781.64,5344.92,1743.09,Net Banking
101782,2025-09-19,CUST3476,Individual,East,Bhubaneswar,Online,Electronics,Bluetooth Speaker,3,2444.28,0.0,7332.84,0.0,7332.84,1477.42,4432.26,2900.58,Credit Card
105938,2024-07-05,CUST3191,Individual,Central,Bhopal,Distributor,Electronics,Laptop Stand,3,1616.9,0.1,4850.7,485.07,4365.63,1181.49,3544.47,821.16,UPI
100325,2025-05-07,CUST1036,Enterprise,East,Kolkata,Distributor,Apparel,Denim Jacket,5,439.18,0.05,2195.9,109.8,2086.1,310.86,1554.3,531.8,UPI
105753,2025-03-17,CUST1197,Individual,East,Bhubaneswar,Online,Apparel,Cotton T-Shirt,1,2420.12,0.1,2420.12,242.01,2178.11,1344.28,1344.28,833.83,Cash on Delivery
103314,2024-08-28,CUST3139,Individual,Central,Bhopal,Retail Store,Apparel,Cotton T-Shirt,2,692.2,0.2,1384.4,276.88,1107.52,434.57,869.14,238.38,UPI
100457,2025-06-02,CUST4315,Small Business,East,Patna,Retail Store,ELECTRONICS,Laptop Stand,1,2634.37,0.2,2634.37,526.87,2107.5,1641.96,1641.96,465.54,Cash on Delivery
101354,2025-09-15,CUST4015,Individual,Central,Raipur,Retail Store,Furniture,Office Chair,5,11583.25,0.15,57916.25,8687.44,49228.81,8543.56,42717.8,6511.01,UPI
103580,2024-03-11,CUST1709,Individual,North,Lucknow,Online,Stationery,Desk Organizer,1,303.64,0.0,303.64,0.0,303.64,220.76,220.76,82.88,Net Banking
104494,2024-04-20,CUST1172,Individual,North,Chandigarh,Online,Stationery,Notebook Set,4,386.79,0.2,1547.16,309.43,1237.73,244.42,977.68,260.05,Net Banking
102524,2025-11-05,CUST3774,Individual,North,Chandigarh,Online,Furniture,Desk Lamp,3,13496.04,0.2,40488.12,8097.62,32390.5,9414.8,28244.4,4146.1,Debit Card
105314,2024-04-01,CUST4748,Individual,South,Bengaluru,Distributor,Apparel,Running Shoes,3,2242.58,0.0,6727.74,0.0,6727.74,1652.89,4958.67,1769.07,Credit Card
103826,2024-11-12,CUST1674,Individual,West,Pune,Distributor,Electronics,Laptop Stand,6,5064.57,0.1,30387.42,3038.74,27348.68,2946.47,17678.82,9669.86,Debit Card
103454,2024-10-23,CUST4099,Individual,East,Bhubaneswar,Online,Groceries,Almond Butter,1,225.09,0.05,225.09,11.25,213.84,142.51,142.51,71.33,Credit Card
105529,2024-12-31,CUST3532,Individual,Central,Raipur,Distributor,Stationery,Sticky Notes,6,141.74,0.0,850.44,0.0,850.44,97.07,582.42,268.02,UPI
103911,2024-03-28,CUST2618,Individual,Central,Bhopal,Online,Furniture,Standing Desk,4,14827.67,0.1,59310.68,5931.07,53379.61,9531.22,38124.88,15254.73,UPI
101882,2025-10-10,CUST4362,Individual,South,Bengaluru,Retail Store,Furniture,Filing Cabinet,1,12313.01,0.0,12313.01,0.0,12313.01,8522.07,8522.07,3790.94,UPI
101737,2024-10-17,CUST1983,Individual,West,Ahmedabad,Online,Stationery,Whiteboard,3,320.15,0.0,960.45,0.0,960.45,219.54,658.62,301.83,Net Banking
100410,2025-03-25,CUST4632,Individual,North,Delhi,Online,Furniture,Desk Lamp,1,13435.15,0.15,13435.15,2015.27,11419.88,9140.62,9140.62,2279.26,Debit Card
105979,2025-03-30,CUST2118,Individual,West,Pune,Online,Groceries,Olive Oil,3,402.29,0.0,1206.87,0.0,1206.87,266.68,800.04,406.83,Cash on Delivery
103830,2024-05-02,CUST4014,Individual,East,Patna,Distributor,Electronics,Webcam HD,2,5426.64,0.2,10853.28,2170.66,8682.62,4036.44,8072.88,609.74,Cash on Delivery
100137,2025-02-19,CUST2350,Individual,East,Kolkata,Online,Groceries,Granola Bars,2,345.59,0.2,691.18,138.24,552.94,208.53,417.06,135.88,Credit Card
102129,2025-05-17,CUST3148,Small Business,Central,Raipur,Online,Apparel,Running Shoes,3,1271.14,0.05,3813.42,190.67,3622.75,746.54,2239.62,1383.13,UPI
102554,2025-09-07,CUST3823,Small Business,South,Chennai,Online,Apparel,Cotton T-Shirt,1,2116.39,0.0,2116.39,0.0,2116.39,1217.41,1217.41,898.98,Net Banking
105337,2025-08-29,CUST2978,Individual,Central,Nagpur,Online,Groceries,Green Tea Pack,-1,845.05,0.1,1690.1,169.01,1521.09,598.64,1197.28,323.81,Debit Card
102802,2025-05-16,CUST1112,Individual,South,Chennai,Retail Store,Furniture,Office Chair,2,14642.89,0.15,29285.78,4392.87,24892.91,9963.4,19926.8,4966.11,UPI
100802,20-Mar-2025,CUST1472,Individual,South,Chennai,Retail Store,Apparel,Running Shoes,3,1734.51,0.0,5203.53,0.0,5203.53,964.89,2894.67,2308.86,Debit Card
104392,2024-09-21,CUST2928,Individual,Central,Bhopal,Distributor,Apparel,Rain Jacket,1,1536.5,0.0,1536.5,0.0,1536.5,1024.52,1024.52,511.98,Net Banking
105080,2024-07-22,CUST2454,Small Business,West,Ahmedabad,Online,Electronics,Webcam HD,5,2015.54,0.0,10077.7,0.0,10077.7,1376.44,6882.2,3195.5,Net Banking
100533,2025-05-20,CUST1793,Individual,East,Patna,Distributor,APPAREL,Cotton T-Shirt,5,1429.82,0.05,7149.1,357.46,6791.64,835.15,4175.75,2615.89,Debit Card
102281,2024-08-31,CUST4899,Individual,West,Mumbai,Online,Furniture,Desk Lamp,4,10698.45,0.0,42793.8,0.0,42793.8,7903.24,31612.96,11180.84,Credit Card
104701,2025-01-05,CUST1526,Individual,South,Bengaluru,Online,Electronics,Laptop Stand,1,1760.6,0.0,1760.6,0.0,1760.6,1114.56,1114.56,646.04,Debit Card
103560,2024-01-04,CUST2634,Individual,West,Mumbai,Distributor,Groceries,Almond Butter,1,650.29,0.2,650.29,130.06,520.23,440.09,440.09,80.14,Cash on Delivery
103300,2024-06-23,CUST4400,Individual,Central,Nagpur,Online,Electronics,Webcam HD,1,5727.75,0.0,5727.75,0.0,5727.75,3948.17,3948.17,1779.58,Credit Card
105033,2024-12-28,CUST1972,Individual,West,Ahmedabad,Distributor,Furniture,Desk Lamp,8,6288.66,0.05,50309.28,2515.46,47793.82,4641.92,37135.36,10658.46,Net Banking
104964,2025-11-07,CUST1183,Individual,South,Chennai,Online,Apparel,Running Shoes,3,1396.67,0.1,4190.01,419.0,3771.01,911.32,2733.96,1037.05,UPI
100540,2024-03-08,CUST4256,Individual,North,Lucknow,Online,Electronics,Power Bank,8,4009.97,0.05,32079.76,1603.99,30475.77,2513.39,20107.12,10368.65,Cash on Delivery
102890,2025-09-17,CUST3971,Individual,Central,Nagpur,Online,Stationery,Whiteboard,1,418.56,0.2,418.56,83.71,334.85,259.15,259.15,75.7,Credit Card
104632,2025-06-25,CUST2305,Small Business,North,Lucknow,Online,Electronics,Power Bank,5,1332.21,0.0,6661.05,0.0,6661.05,881.11,4405.55,2255.5,Debit Card
103294,2024-06-28,CUST4486,Individual,South,Hyderabad,Retail Store,Electronics,Power Bank,2,4391.39,0.15,8782.78,1317.42,7465.36,2558.06,5116.12,2349.24,Net Banking
105436,2024-04-11,CUST2693,Enterprise,East,Bhubaneswar,Online,Apparel,Running Shoes,3,2788.44,0.0,8365.32,0.0,8365.32,2080.39,6241.17,2124.15,Credit Card
103746,2025-10-11,CUST1750,Small Business,South,Chennai,Online,Electronics,Laptop Stand,1,2135.17,0.0,2135.17,0.0,2135.17,1211.02,1211.02,924.15,Cash on Delivery
100035,2025-02-21,CUST2440,Individual,West,Pune,Online,Apparel,Rain Jacket,3,450.78,0.05,1352.34,67.62,1284.72,248.46,745.38,539.34,Cash on Delivery
104847,2025-11-09,CUST3350,Small Business,South,Chennai,Online,Electronics,Power Bank,8,4832.12,0.0,38656.96,0.0,38656.96,3305.41,26443.28,12213.68,Credit Card
104514,2024-05-24,CUST1606,Individual, North  ,Chandigarh,Retail Store,Apparel,Cotton T-Shirt,5,1565.56,0.0,7827.8,0.0,7827.8,1045.62,5228.1,2599.7,Cash on Delivery
100744,2024-03-27,CUST4125,Individual,Central,Nagpur,Online,ELECTRONICS,USB-C Hub,4,1030.96,0.0,4123.84,0.0,4123.84,573.48,2293.92,1829.92,Cash on Delivery
104210,2024-06-26,CUST1078,Small Business,South,Chennai,Online,Furniture,Standing Desk,1,4145.61,0.0,4145.61,0.0,4145.61,2579.89,2579.89,1565.72,UPI
100904,2024-04-29,CUST4726,Enterprise,East,Kolkata,Online,Stationery,Notebook Set,2,689.05,0.05,1378.1,68.91,1309.19,490.73,981.46,327.73,UPI
102906,2024-07-22,CUST4541,Individual,West,Pune,Online,Furniture,Office Chair,5,11743.29,0.2,58716.45,11743.29,46973.16,8590.63,42953.15,4020.01,Cash on Delivery
100263,2025-07-20,CUST1472,Enterprise,South,Hyderabad,Retail Store,Furniture,Standing Desk,6,11235.15,0.15,67410.9,10111.63,57299.27,6903.73,41422.38,15876.89,Net Banking
101917,2024-09-02,CUST4716,Individual,West,Pune,Online,Apparel,Cotton T-Shirt,2,1297.42,0.0,2594.84,0.0,2594.84,792.53,1585.06,1009.78,Net Banking
105010,2024-04-18,CUST3943,Small Business,South,Bengaluru,Online,Apparel,Running Shoes,4,2057.92,0.05,8231.68,411.58,7820.1,1373.99,5495.96,2324.14,UPI
104161,2025-06-17,CUST3423,Individual,South,Chennai,Online,Apparel,Cotton T-Shirt,3,2818.61,0.1,8455.83,845.58,7610.25,2088.77,6266.31,1343.94,Debit Card
102297,2024-05-15,CUST4552,Individual,South,Chennai,Retail Store,Groceries,Organic Coffee,3,885.08,0.0,2655.24,0.0,2655.24,542.04,1626.12,1029.12,Cash on Delivery
105948,2024-04-14,CUST2821,Individual,North,Delhi,Online,Stationery,Sticky Notes,3,487.23,0.05,1461.69,73.08,1388.61,272.08,816.24,572.37,Net Banking
102963,2024-03-25,CUST4397,Individual,East,Kolkata,Online,Groceries,Olive Oil,5,891.15,0.0,4455.75,0.0,4455.75,626.83,3134.15,1321.6,Net Banking
104278,2024-11-09,CUST1789,Individual,East,Patna,Retail Store,Apparel,Wool Sweater,3,2437.25,0.0,7311.75,0.0,7311.75,1686.15,5058.45,2253.3,UPI
104263,2025-12-02,CUST3716,Enterprise,South,Bengaluru,Distributor,Furniture,Bookshelf,8,5579.14,0.15,44633.12,6694.97,37938.15,3072.11,24576.88,13361.27,UPI
102559,2024-05-14,CUST4536,Individual,Central,Nagpur,Retail Store,Stationery,Sticky Notes,3,377.76,0.2,1133.28,226.66,906.62,282.32,846.96,59.66,Net Banking
102170,2025-09-13,CUST4192,Individual,South,Hyderabad,Online,Groceries,Granola Bars,4,586.24,0.0,2344.96,0.0,2344.96,415.98,1663.92,681.04,Net Banking
104836,2024-02-10,CUST1158,Individual,West,Pune,Online,Groceries,Organic Coffee,1,898.44,0.0,898.44,0.0,898.44,548.73,548.73,349.71,UPI
100498,2024-07-25,CUST1151,Small Business, West  ,Mumbai,Online,Apparel,Rain Jacket,3,2606.4,0.1,7819.2,781.92,7037.28,1954.29,5862.87,1174.41,Credit Card
101860,2025-01-25,CUST3711,Small Business, West  ,Mumbai,Online,Stationery,Desk Organizer,3,86.9,0.1,260.7,26.07,234.63,51.8,155.4,79.23,UPI
104351,2025-09-22,CUST1451,Individual,West,Pune,Online,Electronics,Laptop Stand,7,2346.71,0.0,16426.97,0.0,16426.97,1661.21,11628.47,4798.5,Net Banking
104464,2025-08-26,CUST4553,Individual,South,Chennai,Retail Store,Electronics,Wireless Mouse,2,4939.9,0.0,9879.8,0.0,9879.8,2826.28,5652.56,4227.24,UPI
103469,2024-09-04,CUST4368,Enterprise,South,Hyderabad,Online,Electronics,Wireless Mouse,5,3893.2,0.0,19466.0,0.0,19466.0,2495.1,12475.5,6990.5,Net Banking
104410,2025-04-01,CUST1450,Individual,East,Patna,Retail Store,Groceries,Organic Coffee,4,238.65,0.0,954.6,0.0,954.6,138.79,555.16,399.44,Cash on Delivery
100998,2025-09-20,CUST2782,Individual,North,Delhi,Online,Apparel,Wool Sweater,1,851.21,0.0,851.21,0.0,851.21,582.43,582.43,268.78,Cash on Delivery
102671,2024-03-10,CUST4216,Small Business,Central,Nagpur,Online,Stationery,Desk Organizer,4,260.16,0.15,1040.64,156.1,884.54,160.16,640.64,243.9,Cash on Delivery
101663,15/10/2024,CUST2640,Enterprise,Central,Raipur,Online,Electronics,Webcam HD,1,5297.87,0.1,5297.87,529.79,4768.08,3010.4,3010.4,1757.68,Credit Card
103341,2025-05-03,CUST1805,Small Business,East,Patna,Online,Apparel,Running Shoes,1,736.77,0.1,736.77,73.68,663.09,457.19,457.19,205.9,Debit Card
104854,2024-01-12,CUST2740,Individual,South,Chennai,Online,Electronics,Laptop Stand,1,5358.84,0.0,5358.84,0.0,5358.84,3634.15,3634.15,1724.69,Cash on Delivery
102893,2025-09-12,CUST3891,Individual,East,Kolkata,Retail Store,Stationery,Whiteboard,2,651.85,0.15,1303.7,195.56,1108.14,459.68,919.36,188.78,Debit Card
102082,2025-09-16,CUST1813,Individual,Central,Bhopal,Retail Store,Stationery,Sticky Notes,1,587.62,0.05,587.62,29.38,558.24,408.19,408.19,150.05,Credit Card
103837,2025-06-19,CUST4110,Enterprise,East,Kolkata,Retail Store,Apparel,Cotton T-Shirt,2,2634.8,0.05,5269.6,263.48,5006.12,1878.51,3757.02,1249.1,Cash on Delivery
105277,2024-01-07,CUST3430,Small Business,West,Mumbai,Distributor,Stationery,Gel Pens Pack,2,133.92,0.0,267.84,0.0,267.84,96.67,193.34,74.5,Cash on Delivery
100199,2024-02-06,CUST1188,Individual,South,Chennai,Online,Stationery,Whiteboard,4,191.19,0.2,764.76,152.95,611.81,124.88,499.52,112.29,Net Banking
104691,05-Feb-2024,CUST2937,Small Business,Central,Bhopal,Online,Furniture,Desk Lamp,2,9600.6,0.0,19201.2,0.0,19201.2,5662.89,11325.78,7875.42,Cash on Delivery
102064,2025-03-07,CUST3836,Individual,North,Chandigarh,Online,Stationery,Desk Organizer,3,88.15,0.1,264.45,26.45,238.0,55.83,167.49,70.51,Cash on Delivery
104290,2024-01-21,CUST4965,Individual,North,Chandigarh,Online,Stationery,Whiteboard,2,501.94,0.0,1003.88,0.0,1003.88,356.36,712.72,291.16,Net Banking
104478,2024-01-24,CUST4118,Individual,West,Ahmedabad,Online,Apparel,Running Shoes,1,1253.07,0.1,1253.07,125.31,1127.76,692.39,692.39,435.37,Credit Card
101845,2024-03-10,CUST3552,Individual,South,Hyderabad,Online,Apparel,Denim Jacket,4,1143.01,0.05,4572.04,228.6,4343.44,784.2,3136.8,1206.64,UPI
100548,2024-05-20,CUST1267,Individual,East,Kolkata,Online,Groceries,Organic Coffee,4,749.27,0.05,2997.08,149.85,2847.23,543.73,2174.92,672.31,UPI
104106,2025-02-03,CUST3414,Individual,South,Hyderabad,Retail Store,Groceries,Organic Coffee,1,445.39,0.05,445.39,22.27,423.12,321.6,321.6,101.52,UPI
104323,2025-03-23,CUST3396,Small Business,South,Bengaluru,Online,Groceries,Granola Bars,6,512.34,0.05,3074.04,153.7,2920.34,287.95,1727.7,1192.64,Credit Card
100565,2025-03-01,CUST4614,Enterprise,Central,Raipur,Online,Furniture,Standing Desk,3,9392.0,0.2,28176.0,5635.2,22540.8,5462.26,16386.78,6154.02,Cash on Delivery
100695,18-Oct-2024,CUST1389,Individual,Central,Bhopal,Distributor,Electronics,Power Bank,3,5827.64,0.0,17482.92,0.0,17482.92,3286.15,9858.45,7624.47,Net Banking
104618,2024-02-06,CUST1261,,East,,Retail Store,Stationery,Notebook Set,1,557.97,,557.97,55.8,502.17,327.54,327.54,174.63,
102639,2025-02-25,CUST1982,Enterprise,South,Chennai,Online,Stationery,Sticky Notes,3,87.46,0.1,262.38,26.24,236.14,63.66,190.98,45.16,UPI
105365,2025-08-30,CUST1869,Individual,East,Kolkata,Online,Stationery,Desk Organizer,2,594.94,0.1,1189.88,118.99,1070.89,403.2,806.4,264.49,Net Banking
103316,2025-12-09,CUST2934,Individual,East,Patna,Distributor,Groceries,Organic Coffee,3,215.25,0.0,645.75,0.0,645.75,127.68,383.04,262.71,Debit Card
101051,2025-11-29,CUST1788,Individual,West,Mumbai,Retail Store,Stationery,Gel Pens Pack,6,346.43,0.1,2078.58,207.86,1870.72,236.74,1420.44,450.28,Net Banking
104780,2025-08-10,CUST4326,Individual,East,Kolkata,Retail Store,Furniture,Office Chair,3,3722.78,0.05,11168.34,558.42,10609.92,2164.25,6492.75,4117.17,Credit Card
100705,2025-02-16,CUST1977,Individual,East,Bhubaneswar,Retail Store,Furniture,Desk Lamp,3,10402.48,0.0,31207.44,0.0,31207.44,6918.13,20754.39,10453.05,Debit Card
101333,2024-05-02,CUST1202,Enterprise,Central,Bhopal,Online,Stationery,Whiteboard,2,648.13,0.0,1296.26,0.0,1296.26,415.38,830.76,465.5,Net Banking
103605,2024-08-12,CUST2504,Individual,East,Patna,Online,Stationery,Gel Pens Pack,1,255.57,0.15,255.57,38.34,217.23,154.69,154.69,62.54,Cash on Delivery
105052,2025-04-30,CUST2011,Individual,East,Bhubaneswar,Retail Store,Electronics,Bluetooth Speaker,2,4958.07,0.15,9916.14,1487.42,8428.72,2753.74,5507.48,2921.24,Net Banking
104307,2025-12-02,CUST3914,Individual,East,Bhubaneswar,Online,Furniture,Office Chair,4,2583.76,0.2,10335.04,2067.01,8268.03,1898.77,7595.08,672.95,Net Banking
101117,2024-06-21,CUST4407,Individual,North,Delhi,Distributor,Stationery,Sticky Notes,1,226.63,0.0,226.63,0.0,226.63,155.56,155.56,71.07,Net Banking
101400,2024-02-15,CUST3085,Small Business,West,Pune,Retail Store,Groceries,Olive Oil,1,529.24,0.0,529.24,0.0,529.24,390.42,390.42,138.82,Debit Card
103562,2025-07-28,CUST1957,Individual,South,Bengaluru,Online,Electronics,Laptop Stand,10,2410.57,0.0,24105.7,0.0,24105.7,1590.33,15903.3,8202.4,Net Banking
101439,2024-03-19,CUST1149,Small Business,West,Ahmedabad,Online,Stationery,Whiteboard,3,117.26,0.0,351.78,0.0,351.78,72.97,218.91,132.87,Net Banking
105760,2024-02-03,CUST2089,Small Business,South,Hyderabad,Online,Electronics,Power Bank,1,1553.4,0.05,1553.4,77.67,1475.73,937.03,937.03,538.7,Credit Card
100241,2024-05-26,CUST4127,Individual,North,Chandigarh,Online,Apparel,Denim Jacket,3,944.39,0.0,2833.17,0.0,2833.17,611.88,1835.64,997.53,UPI
101159,2025-06-07,CUST3593,Individual,Central,Bhopal,Distributor,Furniture,Office Chair,3,4735.42,0.0,14206.26,0.0,14206.26,2981.25,8943.75,5262.51,Debit Card
104703,2024-01-13,CUST3027,Individual,North,Chandigarh,Online,Stationery,Sticky Notes,5,447.49,0.0,2237.45,0.0,2237.45,325.07,1625.35,612.1,Debit Card
100456,2025-12-24,CUST1640,Individual,West,Mumbai,Online,Furniture,Filing Cabinet,4,10775.32,0.05,43101.28,2155.06,40946.22,7138.12,28552.48,12393.74,Cash on Delivery
103358,2025-11-12,CUST3364,Individual,North,Lucknow,Retail Store,Stationery,Notebook Set,3,415.83,0.0,1247.49,0.0,1247.49,302.5,907.5,339.99,Credit Card
101171,2024-03-01,CUST1053,Individual,North,Delhi,Online,Electronics,Webcam HD,4,1321.96,0.1,5287.84,528.78,4759.06,738.35,2953.4,1805.66,Cash on Delivery
103256,2025-08-05,CUST1439,Small Business,East,Bhubaneswar,Online,Furniture,Office Chair,3,9410.28,0.2,28230.84,5646.17,22584.67,6154.03,18462.09,4122.58,UPI
100106,2024-12-06,CUST2874,Small Business,East,Bhubaneswar,Online,Furniture,Office Chair,1,14750.65,0.15,14750.65,2212.6,12538.05,10402.72,10402.72,2135.33,UPI
101894,2025-10-05,CUST1393,Individual,West,Mumbai,Online,Electronics,Bluetooth Speaker,3,2363.03,0.05,7089.09,354.45,6734.64,1599.11,4797.33,1937.31,Net Banking
100728,2024-11-27,CUST4112,Individual,East,Bhubaneswar,Retail Store,Stationery,Desk Organizer,1,389.65,0.15,389.65,58.45,331.2,251.43,251.43,79.77,Cash on Delivery
104646,2024-05-25,CUST2645,Individual,West,Pune,Online,Groceries,Olive Oil,3,877.65,0.15,2632.95,394.94,2238.01,486.8,1460.4,777.61,Net Banking
105784,2024-07-24,CUST2369,Individual,West,Pune,Distributor,Apparel,Rain Jacket,7,2154.77,0.0,15083.39,0.0,15083.39,1335.35,9347.45,5735.94,Net Banking
105841,2024-08-18,CUST2257,Individual,West,Pune,Online,Furniture,Standing Desk,5,4705.78,0.05,23528.9,1176.45,22352.45,3026.65,15133.25,7219.2,Credit Card
100823,2025-08-08,CUST3395,Individual,West,Ahmedabad,Distributor,Electronics,Power Bank,2,5921.32,0.0,11842.64,0.0,11842.64,3441.35,6882.7,4959.94,Credit Card
103124,2025-11-09,CUST4104,Individual,East,Patna,Distributor,Stationery,Notebook Set,4,248.56,0.1,994.24,99.42,894.82,166.61,666.44,228.38,Debit Card
103529,2025-10-08,CUST1937,Individual,Central,Bhopal,Distributor,Groceries,Green Tea Pack,4,553.72,0.05,2214.88,110.74,2104.14,378.82,1515.28,588.86,Cash on Delivery
101006,2024-04-13,CUST2115,Small Business,Central,Bhopal,Retail Store,Apparel,Denim Jacket,4,2823.59,0.2,11294.36,2258.87,9035.49,1649.99,6599.96,2435.53,Debit Card
100197,2024-10-02,CUST2506,Individual,East,Patna,Online,Electronics,Wireless Mouse,5,5870.26,0.2,29351.3,5870.26,23481.04,3894.2,19471.0,4010.04,Credit Card
105286,2025-05-31,CUST1668,Enterprise,South,Bengaluru,Distributor,Groceries,Green Tea Pack,1,620.11,0.0,620.11,0.0,620.11,436.42,436.42,183.69,Debit Card
103642,2024-09-18,CUST3576,Enterprise,North,Lucknow,Retail Store,Groceries,Green Tea Pack,10,208.97,0.1,2089.7,208.97,1880.73,122.15,1221.5,659.23,UPI
104673,2024-06-15,CUST3080,Small Business,West,Pune,Online,Apparel,Wool Sweater,1,2627.92,0.0,2627.92,0.0,2627.92,1492.54,1492.54,1135.38,Debit Card
105564,2024-09-18,CUST4963,Small Business,West,Ahmedabad,Retail Store,Apparel,Running Shoes,1,1842.38,0.0,1842.38,0.0,1842.38,1286.85,1286.85,555.53,Cash on Delivery
103461,2024-08-18,CUST4826,Individual,West,Pune,Online,FURNITURE,Office Chair,3,10170.62,0.05,30511.86,1525.59,28986.27,7350.32,22050.96,6935.31,Net Banking
103754,2024-06-04,CUST1691,Individual,South,Chennai,Retail Store,Furniture,Filing Cabinet,5,6696.99,0.2,33484.95,6696.99,26787.96,4903.72,24518.6,2269.36,UPI
103140,2025-10-25,CUST3855,Small Business,North,Lucknow,Retail Store,Furniture,Bookshelf,1,11344.41,0.15,11344.41,1701.66,9642.75,7095.77,7095.77,2546.98,Cash on Delivery
103466,2024-06-14,CUST4841,Enterprise,Central,Nagpur,Distributor,Apparel,Running Shoes,1,2473.79,0.0,2473.79,0.0,2473.79,1720.81,1720.81,752.98,Debit Card
105623,2024-05-18,CUST2944,Individual,South,Bengaluru,Distributor,Electronics,Laptop Stand,1,5964.79,0.0,5964.79,0.0,5964.79,4157.22,4157.22,1807.57,Cash on Delivery
105476,2024-10-12,CUST3292,Small Business,North,Delhi,Online,Apparel,Denim Jacket,1,800.4,0.2,800.4,160.08,640.32,550.82,550.82,89.5,UPI
102685,2024-11-01,CUST2597,Small Business,Central,Bhopal,Retail Store,Apparel,Denim Jacket,1,2979.53,0.15,2979.53,446.93,2532.6,1873.45,1873.45,659.15,Credit Card
102968,2024-05-04,CUST4895,Individual,North,Chandigarh,Online,Furniture,Desk Lamp,2,9413.92,0.0,18827.84,0.0,18827.84,5317.43,10634.86,8192.98,Cash on Delivery
101365,09-01-2025,CUST3949,Individual,North,Lucknow,Online,Groceries,Almond Butter,1,159.54,0.0,159.54,0.0,159.54,109.43,109.43,50.11,UPI
102457,2025-01-10,CUST3623,Individual,West,Pune,Retail Store,Electronics,Power Bank,3,5048.47,0.0,15145.41,0.0,15145.41,3569.92,10709.76,4435.65,Cash on Delivery
102307,2025-12-26,CUST1135,Individual,South,Chennai,Retail Store,Apparel,Running Shoes,1,710.75,0.05,710.75,35.54,675.21,522.98,522.98,152.23,Credit Card
100024,2025-11-13,CUST2360,Enterprise,Central,Nagpur,Distributor,Electronics,USB-C Hub,4,2031.03,0.0,8124.12,0.0,8124.12,1416.26,5665.04,2459.08,UPI
100637,2025-07-27,CUST2186,Individual,West,Ahmedabad,Retail Store,Apparel,Running Shoes,6,1710.06,0.15,10260.36,1539.05,8721.31,1271.43,7628.58,1092.73,Cash on Delivery
105843,2024-07-09,CUST4250,Individual,Central,Bhopal,Retail Store,Furniture,Office Chair,6,11988.15,0.15,71928.9,10789.33,61139.57,7320.24,43921.44,17218.13,Cash on Delivery
100431,2025-07-06,CUST2356,Enterprise,East,Kolkata,Distributor,Furniture,Desk Lamp,1,14321.26,0.1,14321.26,1432.13,12889.13,10671.06,10671.06,2218.07,Cash on Delivery
100721,2025-08-21,CUST3554,Individual,South,Hyderabad,Online,Stationery,Notebook Set,1,525.87,0.0,525.87,0.0,525.87,373.96,373.96,151.91,Cash on Delivery
103315,2025-02-19,CUST1826,Individual,North,Lucknow,Distributor,Groceries,Granola Bars,2,289.81,0.0,579.62,0.0,579.62,160.18,320.36,259.26,Cash on Delivery
101679,2025-08-28,CUST4833,Small Business,North,Delhi,Online,Stationery,Sticky Notes,1,631.74,0.0,631.74,0.0,631.74,436.47,436.47,195.27,Credit Card
103310,2025-02-10,CUST2987,Individual,Central,Nagpur,Distributor,Electronics,USB-C Hub,2,963.13,0.0,1926.26,0.0,1926.26,659.41,1318.82,607.44,Credit Card
102316,2025-11-15,CUST2375,Individual,West,Pune,Distributor,Stationery,Whiteboard,8,626.18,0.0,5009.44,0.0,5009.44,357.57,2860.56,2148.88,Credit Card
105961,2024-12-07,CUST1923,Individual,North,Chandigarh,Online,Electronics,Webcam HD,3,4433.77,0.0,13301.31,0.0,13301.31,2774.22,8322.66,4978.65,Credit Card
101306,2024-12-13,CUST1831,Individual,Central,Raipur,Online,Stationery,Desk Organizer,6,434.43,0.15,2606.58,390.99,2215.59,299.15,1794.9,420.69,Debit Card
105174,2024-03-25,CUST3954,Individual,Central,Bhopal,Online,Electronics,Bluetooth Speaker,2,2060.4,0.15,4120.8,618.12,3502.68,1329.28,2658.56,844.12,Credit Card
101211,2024-09-16,CUST1456,Individual,North,Delhi,Retail Store,Apparel,Running Shoes,3,1614.78,0.2,4844.34,968.87,3875.47,1172.35,3517.05,358.42,Cash on Delivery
102148,2025-01-02,CUST1339,Individual,Central,Raipur,Online,Groceries,Olive Oil,2,627.91,0.05,1255.82,62.79,1193.03,357.39,714.78,478.25,UPI
105735,2025-04-02,CUST1965,Enterprise,Central,Raipur,Online,Furniture,Bookshelf,3,11303.18,0.05,33909.54,1695.48,32214.06,6477.43,19432.29,12781.77,UPI
104976,2024-11-04,CUST2454,Small Business,West,Mumbai,Online,Furniture,Filing Cabinet,6,12127.33,0.15,72763.98,10914.6,61849.38,7602.38,45614.28,16235.1,Debit Card
102328,2025-05-21,CUST3636,Individual,Central,Bhopal,Distributor,Apparel,Cotton T-Shirt,2,2305.99,0.2,4611.98,922.4,3689.58,1440.4,2880.8,808.78,Cash on Delivery
100620,2024-03-30,CUST1043,Small Business,East,Kolkata,Retail Store,Apparel,Wool Sweater,2,549.27,0.05,1098.54,54.93,1043.61,390.9,781.8,261.81,Credit Card
103774,2025-05-27,CUST3824,Small Business,West,Mumbai,Retail Store,Groceries,Green Tea Pack,4,387.07,0.1,1548.28,154.83,1393.45,234.51,938.04,455.41,Debit Card
103165,2025-05-11,CUST3450,Individual,East,Patna,Online,Furniture,Office Chair,4,14122.77,0.0,56491.08,0.0,56491.08,8674.91,34699.64,21791.44,UPI
105606,2025-10-17,CUST1799,Small Business,Central,Raipur,Online,Furniture,Bookshelf,3,13620.42,0.1,40861.26,4086.13,36775.13,7535.41,22606.23,14168.9,Net Banking
105282,2025-11-14,CUST1389,Individual,South,Chennai,Online,Groceries,Olive Oil,3,520.42,0.2,1561.26,312.25,1249.01,309.19,927.57,321.44,Debit Card
105387,23-Mar-2024,CUST2020,Enterprise,Central,Raipur,Retail Store,Electronics,Laptop Stand,2,1805.87,0.2,3611.74,722.35,2889.39,1325.28,2650.56,238.83,Debit Card
103306,2025-07-16,CUST3408,Individual, North  ,Chandigarh,Retail Store,Apparel,Wool Sweater,8,1244.69,0.0,9957.52,0.0,9957.52,733.47,5867.76,4089.76,UPI
105737,2024-10-08,CUST2912,Individual,South,Chennai,Retail Store,Furniture,Filing Cabinet,3,6374.13,0.05,19122.39,956.12,18166.27,3814.03,11442.09,6724.18,UPI
105025,2024-10-25,CUST2092,Individual,West,Mumbai,Retail Store,Electronics,Webcam HD,1,5098.79,0.05,5098.79,254.94,4843.85,3779.06,3779.06,1064.79,Debit Card
101933,2025-05-08,CUST4274,Individual,West,Pune,Online,Electronics,Wireless Mouse,2,3564.88,0.15,7129.76,1069.46,6060.3,2497.87,4995.74,1064.56,Debit Card
105586,2024-03-31,CUST1658,Individual,South,Chennai,Retail Store,Furniture,Standing Desk,4,4477.16,0.05,17908.64,895.43,17013.21,3150.42,12601.68,4411.53,Credit Card
103669,2024-04-04,CUST1105,Individual,East,Patna,Retail Store,Electronics,Bluetooth Speaker,1,4404.22,0.0,4404.22,0.0,4404.22,2547.83,2547.83,1856.39,UPI
103322,2024-07-09,CUST4412,Individual, East  ,Patna,Online,Stationery,Whiteboard,1,327.37,0.2,327.37,65.47,261.9,242.85,242.85,19.05,Cash on Delivery
102509,2025-09-25,CUST2054,Individual,Central,Raipur,Retail Store,Groceries,Olive Oil,1,200.59,0.2,200.59,40.12,160.47,121.14,121.14,39.33,Cash on Delivery
105575,2025-10-27,CUST1444,Individual,East,Patna,Retail Store,Stationery,Desk Organizer,6,635.09,0.2,3810.54,762.11,3048.43,354.36,2126.16,922.27,UPI
105232,2024-09-28,CUST1433,Small Business,West,Mumbai,Online,Apparel,Rain Jacket,7,2239.11,0.1,15673.77,1567.38,14106.39,1475.49,10328.43,3777.96,UPI
105215,2024-12-18,CUST1498,Enterprise,North,Lucknow,Online,ELECTRONICS,Power Bank,9,1125.82,0.0,10132.38,0.0,10132.38,833.93,7505.37,2627.01,Credit Card
105534,2024-03-01,CUST2617,Small Business,South,Hyderabad,Distributor,Apparel,Denim Jacket,3,1661.4,0.0,4984.2,0.0,4984.2,967.25,2901.75,2082.45,Credit Card
100718,2025-03-23,CUST1108,Enterprise,Central,Nagpur,Retail Store,Electronics,Bluetooth Speaker,3,4505.51,0.0,13516.53,0.0,13516.53,3300.34,9901.02,3615.51,Debit Card
104487,2024-03-17,CUST2917,Small Business,South,Bengaluru,Retail Store,Apparel,Cotton T-Shirt,3,1548.32,0.15,4644.96,696.74,3948.22,908.72,2726.16,1222.06,Net Banking
102408,2025-03-20,CUST2733,Individual,East,Kolkata,Online,Electronics,Webcam HD,5,4935.54,0.1,24677.7,2467.77,22209.93,3331.76,16658.8,5551.13,Credit Card
104418,2025-12-26,CUST3741,Individual,South,Chennai,Retail Store,Apparel,Cotton T-Shirt,4,1959.9,0.15,7839.6,1175.94,6663.66,1168.08,4672.32,1991.34,UPI
104871,2024-01-11,CUST2971,Individual, South  ,Hyderabad,Online,Apparel,Denim Jacket,2,1605.96,0.2,3211.92,642.38,2569.54,937.34,1874.68,694.86,Cash on Delivery
100528,2025-11-27,CUST2144,Individual,South,Hyderabad,Retail Store,Groceries,Almond Butter,3,446.48,0.0,1339.44,0.0,1339.44,310.31,930.93,408.51,Net Banking
102054,2024-06-12,CUST4010,Individual,Central,Bhopal,Distributor,Electronics,Webcam HD,3,4101.31,0.0,12303.93,0.0,12303.93,2280.05,6840.15,5463.78,Debit Card
101658,2025-08-29,CUST1840,Small Business,West,Mumbai,Online,Apparel,Wool Sweater,1,2045.37,0.0,2045.37,0.0,2045.37,1432.03,1432.03,613.34,Net Banking
102319,2025-11-17,CUST1494,Individual,East,Kolkata,Online,Stationery,Gel Pens Pack,6,476.16,0.0,2856.96,0.0,2856.96,296.47,1778.82,1078.14,Net Banking
101948,2024-08-31,CUST1783,Small Business,East,Bhubaneswar,Retail Store,Electronics,Bluetooth Speaker,2,2025.3,0.2,4050.6,810.12,3240.48,1218.37,2436.74,803.74,Cash on Delivery
105311,2025-11-27,CUST4629,Individual,South,Bengaluru,Online,Furniture,Desk Lamp,4,3160.48,0.0,12641.92,0.0,12641.92,2255.71,9022.84,3619.08,Credit Card
105092,2025-11-25,CUST2809,Individual,East,Bhubaneswar,Retail Store,Stationery,Desk Organizer,4,386.39,0.15,1545.56,231.83,1313.73,271.31,1085.24,228.49,Credit Card
105266,2025-06-10,CUST2160,Individual,Central,,Retail Store,Stationery,Gel Pens Pack,11,673.48,0.1,7408.28,740.83,6667.45,456.92,5026.12,1641.33,
105491,2025-12-02,CUST1316,Small Business,North,Delhi,Online,Electronics,Bluetooth Speaker,4,4628.21,0.0,18512.84,0.0,18512.84,3129.94,12519.76,5993.08,UPI
100525,2024-08-30,CUST4946,Individual,Central,Nagpur,Distributor,Groceries,Granola Bars,1,455.62,0.0,455.62,0.0,455.62,275.12,275.12,180.5,Net Banking
103318,2025-03-02,CUST4269,Enterprise,South,Hyderabad,Retail Store,Furniture,Desk Lamp,5,13337.99,0.15,66689.95,10003.49,56686.46,8593.21,42966.05,13720.41,UPI
100911,2025-10-03,CUST2619,Small Business,East,Patna,Retail Store,Apparel,Denim Jacket,3,892.69,0.0,2678.07,0.0,2678.07,602.84,1808.52,869.55,Cash on Delivery
102542,2024-09-01,CUST1769,Small Business,West,Ahmedabad,Online,Groceries,Almond Butter,1,829.88,0.1,829.88,82.99,746.89,511.91,511.91,234.98,Debit Card
103553,2024-05-07,CUST1304,Individual,West,,Distributor,Electronics,Bluetooth Speaker,2,5528.27,0.0,11056.54,0.0,11056.54,3129.73,6259.46,4797.08,
100504,2025-07-24,CUST4515,Enterprise,Central,Raipur,Retail Store,Apparel,Denim Jacket,3,2588.15,0.1,7764.45,776.45,6988.0,1739.06,5217.18,1770.82,Credit Card
100559,2025-02-17,CUST2601,Enterprise, East  ,Bhubaneswar,Online,Stationery,Sticky Notes,3,453.86,0.1,1361.58,136.16,1225.42,301.72,905.16,320.26,Credit Card
100125,2025-01-17,CUST3111,Individual,East,Kolkata,Online,Apparel,Rain Jacket,5,2255.34,0.0,11276.7,0.0,11276.7,1513.9,7569.5,3707.2,Debit Card
101471,2024-04-18,CUST2183,Small Business,East,Bhubaneswar,Distributor,Electronics,Laptop Stand,4,5837.3,0.1,23349.2,2334.92,21014.28,3644.75,14579.0,6435.28,Cash on Delivery
104653,2025-04-09,CUST4473,Small Business,West,Pune,Online,Apparel,Wool Sweater,4,649.22,0.05,2596.88,129.84,2467.04,397.4,1589.6,877.44,Cash on Delivery
101285,2024-09-10,CUST3788,Individual,North,Chandigarh,Retail Store,Furniture,Filing Cabinet,2,7886.47,0.0,15772.94,0.0,15772.94,5853.42,11706.84,4066.1,Net Banking
103303,2025-09-03,CUST3734,Enterprise,Central,Bhopal,Retail Store,Apparel,Rain Jacket,1,485.74,0.15,485.74,72.86,412.88,329.44,329.44,83.44,Cash on Delivery
101095,2025-06-16,CUST1527,Individual,North,Chandigarh,Retail Store,Stationery,Whiteboard,5,401.99,0.0,2009.95,0.0,2009.95,230.46,1152.3,857.65,Net Banking
104362,2024-02-03,CUST1015,Small Business,South,Hyderabad,Online,Groceries,Green Tea Pack,1,178.11,0.0,178.11,0.0,178.11,100.38,100.38,77.73,Net Banking
101775,2024-05-28,CUST2519,Small Business,South,Chennai,Online,Apparel,Rain Jacket,7,2278.11,0.05,15946.77,797.34,15149.43,1417.81,9924.67,5224.76,Credit Card
101213,2025-02-11,CUST2448,Individual,East,Bhubaneswar,Retail Store,Furniture,Standing Desk,1,13278.93,0.0,13278.93,0.0,13278.93,9687.61,9687.61,3591.32,UPI
101184,2024-01-23,CUST4104,Individual,Central,Nagpur,Distributor,Stationery,Desk Organizer,3,241.22,0.1,723.66,72.37,651.29,139.34,418.02,233.27,Debit Card
100225,2025-03-04,CUST4888,Individual,Central,Bhopal,Online,Stationery,Whiteboard,1,434.32,0.1,434.32,43.43,390.89,251.68,251.68,139.21,Credit Card
104815,2025-01-15,CUST4278,Individual,South,Chennai,Distributor,Furniture,Bookshelf,2,7311.18,0.1,14622.36,1462.24,13160.12,5414.01,10828.02,2332.1,Credit Card
101952,2025-12-11,CUST1240,Individual,East,Patna,Retail Store,Furniture,Standing Desk,6,5002.08,0.2,30012.48,6002.5,24009.98,3380.93,20285.58,3724.4,Credit Card
101041,2024-05-29,CUST4177,Enterprise,Central,Raipur,Online,Apparel,Denim Jacket,3,1284.47,0.0,3853.41,0.0,3853.41,913.84,2741.52,1111.89,Cash on Delivery
100429,2024-09-23,CUST4437,Individual,East,Patna,Retail Store,Furniture,Filing Cabinet,5,14430.78,0.0,72153.9,0.0,72153.9,10745.75,53728.75,18425.15,Credit Card
105916,2025-10-02,CUST4869,Individual,North,Delhi,Retail Store,Groceries,Organic Coffee,2,654.84,0.15,1309.68,196.45,1113.23,384.35,768.7,344.53,Net Banking
101372,2024-05-20,CUST4191,Individual,East,Kolkata,Online,Apparel,Running Shoes,1,2111.87,0.0,2111.87,0.0,2111.87,1554.04,1554.04,557.83,Debit Card
103763,2024-12-24,CUST4764,Individual,Central,Bhopal,Retail Store,FURNITURE,Standing Desk,6,8988.85,0.1,53933.1,5393.31,48539.79,5607.32,33643.92,14895.87,Net Banking
100685,2024-05-27,CUST1412,Individual,Central,Bhopal,Online,Electronics,Power Bank,4,1537.54,0.2,6150.16,1230.03,4920.13,909.6,3638.4,1281.73,Debit Card
100828,2024-08-17,CUST2516,Individual,Central,Raipur,Distributor,Furniture,Desk Lamp,2,2296.84,0.15,4593.68,689.05,3904.63,1305.05,2610.1,1294.53,Debit Card
100633,2025-12-29,CUST3012,Individual,East,Kolkata,Online,Groceries,Green Tea Pack,6,831.36,0.0,4988.16,0.0,4988.16,499.19,2995.14,1993.02,Credit Card
101242,2024-03-31,CUST4173,Small Business,South,Chennai,Online,Stationery,Desk Organizer,2,239.85,0.0,479.7,0.0,479.7,139.29,278.58,201.12,Net Banking
102526,2024-07-22,CUST2874,Small Business,West,Ahmedabad,Online,Electronics,Bluetooth Speaker,2,1147.43,0.05,2294.86,114.74,2180.12,745.52,1491.04,689.08,UPI
101672,2024-09-16,CUST2910,Small Business,South,Chennai,Online,Apparel,Running Shoes,3,2045.79,0.0,6137.37,0.0,6137.37,1507.44,4522.32,1615.05,Cash on Delivery
101461,2025-10-16,CUST2894,Individual,Central,Nagpur,Online,Electronics,Power Bank,4,2337.31,0.0,9349.24,0.0,9349.24,1483.19,5932.76,3416.48,Cash on Delivery
101398,2025-10-12,CUST1854,Individual,East,Kolkata,Distributor,Apparel,Wool Sweater,3,751.96,0.0,2255.88,0.0,2255.88,486.76,1460.28,795.6,Credit Card
101278,2025-09-29,CUST4942,Small Business,South,Hyderabad,Online,Groceries,Green Tea Pack,3,569.78,0.0,1709.34,0.0,1709.34,395.45,1186.35,522.99,Credit Card
105873,2024-05-15,CUST3337,Small Business,Central,Nagpur,Retail Store,Electronics,Webcam HD,5,1641.31,0.0,8206.55,0.0,8206.55,1024.09,5120.45,3086.1,Debit Card
100746,2024-04-21,CUST1062,Small Business,East,Bhubaneswar,Online,Stationery,Whiteboard,2,695.42,0.0,1390.84,0.0,1390.84,400.82,801.64,589.2,Debit Card
101749,2024-07-07,CUST1767,Individual,West,Pune,Online,Groceries,Olive Oil,2,214.22,0.2,428.44,85.69,342.75,131.74,263.48,79.27,Debit Card
100168,2025-01-20,CUST4267,Individual,East,Kolkata,Distributor,Apparel,Wool Sweater,2,1830.26,0.15,3660.52,549.08,3111.44,1083.39,2166.78,944.66,UPI
104960,2025-06-25,CUST2657,Individual,Central,Bhopal,Online,FURNITURE,Desk Lamp,2,2235.35,0.1,4470.7,447.07,4023.63,1501.84,3003.68,1019.95,Debit Card
100142,2024-11-11,CUST2674,Individual,East,Kolkata,Retail Store,Electronics,Laptop Stand,6,3003.23,0.05,18019.38,900.97,17118.41,1670.84,10025.04,7093.37,Debit Card
100805,2024-09-06,CUST2103,Individual,Central,Nagpur,Online,Apparel,Running Shoes,4,2384.25,0.05,9537.0,476.85,9060.15,1514.43,6057.72,3002.43,Cash on Delivery
102009,2024-03-23,CUST3567,Individual,North,Delhi,Retail Store,Electronics,Power Bank,5,1166.15,0.2,5830.75,1166.15,4664.6,815.6,4078.0,586.6,Cash on Delivery
104282,2024-06-09,CUST1557,Individual,South,Hyderabad,Online,Furniture,Desk Lamp,7,12311.93,0.0,86183.51,0.0,86183.51,8845.02,61915.14,24268.37,Credit Card
103640,2025-02-12,CUST3811,Individual,West,Mumbai,Online,Groceries,Olive Oil,1,566.06,0.05,566.06,28.3,537.76,369.36,369.36,168.4,Credit Card
104643,2025-02-04,CUST3878,Individual,Central,Raipur,Online,Electronics,Wireless Mouse,2,1584.6,0.1,3169.2,316.92,2852.28,1124.16,2248.32,603.96,UPI
102249,2024-10-25,CUST3336,Small Business,East,Bhubaneswar,Online,Groceries,Olive Oil,2,863.73,0.0,1727.46,0.0,1727.46,617.09,1234.18,493.28,Cash on Delivery
100455,2025-07-07,CUST4623,Individual,North,Chandigarh,Distributor,STATIONERY,Notebook Set,8,425.13,0.2,3401.04,680.21,2720.83,300.09,2400.72,320.11,Credit Card
104895,2025-05-31,CUST2744,Individual,East,Patna,Online,Apparel,Cotton T-Shirt,3,1669.58,0.05,5008.74,250.44,4758.3,941.54,2824.62,1933.68,UPI
103907,2025-07-05,CUST3808,Individual, Central  ,Bhopal,Retail Store,Furniture,Desk Lamp,3,9558.77,0.0,28676.31,0.0,28676.31,7037.26,21111.78,7564.53,UPI
105757,2025-01-31,CUST4823,Individual,South,Bengaluru,Retail Store,Furniture,Office Chair,2,10816.58,0.0,21633.16,0.0,21633.16,7386.97,14773.94,6859.22,Net Banking
103224,2024-07-13,CUST2459,Individual,West,Ahmedabad,Online,Apparel,Wool Sweater,2,1411.53,0.05,2823.06,141.15,2681.91,855.62,1711.24,970.67,UPI
100441,2024-03-19,CUST3188,Individual,South,Bengaluru,Retail Store,Stationery,Gel Pens Pack,2,504.98,0.15,1009.96,151.49,858.47,314.35,628.7,229.77,UPI
105081,2025-11-08,CUST1899,Small Business,West,Ahmedabad,Online,Apparel,Cotton T-Shirt,1,567.95,0.15,567.95,85.19,482.76,347.97,347.97,134.79,Cash on Delivery
104105,2024-09-24,CUST4067,Small Business,Central,Bhopal,Online,Furniture,Desk Lamp,3,4018.49,0.0,12055.47,0.0,12055.47,2541.06,7623.18,4432.29,Debit Card
101828,2024-01-18,CUST1295,Individual,West,Ahmedabad,Retail Store,Apparel,Wool Sweater,1,2251.03,0.2,2251.03,450.21,1800.82,1490.63,1490.63,310.19,UPI
103687,2025-10-11,CUST3036,Small Business,West,Ahmedabad,Retail Store,Furniture,Filing Cabinet,3,9639.08,0.1,28917.24,2891.72,26025.52,6868.78,20606.34,5419.18,Net Banking
103632,2024-01-22,CUST3287,Individual,West,Pune,Retail Store,APPAREL,Cotton T-Shirt,1,2670.64,0.1,2670.64,267.06,2403.58,1557.57,1557.57,846.01,Net Banking
105937,2025-06-29,CUST3036,Individual,Central,Nagpur,Distributor,Stationery,Notebook Set,2,506.39,0.15,1012.78,151.92,860.86,283.71,567.42,293.44,Cash on Delivery
105642,2025-04-18,CUST3814,Individual,North,Lucknow,Retail Store,Furniture,Bookshelf,4,14203.31,0.0,56813.24,0.0,56813.24,10463.91,41855.64,14957.6,Net Banking
100985,2024-05-20,CUST1520,,West,,Online,Apparel,Denim Jacket,6,1837.88,,11027.28,0.0,11027.28,1064.54,6387.24,4640.04,
103619,2025-02-19,CUST4796,Individual,East,Kolkata,Online,Apparel,Running Shoes,1,2886.25,0.05,2886.25,144.31,2741.94,1950.86,1950.86,791.08,Cash on Delivery
101746,2024-07-26,CUST4004,,Central,,Online,Stationery,Whiteboard,2,455.97,,911.94,45.6,866.34,341.86,683.72,182.62,
104936,2024-09-28,CUST1585,Enterprise,North,Chandigarh,Retail Store,Electronics,Bluetooth Speaker,3,3669.34,0.05,11008.02,550.4,10457.62,2649.67,7949.01,2508.61,Credit Card
104409,2025-04-13,CUST3918,Enterprise,North,Chandigarh,Distributor,Furniture,Desk Lamp,2,8472.16,0.0,16944.32,0.0,16944.32,5360.36,10720.72,6223.6,Credit Card
104511,2025-04-05,CUST3272,Individual,West,Mumbai,Distributor,Apparel,Running Shoes,2,1241.03,0.0,2482.06,0.0,2482.06,802.75,1605.5,876.56,Cash on Delivery
104763,2025-10-14,CUST2203,Enterprise,South,Hyderabad,Online,Apparel,Running Shoes,3,2842.99,0.0,8528.97,0.0,8528.97,1770.42,5311.26,3217.71,Debit Card
101843,2025-02-15,CUST4002,Individual,East,Bhubaneswar,Online,GROCERIES,Organic Coffee,2,533.34,0.0,1066.68,0.0,1066.68,370.2,740.4,326.28,Cash on Delivery
102942,2025-01-31,CUST2273,Small Business,West,Pune,Retail Store,Electronics,Webcam HD,1,1577.79,0.05,1577.79,78.89,1498.9,1038.52,1038.52,460.38,Credit Card
105225,2025-09-19,CUST3383,Small Business,North,Lucknow,Online,Apparel,Denim Jacket,1,2114.79,0.0,2114.79,0.0,2114.79,1472.34,1472.34,642.45,Debit Card
104427,2025-01-07,CUST3852,Small Business,West,Ahmedabad,Retail Store,Groceries,Organic Coffee,2,164.17,0.0,328.34,0.0,328.34,90.86,181.72,146.62,Net Banking
100377,2025-02-05,CUST3325,Small Business,Central,Raipur,Retail Store,Furniture,Desk Lamp,5,12626.75,0.2,63133.75,12626.75,50507.0,8875.16,44375.8,6131.2,Cash on Delivery
100206,2024-09-11,CUST4292,Small Business,Central,Bhopal,Retail Store,Apparel,Wool Sweater,6,2621.96,0.0,15731.76,0.0,15731.76,1684.37,10106.22,5625.54,Net Banking
102212,2024-06-01,CUST4932,Individual,West,Ahmedabad,Online,Electronics,Wireless Mouse,7,4038.09,0.0,28266.63,0.0,28266.63,2748.44,19239.08,9027.55,Credit Card
102195,2025-01-14,CUST4536,Individual,East,Patna,Retail Store,Electronics,Laptop Stand,1,3682.71,0.15,3682.71,552.41,3130.3,2563.07,2563.07,567.23,UPI
101377,2024-07-18,CUST3072,Small Business,South,Chennai,Online,Electronics,Webcam HD,1,2046.16,0.0,2046.16,0.0,2046.16,1335.32,1335.32,710.84,Credit Card
103356,2024-05-01,CUST4349,Enterprise,South,Bengaluru,Online,Groceries,Olive Oil,4,775.69,0.0,3102.76,0.0,3102.76,511.5,2046.0,1056.76,UPI
103694,2025-04-20,CUST1574,Small Business,South,Bengaluru,Online,Stationery,Sticky Notes,1,118.36,0.2,118.36,23.67,94.69,88.51,88.51,6.18,Net Banking
103816,13-Nov-2024,CUST1898,Small Business,North,Lucknow,Online,Apparel,Running Shoes,4,1924.71,0.0,7698.84,0.0,7698.84,1243.23,4972.92,2725.92,Credit Card
102881,2024-11-18,CUST4805,Individual,East,Patna,Retail Store,Stationery,Sticky Notes,1,316.51,0.0,316.51,0.0,316.51,224.07,224.07,92.44,Credit Card
102418,2024-12-15,CUST3965,Individual,Central,Nagpur,Retail Store,Groceries,Granola Bars,3,441.27,0.1,1323.81,132.38,1191.43,290.32,870.96,320.47,Credit Card
100419,2025-08-28,CUST2853,Enterprise,North,Chandigarh,Distributor,Furniture,Desk Lamp,4,8554.81,0.15,34219.24,5132.89,29086.35,6110.34,24441.36,4644.99,Credit Card
100284,2024-06-18,CUST2082,Small Business,West,Mumbai,Online,Stationery,Gel Pens Pack,2,215.67,0.05,431.34,21.57,409.77,128.61,257.22,152.55,Debit Card
100872,2025-05-14,CUST1492,Individual,North,Lucknow,Distributor,Stationery,Whiteboard,4,138.64,0.05,554.56,27.73,526.83,99.27,397.08,129.75,Debit Card
102146,2025-09-29,CUST4494,Individual,West,Pune,Distributor,Apparel,Running Shoes,2,2860.86,0.0,5721.72,0.0,5721.72,1973.34,3946.68,1775.04,UPI
103574,2025-04-24,CUST2546,,North,,Retail Store,Furniture,Standing Desk,2,11405.01,,22810.02,0.0,22810.02,7785.05,15570.1,7239.92,
100355,2024-11-28,CUST3884,,West,,Retail Store,Groceries,Green Tea Pack,4,706.85,,2827.4,282.74,2544.66,479.44,1917.76,626.9,
103783,2024-10-18,CUST2161,Small Business,Central,Raipur,Distributor,Furniture,Filing Cabinet,2,5506.34,0.0,11012.68,0.0,11012.68,3060.0,6120.0,4892.68,Credit Card
104677,2024-12-11,CUST1261,Individual,Central,Raipur,Distributor,Furniture,Desk Lamp,3,14153.67,0.15,42461.01,6369.15,36091.86,8010.95,24032.85,12059.01,Debit Card
105253,2025-10-27,CUST1648,Individual,East,Bhubaneswar,Retail Store,APPAREL,Denim Jacket,3,1320.98,0.0,3962.94,0.0,3962.94,900.33,2700.99,1261.95,Credit Card
104813,2025-09-24,CUST1543,Individual,East,Patna,Online,Stationery,Whiteboard,1,364.93,0.2,364.93,72.99,291.94,271.4,271.4,20.54,Cash on Delivery
102758,2024-12-10,CUST1593,Small Business,Central,Nagpur,Online,Stationery,Gel Pens Pack,6,533.68,0.0,3202.08,0.0,3202.08,340.89,2045.34,1156.74,Credit Card
103967,2025-05-25,CUST3366,Individual,West,Ahmedabad,Online,Electronics,Webcam HD,1,4544.42,0.2,4544.42,908.88,3635.54,2746.53,2746.53,889.01,Credit Card
103378,2024-04-09,CUST3706,Individual,East,Patna,Online,Furniture,Desk Lamp,4,9100.43,0.0,36401.72,0.0,36401.72,5915.69,23662.76,12738.96,Debit Card
102740,2025-07-08,CUST3719,Enterprise,Central,Nagpur,Retail Store,Stationery,Notebook Set,2,196.65,0.0,393.3,0.0,393.3,109.44,218.88,174.42,Debit Card
101597,2025-06-25,CUST4612,Small Business,West,Mumbai,Online,Groceries,Granola Bars,5,489.48,0.05,2447.4,122.37,2325.03,288.2,1441.0,884.03,UPI
103403,2025-01-28,CUST4634,Small Business,East,Patna,Online,Apparel,Cotton T-Shirt,2,577.37,0.0,1154.74,0.0,1154.74,333.1,666.2,488.54,Cash on Delivery
101470,23/06/2025,CUST1423,Small Business,South,Chennai,Online,Apparel,Denim Jacket,2,868.68,0.15,1737.36,260.6,1476.76,503.35,1006.7,470.06,Cash on Delivery
105786,2025-04-25,CUST2470,Small Business,North,Chandigarh,Online,Electronics,Laptop Stand,2,3253.29,0.0,6506.58,0.0,6506.58,2161.73,4323.46,2183.12,UPI
101602,2024-05-23,CUST4124,Individual,South,Hyderabad,Retail Store,Groceries,Organic Coffee,1,877.09,0.1,877.09,87.71,789.38,587.73,587.73,201.65,Net Banking
105602,2025-07-16,CUST1566,Small Business,North,Lucknow,Online,Stationery,Gel Pens Pack,2,332.52,0.0,665.04,0.0,665.04,241.26,482.52,182.52,Debit Card
102448,2024-02-21,CUST4623,Enterprise,West,Ahmedabad,Distributor,Groceries,Green Tea Pack,1,366.02,0.0,366.02,0.0,366.02,217.07,217.07,148.95,Debit Card
100459,2024-11-08,CUST2296,Individual,South,Bengaluru,Online,Electronics,USB-C Hub,1,5289.52,0.1,5289.52,528.95,4760.57,2932.76,2932.76,1827.81,Credit Card
102024,22/04/2025,CUST1611,Individual,North,Delhi,Distributor,FURNITURE,Standing Desk,4,10276.8,0.0,41107.2,0.0,41107.2,6771.94,27087.76,14019.44,Debit Card
104958,2025-10-08,CUST2682,Individual,Central,Bhopal,Retail Store,Groceries,Almond Butter,3,723.68,0.0,2171.04,0.0,2171.04,530.48,1591.44,579.6,Credit Card
101639,2024-11-25,CUST2967,Individual,West,Pune,Retail Store,Apparel,Denim Jacket,4,2491.42,0.15,9965.68,1494.85,8470.83,1717.44,6869.76,1601.07,Cash on Delivery
105588,2025-09-25,CUST2927,Individual,Central,Bhopal,Online,Groceries,Granola Bars,3,345.35,0.0,1036.05,0.0,1036.05,237.1,711.3,324.75,Debit Card
105500,09-Dec-2024,CUST3978,Small Business,East,Kolkata,Distributor,Apparel,Denim Jacket,3,2752.98,0.2,8258.94,1651.79,6607.15,1860.69,5582.07,1025.08,Cash on Delivery
105953,2024-08-18,CUST4877,Individual,West,Pune,Retail Store,Apparel,Running Shoes,1,1892.44,0.0,1892.44,0.0,1892.44,1135.18,1135.18,757.26,Cash on Delivery
100376,2025-12-22,CUST2746,Small Business,South,Bengaluru,Online,APPAREL,Rain Jacket,1,475.38,0.05,475.38,23.77,451.61,266.57,266.57,185.04,Debit Card
103396,2024-09-01,CUST1372,Enterprise,East,Kolkata,Online,Groceries,Olive Oil,1,504.74,0.15,504.74,75.71,429.03,359.06,359.06,69.97,UPI
100884,2025-12-27,CUST4185,Small Business,West,Ahmedabad,Retail Store,Stationery,Whiteboard,1,327.19,0.2,327.19,65.44,261.75,221.06,221.06,40.69,Net Banking
103978,2025-06-08,CUST1561,Individual,North,Delhi,Online,Apparel,Wool Sweater,3,1581.75,0.0,4745.25,0.0,4745.25,942.98,2828.94,1916.31,Cash on Delivery
100692,2024-11-26,CUST2317,Individual,East,Kolkata,Online,Groceries,Green Tea Pack,6,158.18,0.05,949.08,47.45,901.63,104.95,629.7,271.93,Net Banking
103182,2024-01-10,CUST4385,Individual,Central,Raipur,Online,Apparel,Wool Sweater,3,2262.79,0.0,6788.37,0.0,6788.37,1508.91,4526.73,2261.64,UPI
105197,2025-10-15,CUST3231,Small Business,Central,Nagpur,Distributor,Groceries,Organic Coffee,6,803.98,0.0,4823.88,0.0,4823.88,546.23,3277.38,1546.5,Cash on Delivery
103703,2024-02-12,CUST3913,Small Business,East,Bhubaneswar,Retail Store,Groceries,Granola Bars,3,647.27,0.0,1941.81,0.0,1941.81,452.46,1357.38,584.43,Credit Card
103456,2025-06-11,CUST1905,Small Business,Central,Raipur,Distributor,Furniture,Standing Desk,2,10720.98,0.0,21441.96,0.0,21441.96,7983.26,15966.52,5475.44,Cash on Delivery
100318,26/02/2025,CUST4268,Individual,East,Kolkata,Online,APPAREL,Denim Jacket,1,2797.43,0.0,2797.43,0.0,2797.43,1967.08,1967.08,830.35,UPI
103620,2024-07-09,CUST3944,Small Business,Central,Nagpur,Retail Store,Groceries,Granola Bars,-1,516.14,0.15,1548.42,232.26,1316.16,366.71,1100.13,216.03,Credit Card
104277,04-30-2024,CUST2955,Enterprise,East,Patna,Online,Stationery,Notebook Set,4,179.93,0.15,719.72,107.96,611.76,128.73,514.92,96.84,Credit Card
101903,2025-04-27,CUST1309,Individual,North,Delhi,Distributor,Stationery,Sticky Notes,1,673.29,0.2,673.29,134.66,538.63,478.34,478.34,60.29,Debit Card
104551,2025-11-08,CUST2625,Individual,South,Bengaluru,Online,Furniture,Office Chair,3,14979.05,0.0,44937.15,0.0,44937.15,11119.57,33358.71,11578.44,Cash on Delivery
100509,2025-10-08,CUST3868,Small Business,West,Pune,Distributor,Stationery,Sticky Notes,2,638.13,0.1,1276.26,127.63,1148.63,468.44,936.88,211.75,Debit Card
105894,2024-06-21,CUST1896,Individual,West,Ahmedabad,Online,Electronics,USB-C Hub,2,2926.98,0.2,5853.96,1170.79,4683.17,1874.7,3749.4,933.77,Debit Card
105177,2024-03-17,CUST1753,Individual,Central,Nagpur,Online,Groceries,Green Tea Pack,3,187.41,0.0,562.23,0.0,562.23,113.52,340.56,221.67,Credit Card
102595,2025-01-31,CUST2163,Individual,West,Mumbai,Retail Store,Electronics,Wireless Mouse,1,874.26,0.1,874.26,87.43,786.83,625.16,625.16,161.67,UPI
105827,2024-01-11,CUST2545,Individual,East,Bhubaneswar,Retail Store,Electronics,Bluetooth Speaker,1,1132.51,0.0,1132.51,0.0,1132.51,816.37,816.37,316.14,Net Banking
103228,2025-11-24,CUST2929,Small Business,West,Mumbai,Online,Apparel,Rain Jacket,1,1644.21,0.0,1644.21,0.0,1644.21,1002.2,1002.2,642.01,UPI
103064,2024-07-03,CUST4116,Individual,South,Bengaluru,Online,GROCERIES,Almond Butter,6,197.66,0.2,1185.96,237.19,948.77,111.15,666.9,281.87,Cash on Delivery
103708,09/02/2024,CUST1816,Small Business,South,Bengaluru,Online,Furniture,Filing Cabinet,2,3998.48,0.2,7996.96,1599.39,6397.57,2972.68,5945.36,452.21,UPI
105693,2024-07-28,CUST2294,Individual,North,Chandigarh,Online,Furniture,Bookshelf,7,8263.34,0.0,57843.38,0.0,57843.38,4775.33,33427.31,24416.07,Cash on Delivery
100755,2025-06-16,CUST2822,Enterprise, East  ,Kolkata,Retail Store,Groceries,Almond Butter,1,323.17,0.0,323.17,0.0,323.17,222.54,222.54,100.63,Net Banking
105248,2024-01-25,CUST4075,Individual,East,Bhubaneswar,Online,Apparel,Wool Sweater,1,766.1,0.1,766.1,76.61,689.49,477.2,477.2,212.29,Net Banking
101551,2025-04-07,CUST2006,Small Business,Central,Nagpur,Retail Store,Apparel,Running Shoes,3,2081.19,0.0,6243.57,0.0,6243.57,1149.36,3448.08,2795.49,UPI
105495,2024-10-05,CUST4848,Small Business,South,Hyderabad,Online,Furniture,Desk Lamp,2,12152.33,0.0,24304.66,0.0,24304.66,7930.55,15861.1,8443.56,Net Banking
100126,2024-05-23,CUST1068,,East,,Online,Apparel,Rain Jacket,2,2553.55,,5107.1,0.0,5107.1,1646.98,3293.96,1813.14,
102791,2025-10-03,CUST2344,Individual,North,Delhi,Retail Store,Electronics,Laptop Stand,5,1339.08,0.0,6695.4,0.0,6695.4,744.36,3721.8,2973.6,Credit Card
102175,2025-01-11,CUST2557,Individual,West,Mumbai,Online,Furniture,Office Chair,1,13078.24,0.05,13078.24,653.91,12424.33,9651.78,9651.78,2772.55,UPI
103139,2025-02-07,CUST4622,Small Business,Central,Raipur,Online,Electronics,Bluetooth Speaker,2,2610.93,0.15,5221.86,783.28,4438.58,1535.72,3071.44,1367.14,Net Banking
101600,2025-05-13,CUST4154,Individual,East,Kolkata,Retail Store,Furniture,Bookshelf,4,5513.92,0.0,22055.68,0.0,22055.68,3422.97,13691.88,8363.8,Credit Card
101503,2024-10-21,CUST1853,Small Business,South,Chennai,Online,Electronics,Power Bank,2,2819.48,0.05,5638.96,281.95,5357.01,2034.91,4069.82,1287.19,Cash on Delivery
104848,2025-12-12,CUST3663,Individual,Central,Nagpur,Online,Stationery,Notebook Set,4,626.29,0.1,2505.16,250.52,2254.64,438.22,1752.88,501.76,Net Banking
103409,2025-06-27,CUST2151,Small Business,South,Hyderabad,Online,Apparel,Rain Jacket,2,865.99,0.0,1731.98,0.0,1731.98,567.65,1135.3,596.68,Net Banking
102015,2024-12-17,CUST4463,Enterprise,South,Hyderabad,Retail Store,Furniture,Desk Lamp,1,13544.82,0.1,13544.82,1354.48,12190.34,8987.45,8987.45,3202.89,Cash on Delivery
102762,2024-04-17,CUST3608,Small Business,West,Mumbai,Retail Store,Electronics,Wireless Mouse,2,3826.83,0.0,7653.66,0.0,7653.66,2566.83,5133.66,2520.0,Credit Card
103312,2024-05-22,CUST2533,Individual,Central,Bhopal,Distributor,Furniture,Standing Desk,3,7760.04,0.0,23280.12,0.0,23280.12,5028.44,15085.32,8194.8,UPI
103577,2024-12-05,CUST4251,Individual,East,Patna,Online,Stationery,Notebook Set,4,241.31,0.0,965.24,0.0,965.24,135.25,541.0,424.24,UPI
103522,2025-08-08,CUST3012,Individual,East,Bhubaneswar,Retail Store,APPAREL,Running Shoes,6,2114.69,0.2,12688.14,2537.63,10150.51,1441.24,8647.44,1503.07,Cash on Delivery
103699,2025-03-24,CUST3463,Small Business,South,,Online,Electronics,Wireless Mouse,1,5135.89,0.2,5135.89,1027.18,4108.71,3128.45,3128.45,980.26,Cash on Delivery
101417,2024-11-03,CUST3199,Individual,South,Chennai,Distributor,Stationery,Notebook Set,1,493.8,0.0,493.8,0.0,493.8,365.91,365.91,127.89,Net Banking
104184,2025-10-27,CUST1413,Individual,East,Bhubaneswar,Online,Electronics,USB-C Hub,1,4322.17,0.1,4322.17,432.22,3889.95,2967.52,2967.52,922.43,Credit Card
103485,09-Jun-2025,CUST3358,Individual,West,Ahmedabad,Online,Groceries,Organic Coffee,2,258.82,0.0,517.64,0.0,517.64,168.54,337.08,180.56,Debit Card
102556,2024-03-09,CUST3059,Individual,East,,Online,Furniture,Filing Cabinet,8,2939.24,0.1,23513.92,2351.39,21162.53,1756.47,14051.76,7110.77,Debit Card
103083,2024-04-18,CUST3016,Small Business,North,Delhi,Retail Store,FURNITURE,Office Chair,3,4320.16,0.0,12960.48,0.0,12960.48,3101.12,9303.36,3657.12,Credit Card
102293,2024-03-25,CUST1358,Small Business,Central,Raipur,Online,Stationery,Notebook Set,3,608.37,0.0,1825.11,0.0,1825.11,340.65,1021.95,803.16,Credit Card
101169,2024-10-19,CUST1265,Enterprise,North,Delhi,Online,Electronics,Bluetooth Speaker,2,2908.81,0.2,5817.62,1163.52,4654.1,1779.18,3558.36,1095.74,Net Banking
101416,2025-04-30,CUST4351,Individual,Central,Bhopal,Online,Furniture,Filing Cabinet,4,6105.48,0.15,24421.92,3663.29,20758.63,3926.58,15706.32,5052.31,UPI
105271,10-09-2025,CUST4895,Individual,Central,Bhopal,Online,Electronics,Wireless Mouse,2,1596.58,0.2,3193.16,638.63,2554.53,923.53,1847.06,707.47,UPI
105483,05/06/2025,CUST4078,Enterprise,East,Bhubaneswar,Online,Stationery,Gel Pens Pack,5,361.47,0.0,1807.35,0.0,1807.35,226.75,1133.75,673.6,Cash on Delivery
100301,2025-08-19,CUST4878,Individual,East,Kolkata,Retail Store,Apparel,Running Shoes,4,855.09,0.1,3420.36,342.04,3078.32,520.62,2082.48,995.84,UPI
103514,2025-10-10,CUST3078,Individual, Central  ,Nagpur,Online,Apparel,Cotton T-Shirt,4,1502.69,0.15,6010.76,901.61,5109.15,956.76,3827.04,1282.11,Cash on Delivery
102733,2024-02-08,CUST2137,Individual,Central,Raipur,Online,Stationery,Notebook Set,2,387.54,0.05,775.08,38.75,736.33,216.0,432.0,304.33,Cash on Delivery
105718,2024-11-24,CUST1199,Individual,North,Lucknow,Retail Store,Groceries,Green Tea Pack,9,501.12,0.05,4510.08,225.5,4284.58,360.39,3243.51,1041.07,Net Banking
105696,2024-03-22,CUST3980,Small Business,West,Mumbai,Online,Groceries,Organic Coffee,6,230.99,0.05,1385.94,69.3,1316.64,138.16,828.96,487.68,Cash on Delivery
105198,2025-05-26,CUST1086,Small Business,South,Hyderabad,Retail Store,Apparel,Cotton T-Shirt,4,509.82,0.0,2039.28,0.0,2039.28,286.96,1147.84,891.44,UPI
103724,2025-08-10,CUST3565,Individual,East,Bhubaneswar,Retail Store,Furniture,Bookshelf,3,6546.02,0.05,19638.06,981.9,18656.16,4082.41,12247.23,6408.93,Credit Card
105751,2025-01-28,CUST2890,Individual,Central,Raipur,Online,Furniture,Bookshelf,1,10153.5,0.15,10153.5,1523.02,8630.48,7169.89,7169.89,1460.59,Net Banking
103835,2024-05-22,CUST3297,Individual,East,Kolkata,Online,Electronics,Wireless Mouse,2,4889.6,0.05,9779.2,488.96,9290.24,3152.51,6305.02,2985.22,Debit Card
100863,2024-10-08,CUST2200,Individual, South  ,Bengaluru,Online,Apparel,Cotton T-Shirt,2,2381.95,0.2,4763.9,952.78,3811.12,1662.53,3325.06,486.06,Credit Card
104415,2024-03-29,CUST2214,Individual,South,Bengaluru,Distributor,Electronics,Wireless Mouse,6,2664.08,0.0,15984.48,0.0,15984.48,1494.54,8967.24,7017.24,Debit Card
101141,2025-07-08,CUST4327,Small Business,West,Pune,Retail Store,Apparel,Rain Jacket,7,1705.28,0.0,11936.96,0.0,11936.96,1267.92,8875.44,3061.52,Net Banking
104666,2025-07-31,CUST4925,Small Business,East,Kolkata,Distributor,Stationery,Whiteboard,2,404.75,0.0,809.5,0.0,809.5,245.58,491.16,318.34,Net Banking
100936,2025-04-16,CUST1861,Individual,Central,Bhopal,Online,Apparel,Cotton T-Shirt,5,638.43,0.2,3192.15,638.43,2553.72,438.68,2193.4,360.32,UPI
102359,2025-06-22,CUST2807,Small Business,South,Chennai,Distributor,Stationery,Desk Organizer,5,589.08,0.0,2945.4,0.0,2945.4,430.4,2152.0,793.4,Net Banking
105421,2024-11-03,CUST2245,Individual,West,Ahmedabad,Retail Store,Electronics,Wireless Mouse,3,1287.2,0.0,3861.6,0.0,3861.6,745.18,2235.54,1626.06,Cash on Delivery
105930,2025-03-21,CUST4488,Enterprise,West,Mumbai,Online,Furniture,Standing Desk,3,14636.22,0.0,43908.66,0.0,43908.66,10667.07,32001.21,11907.45,Cash on Delivery
102746,2025-11-11,CUST3164,Individual, North  ,Delhi,Online,Electronics,Webcam HD,4,858.92,0.1,3435.68,343.57,3092.11,510.56,2042.24,1049.87,Net Banking
100042,2025-01-05,CUST4402,Small Business,West,Mumbai,Retail Store,Groceries,Green Tea Pack,2,769.3,0.0,1538.6,0.0,1538.6,554.16,1108.32,430.28,Net Banking
101934,2025-06-16,CUST2495,Enterprise,South,Chennai,Online,Electronics,USB-C Hub,1,3552.92,0.0,3552.92,0.0,3552.92,2643.82,2643.82,909.1,Net Banking
103231,2025-08-09,CUST2358,Individual,West,Pune,Retail Store,Furniture,Desk Lamp,4,10168.94,0.0,40675.76,0.0,40675.76,6483.79,25935.16,14740.6,Net Banking
103225,2024-04-05,CUST1991,Small Business,South,Hyderabad,Online,Groceries,Green Tea Pack,6,746.59,0.15,4479.54,671.93,3807.61,450.11,2700.66,1106.95,Cash on Delivery
102379,2024-08-06,CUST2161,Individual,South,Hyderabad,Distributor,Electronics,USB-C Hub,2,3892.97,0.2,7785.94,1557.19,6228.75,2587.74,5175.48,1053.27,Cash on Delivery
103777,2025-10-21,CUST1354,Enterprise,East,Kolkata,Online,Electronics,Bluetooth Speaker,2,4045.17,0.0,8090.34,0.0,8090.34,2834.29,5668.58,2421.76,UPI
105252,2024-04-02,CUST4807,Enterprise, Central  ,Nagpur,Retail Store,Electronics,Wireless Mouse,1,1650.36,0.2,1650.36,330.07,1320.29,1120.41,1120.41,199.88,UPI
100929,2025-01-06,CUST3556,Enterprise,Central,Bhopal,Online,Groceries,Granola Bars,1,890.86,0.0,890.86,0.0,890.86,521.55,521.55,369.31,Credit Card
101914,2025-07-26,CUST2019,Individual,South,Chennai,Distributor,Stationery,Notebook Set,1,285.91,0.0,285.91,0.0,285.91,161.08,161.08,124.83,UPI
100282,2025-10-03,CUST4175,Small Business,North,Delhi,Retail Store,ELECTRONICS,Power Bank,1,3810.28,0.1,3810.28,381.03,3429.25,2455.42,2455.42,973.83,Credit Card
103664,2024-11-01,CUST4804,Small Business,North,Delhi,Online,Furniture,Office Chair,3,13160.02,0.1,39480.06,3948.01,35532.05,8985.0,26955.0,8577.05,Debit Card
101850,2024-03-21,CUST3364,Small Business,Central,Raipur,Retail Store,Apparel,Denim Jacket,1,1966.03,0.1,1966.03,196.6,1769.43,1104.08,1104.08,665.35,Net Banking
103468,2025-10-26,CUST4281,Individual,East,Patna,Retail Store,Electronics,Power Bank,5,5654.26,0.0,28271.3,0.0,28271.3,3750.49,18752.45,9518.85,Debit Card
101579,2025-06-21,CUST3328,Small Business,North,Lucknow,Online,Furniture,Desk Lamp,2,5493.48,0.05,10986.96,549.35,10437.61,3376.96,6753.92,3683.69,Net Banking
100340,2025-01-26,CUST3356,Individual,Central,Bhopal,Online,Electronics,USB-C Hub,1,3412.49,0.05,3412.49,170.62,3241.87,2390.68,2390.68,851.19,Debit Card
102510,2025-02-05,CUST4795,Individual,West,Mumbai,Retail Store,ELECTRONICS,Power Bank,1,5188.49,0.0,5188.49,0.0,5188.49,3392.05,3392.05,1796.44,UPI
100898,2024-07-18,CUST3852,Small Business,South,Bengaluru,Online,Furniture,Desk Lamp,3,3224.1,0.2,9672.3,1934.46,7737.84,2036.07,6108.21,1629.63,Cash on Delivery
103810,2024-04-27,CUST2418,Individual,East,Patna,Online,Electronics,Power Bank,1,5602.28,0.2,5602.28,1120.46,4481.82,3530.0,3530.0,951.82,Net Banking
100179,2025-07-29,CUST4197,Individual,West,Ahmedabad,Online,Stationery,Whiteboard,6,250.41,0.1,1502.46,150.25,1352.21,152.18,913.08,439.13,Cash on Delivery
104584,2024-02-09,CUST3483,Individual,West,Mumbai,Online,Groceries,Organic Coffee,3,606.7,0.0,1820.1,0.0,1820.1,388.15,1164.45,655.65,Cash on Delivery
102986,2025-01-05,CUST2999,Individual,South,Bengaluru,Retail Store,Groceries,Almond Butter,5,564.47,0.0,2822.35,0.0,2822.35,387.41,1937.05,885.3,Debit Card
101068,2025-09-25,CUST2940,Individual,North,Lucknow,Distributor,Furniture,Office Chair,3,11894.2,0.2,35682.6,7136.52,28546.08,8685.52,26056.56,2489.52,UPI
100803,2025-06-13,CUST2947,Individual, South  ,Chennai,Retail Store,Furniture,Filing Cabinet,2,13716.57,0.0,27433.14,0.0,27433.14,7979.62,15959.24,11473.9,Net Banking
101919,2025-09-09,CUST2038,Small Business,West,Pune,Online,Groceries,Organic Coffee,4,830.67,0.0,3322.68,0.0,3322.68,469.11,1876.44,1446.24,Cash on Delivery
103599,2025-12-11,CUST1074,Small Business,North,Chandigarh,Retail Store,GROCERIES,Almond Butter,1,422.75,0.15,422.75,63.41,359.34,249.5,249.5,109.84,Net Banking
103254,2025-05-20,CUST1335,Individual,South,Bengaluru,Retail Store,Apparel,Denim Jacket,4,1264.17,0.1,5056.68,505.67,4551.01,728.18,2912.72,1638.29,Credit Card
100207,2024-05-23,CUST1809,Individual,North,Delhi,Online,Electronics,Wireless Mouse,6,4077.55,0.0,24465.3,0.0,24465.3,3055.85,18335.1,6130.2,Cash on Delivery
100452,2025-02-17,CUST3094,Individual,West,Ahmedabad,Online,Electronics,Bluetooth Speaker,3,4732.78,0.05,14198.34,709.92,13488.42,3537.78,10613.34,2875.08,Debit Card
105066,2025-06-03,CUST2916,Individual,South,Bengaluru,Online,Furniture,Standing Desk,1,13425.42,0.1,13425.42,1342.54,12082.88,7559.82,7559.82,4523.06,Credit Card
100070,2024-05-24,CUST2521,Individual,Central,Nagpur,Online,Furniture,Filing Cabinet,8,7912.22,0.2,63297.76,12659.55,50638.21,5362.19,42897.52,7740.69,Cash on Delivery
104674,2024-02-24,CUST3586,Small Business,North,Chandigarh,Retail Store,Stationery,Notebook Set,3,290.02,0.0,870.06,0.0,870.06,179.31,537.93,332.13,Debit Card
105043,2024-04-29,CUST2953,Enterprise,South,Chennai,Retail Store,Electronics,USB-C Hub,1,2150.86,0.2,2150.86,430.17,1720.69,1526.81,1526.81,193.88,Net Banking
103427,2025-02-11,CUST4637,Small Business,South,Chennai,Distributor,Electronics,Power Bank,5,5545.16,0.2,27725.8,5545.16,22180.64,3430.48,17152.4,5028.24,Debit Card
103493,2024-09-16,CUST4847,Individual,North,Lucknow,Retail Store,Stationery,Gel Pens Pack,2,284.55,0.0,569.1,0.0,569.1,185.53,371.06,198.04,Cash on Delivery
105398,2024-12-10,CUST1321,Small Business,North,Delhi,Online,Electronics,Webcam HD,4,3722.24,0.0,14888.96,0.0,14888.96,2273.84,9095.36,5793.6,Cash on Delivery
104759,10/01/2024,CUST4462,Individual,West,Mumbai,Distributor,Furniture,Filing Cabinet,1,11585.74,0.05,11585.74,579.29,11006.45,7715.1,7715.1,3291.35,Debit Card
104658,2024-09-13,CUST3998,Individual,West,Mumbai,Online,Apparel,Running Shoes,4,534.73,0.05,2138.92,106.95,2031.97,309.13,1236.52,795.45,Debit Card
102167,2025-12-28,CUST4407,Individual,West,Pune,Retail Store,Apparel,Cotton T-Shirt,8,1404.02,0.0,11232.16,0.0,11232.16,857.14,6857.12,4375.04,Cash on Delivery
100756,2025-02-23,CUST2003,Small Business,East,Bhubaneswar,Online,Apparel,Cotton T-Shirt,3,1489.01,0.0,4467.03,0.0,4467.03,1094.64,3283.92,1183.11,Net Banking
100859,2024-08-23,CUST2536,Individual,East,Kolkata,Online,Furniture,Standing Desk,7,12040.49,0.0,84283.43,0.0,84283.43,8631.0,60417.0,23866.43,Net Banking
104706,2025-08-13,CUST4671,Individual,West,Ahmedabad,Online,Stationery,Sticky Notes,1,202.12,0.1,202.12,20.21,181.91,122.15,122.15,59.76,Credit Card
104633,2025-12-16,CUST4486,Small Business,West,Ahmedabad,Online,Furniture,Filing Cabinet,4,6180.04,0.2,24720.16,4944.03,19776.13,3925.14,15700.56,4075.57,Net Banking
104310,2025-03-17,CUST4816,Small Business,South,Hyderabad,Online,Groceries,Green Tea Pack,2,228.08,0.0,456.16,0.0,456.16,129.83,259.66,196.5,Debit Card
100297,2025-12-17,CUST1595,Small Business,South,Hyderabad,Online,Furniture,Office Chair,3,10899.34,0.2,32698.02,6539.6,26158.42,6193.2,18579.6,7578.82,Net Banking
105870,28/11/2024,CUST3792,Individual,East,Bhubaneswar,Retail Store,Furniture,Desk Lamp,1,9214.8,0.1,9214.8,921.48,8293.32,6415.71,6415.71,1877.61,Net Banking
104601,2025-08-18,CUST3707,Small Business,East,Bhubaneswar,Retail Store,Groceries,Organic Coffee,3,208.62,0.0,625.86,0.0,625.86,115.46,346.38,279.48,Debit Card
101359,2024-10-06,CUST2247,Individual,West,Ahmedabad,Online,Groceries,Organic Coffee,3,257.04,0.05,771.12,38.56,732.56,171.72,515.16,217.4,UPI
104017,2024-07-22,CUST4017,Small Business,North,Chandigarh,Online,Stationery,Gel Pens Pack,1,584.0,0.2,584.0,116.8,467.2,404.84,404.84,62.36,Credit Card
102169,2024-07-21,CUST3513,Individual,Central,Raipur,Online,Stationery,Whiteboard,8,434.74,0.0,3477.92,0.0,3477.92,291.56,2332.48,1145.44,UPI
101001,2024-06-21,CUST3857,Individual,South,Chennai,Online,Groceries,Green Tea Pack,1,502.28,0.1,502.28,50.23,452.05,300.77,300.77,151.28,Net Banking
102807,2024-09-26,CUST1137,Enterprise, West  ,Pune,Distributor,Apparel,Running Shoes,1,2427.46,0.0,2427.46,0.0,2427.46,1818.68,1818.68,608.78,Cash on Delivery
103512,2024-02-05,CUST3008,Small Business,South,Chennai,Distributor,Electronics,Laptop Stand,3,1220.72,0.0,3662.16,0.0,3662.16,850.12,2550.36,1111.8,Debit Card
103449,2024-06-20,CUST2709,Small Business,West,Ahmedabad,Online,Furniture,Desk Lamp,2,12842.96,0.1,25685.92,2568.59,23117.33,9412.61,18825.22,4292.11,UPI
105820,23-Dec-2024,CUST4365,Individual,East,Kolkata,Online,Groceries,Almond Butter,1,701.93,0.0,701.93,0.0,701.93,516.12,516.12,185.81,Credit Card
105186,2025-12-24,CUST1932,Individual,East,Patna,Online,Electronics,Power Bank,11,4868.65,0.0,53555.15,0.0,53555.15,2780.35,30583.85,22971.3,UPI
104122,2024-10-26,CUST1205,Individual,East,Patna,Online,Electronics,Laptop Stand,1,806.01,0.0,806.01,0.0,806.01,589.14,589.14,216.87,Credit Card
102544,2024-11-15,CUST1919,Individual,Central,Nagpur,Retail Store,Stationery,Whiteboard,1,202.88,0.1,202.88,20.29,182.59,128.82,128.82,53.77,Debit Card
102817,2025-10-21,CUST4538,Enterprise,South,Chennai,Retail Store,Stationery,Desk Organizer,3,134.57,0.2,403.71,80.74,322.97,95.41,286.23,36.74,Credit Card
102091,2024-09-02,CUST4783,Individual,North,Lucknow,Online,Electronics,Laptop Stand,4,957.33,0.0,3829.32,0.0,3829.32,612.6,2450.4,1378.92,Debit Card
101605,2025-05-27,CUST1689,Small Business,Central,Nagpur,Retail Store,Stationery,Gel Pens Pack,2,178.69,0.15,357.38,53.61,303.77,125.67,251.34,52.43,Debit Card
105868,2024-05-29,CUST3953,Individual,Central,Nagpur,Online,Electronics,Webcam HD,6,5071.79,0.0,30430.74,0.0,30430.74,3100.51,18603.06,11827.68,Net Banking
101256,2024-02-15,CUST1084,Small Business,Central,Nagpur,Retail Store,Furniture,Filing Cabinet,4,10608.76,0.0,42435.04,0.0,42435.04,7663.53,30654.12,11780.92,UPI
102155,2025-06-26,CUST1248,Individual,North,Delhi,Online,Furniture,Office Chair,3,9718.46,0.05,29155.38,1457.77,27697.61,6356.24,19068.72,8628.89,Cash on Delivery
103940,2025-10-01,CUST4626,Individual,Central,Bhopal,Online,Groceries,Olive Oil,2,244.03,0.0,488.06,0.0,488.06,163.73,327.46,160.6,UPI
103802,2024-03-05,CUST1391,Individual,South,Hyderabad,Retail Store,Groceries,Olive Oil,6,564.06,0.0,3384.36,0.0,3384.36,362.84,2177.04,1207.32,Credit Card
102321,2024-12-07,CUST1252,Small Business,South,Hyderabad,Online,STATIONERY,Sticky Notes,3,102.38,0.0,307.14,0.0,307.14,68.83,206.49,100.65,Cash on Delivery
105346,2024-09-18,CUST4436,Individual,West,Ahmedabad,Online,Furniture,Bookshelf,2,5138.49,0.0,10276.98,0.0,10276.98,3203.81,6407.62,3869.36,Debit Card
104684,2025-05-16,CUST3535,Individual,West,Pune,Distributor,Electronics,Webcam HD,7,1883.65,0.0,13185.55,0.0,13185.55,1059.98,7419.86,5765.69,UPI
103463,2025-05-02,CUST2562,Individual,North,Chandigarh,Distributor,Electronics,USB-C Hub,1,5454.89,0.2,5454.89,1090.98,4363.91,3280.87,3280.87,1083.04,UPI
104222,2025-06-07,CUST1099,Small Business,East,Kolkata,Retail Store,Electronics,Webcam HD,7,5294.77,0.1,37063.39,3706.34,33357.05,3247.24,22730.68,10626.37,Debit Card
104095,2025-02-06,CUST1918,Small Business,East,Bhubaneswar,Online,Groceries,Organic Coffee,5,508.31,0.15,2541.55,381.23,2160.32,340.9,1704.5,455.82,UPI
102666,2025-09-22,CUST3696,Individual,East,Kolkata,Online,Furniture,Standing Desk,1,7927.84,0.0,7927.84,0.0,7927.84,5938.15,5938.15,1989.69,Cash on Delivery
101813,2025-07-20,CUST4013,Small Business,North,Delhi,Retail Store,Apparel,Denim Jacket,5,1962.4,0.0,9812.0,0.0,9812.0,1125.64,5628.2,4183.8,UPI
104340,2025-03-07,CUST1148,Individual,South,Chennai,Online,Furniture,Desk Lamp,2,8820.56,0.1,17641.12,1764.11,15877.01,5619.82,11239.64,4637.37,Debit Card
105574,2024-03-01,CUST3719,Individual,South,Hyderabad,Online,Apparel,Wool Sweater,5,1640.36,0.0,8201.8,0.0,8201.8,1004.17,5020.85,3180.95,Debit Card
105541,2024-10-27,CUST2377,Individual,North,Chandigarh,Retail Store,Apparel,Rain Jacket,4,2512.84,0.0,10051.36,0.0,10051.36,1686.19,6744.76,3306.6,Cash on Delivery
103037,2025-10-11,CUST3143,Small Business,North,Delhi,Retail Store,Furniture,Desk Lamp,2,12194.81,0.0,24389.62,0.0,24389.62,7875.03,15750.06,8639.56,Cash on Delivery
103235,2024-03-03,CUST1191,Small Business,East,Bhubaneswar,Retail Store,Furniture,Desk Lamp,3,7008.06,0.1,21024.18,2102.42,18921.76,4746.24,14238.72,4683.04,Net Banking
104008,2025-06-27,CUST2216,Small Business,East,Patna,Retail Store,Groceries,Almond Butter,3,628.87,0.0,1886.61,0.0,1886.61,414.3,1242.9,643.71,Net Banking
105579,2024-04-03,CUST1450,Small Business,East,,Online,Stationery,Desk Organizer,3,625.26,0.15,1875.78,281.37,1594.41,389.61,1168.83,425.58,Debit Card
102990,2025-02-03,CUST4003,Small Business,East,Kolkata,Online,Groceries,Olive Oil,1,830.61,0.0,830.61,0.0,830.61,621.56,621.56,209.05,Credit Card
100837,2025-06-13,CUST1718,Individual,Central,Bhopal,Distributor,Groceries,Olive Oil,5,844.56,0.2,4222.8,844.56,3378.24,553.23,2766.15,612.09,UPI
101771,2025-05-02,CUST1057,Individual,South,Chennai,Online,Apparel,Wool Sweater,2,1766.87,0.05,3533.74,176.69,3357.05,1110.39,2220.78,1136.27,Credit Card
101380,2025-05-04,CUST4332,Individual,East,Patna,Online,Furniture,Bookshelf,2,4113.61,0.0,8227.22,0.0,8227.22,2447.17,4894.34,3332.88,Cash on Delivery
100546,2025-05-07,CUST2474,Individual,South,Chennai,Online,Apparel,Wool Sweater,3,699.49,0.1,2098.47,209.85,1888.62,512.41,1537.23,351.39,Credit Card
100516,2024-06-15,CUST2512,Enterprise,South,Chennai,Retail Store,Furniture,Desk Lamp,5,8878.83,0.0,44394.15,0.0,44394.15,6559.8,32799.0,11595.15,UPI
102410,2025-03-24,CUST1161,Individual,West,Pune,Retail Store,Furniture,Standing Desk,2,7580.23,0.2,15160.46,3032.09,12128.37,5214.89,10429.78,1698.59,Cash on Delivery
103499,2024-02-06,CUST1217,Individual,East,Bhubaneswar,Retail Store,Stationery,Gel Pens Pack,1,650.98,0.2,650.98,130.2,520.78,482.97,482.97,37.81,UPI
104294,2025-01-27,CUST1391,Individual,North,Lucknow,Distributor,Groceries,Olive Oil,1,807.11,0.0,807.11,0.0,807.11,448.43,448.43,358.68,Credit Card
105584,2024-02-01,CUST4852,Individual,West,Ahmedabad,Retail Store,Furniture,Office Chair,3,13764.36,0.05,41293.08,2064.65,39228.43,7872.38,23617.14,15611.29,Cash on Delivery
103338,2025-03-12,CUST3591,Individual,North,Chandigarh,Online,Groceries,Green Tea Pack,3,633.65,0.1,1900.95,190.1,1710.85,465.81,1397.43,313.42,Cash on Delivery
101286,2024-01-19,CUST1640,Enterprise,North,Chandigarh,Distributor,Electronics,Webcam HD,2,1538.86,0.1,3077.72,307.77,2769.95,932.81,1865.62,904.33,Net Banking
105487,2024-09-29,CUST4546,Small Business,Central,Bhopal,Retail Store,Electronics,Laptop Stand,2,1724.41,0.2,3448.82,689.76,2759.06,1126.93,2253.86,505.2,Credit Card
101980,2024-10-15,CUST4988,Individual,South,Hyderabad,Online,Furniture,Desk Lamp,6,6067.33,0.0,36403.98,0.0,36403.98,3933.72,23602.32,12801.66,Credit Card
104547,2024-08-24,CUST4969,Individual, Central  ,,Online,Furniture,Bookshelf,6,10292.83,0.0,61756.98,0.0,61756.98,5851.21,35107.26,26649.72,
104178,04-18-2025,CUST1366,Individual,West,Mumbai,Online,Apparel,Running Shoes,1,1252.43,0.0,1252.43,0.0,1252.43,695.19,695.19,557.24,Net Banking
100269,2024-11-26,CUST2703,Individual,Central,Raipur,Online,Stationery,Notebook Set,4,402.78,0.2,1611.12,322.22,1288.9,262.22,1048.88,240.02,Debit Card
103264,2025-07-11,CUST3127,Individual,West,Mumbai,Online,Electronics,Bluetooth Speaker,6,1229.25,0.15,7375.5,1106.33,6269.17,845.18,5071.08,1198.09,Cash on Delivery
100018,2025-06-04,CUST3141,Individual,North,Lucknow,Online,ELECTRONICS,Bluetooth Speaker,2,5696.3,0.15,11392.6,1708.89,9683.71,3797.92,7595.84,2087.87,UPI
102622,2025-04-12,CUST2359,Individual,West,Ahmedabad,Retail Store,Groceries,Organic Coffee,3,722.4,0.0,2167.2,0.0,2167.2,475.05,1425.15,742.05,Cash on Delivery
101152,2024-07-27,CUST3338,Small Business,East,Patna,Online,Apparel,Rain Jacket,3,1682.06,0.0,5046.18,0.0,5046.18,1242.0,3726.0,1320.18,Cash on Delivery
100779,2025-12-20,CUST1950,Small Business,South,Chennai,Online,Stationery,Desk Organizer,3,438.29,0.0,1314.87,0.0,1314.87,275.89,827.67,487.2,Cash on Delivery
104649,08-10-2024,CUST2973,Individual,South,Bengaluru,Online,Furniture,Filing Cabinet,2,10211.47,0.0,20422.94,0.0,20422.94,7603.67,15207.34,5215.6,Credit Card
104460,2024-03-14,CUST1362,Small Business,West,Ahmedabad,Online,Stationery,Sticky Notes,3,577.07,0.2,1731.21,346.24,1384.97,375.66,1126.98,257.99,Credit Card
100253,2024-05-13,CUST4914,Individual,North,Chandigarh,Online,Groceries,Olive Oil,1,725.65,0.1,725.65,72.56,653.09,431.61,431.61,221.48,Credit Card
100644,2024-05-31,CUST3815,Individual,West,Mumbai,Online,Groceries,Organic Coffee,1,165.79,0.0,165.79,0.0,165.79,118.29,118.29,47.5,UPI
101505,2025-05-21,CUST1897,Individual,Central,Bhopal,Online,Stationery,Desk Organizer,4,245.74,0.2,982.96,196.59,786.37,159.54,638.16,148.21,UPI
103892,2024-12-13,CUST2102,Small Business,North,Delhi,Distributor,Groceries,Almond Butter,1,814.6,0.05,814.6,40.73,773.87,475.52,475.52,298.35,Net Banking
105824,2024-10-23,CUST3497,Individual,North,Lucknow,Distributor,Stationery,Sticky Notes,2,557.97,0.0,1115.94,0.0,1115.94,355.32,710.64,405.3,Credit Card
104190,2025-01-19,CUST1790,Small Business,East,Patna,Online,Electronics,USB-C Hub,4,3789.96,0.0,15159.84,0.0,15159.84,2695.0,10780.0,4379.84,UPI
102271,2025-04-07,CUST4323,Individual,East,Patna,Retail Store,Groceries,Olive Oil,4,485.53,0.15,1942.12,291.32,1650.8,324.02,1296.08,354.72,UPI
101203,30/11/2024,CUST2263,Individual,South,Bengaluru,Retail Store,Groceries,Almond Butter,6,553.14,0.05,3318.84,165.94,3152.9,390.8,2344.8,808.1,Net Banking
102161,2024-02-10,CUST2975,Individual,East,Kolkata,Online,Groceries,Green Tea Pack,1,426.07,0.15,426.07,63.91,362.16,281.89,281.89,80.27,Net Banking
105907,2025-05-11,CUST1022,Small Business,Central,Raipur,Online,Furniture,Bookshelf,1,3942.43,0.2,3942.43,788.49,3153.94,2663.01,2663.01,490.93,Cash on Delivery
105192,2024-01-28,CUST3583,Individual,South,Hyderabad,Online,Electronics,USB-C Hub,1,5287.27,0.05,5287.27,264.36,5022.91,3377.05,3377.05,1645.86,Cash on Delivery
101512,2025-08-13,CUST4684,Small Business,Central,Nagpur,Online,Electronics,Wireless Mouse,2,5155.67,0.05,10311.34,515.57,9795.77,2869.92,5739.84,4055.93,Cash on Delivery
103171,2024-08-27,CUST3617,Individual,West,Ahmedabad,Retail Store,Furniture,Desk Lamp,1,11507.75,0.2,11507.75,2301.55,9206.2,6403.53,6403.53,2802.67,Debit Card
102342,2025-04-06,CUST2217,Small Business,South,Bengaluru,Retail Store,Apparel,Cotton T-Shirt,2,2947.2,0.05,5894.4,294.72,5599.68,1835.51,3671.02,1928.66,Debit Card
104316,2024-09-01,CUST3830,Individual, Central  ,Bhopal,Retail Store,Furniture,Office Chair,4,5612.93,0.0,22451.72,0.0,22451.72,3423.49,13693.96,8757.76,UPI
104414,2024-12-02,CUST3342,Individual, Central  ,Bhopal,Online,Electronics,Webcam HD,4,3756.99,0.0,15027.96,0.0,15027.96,2379.45,9517.8,5510.16,Cash on Delivery
103237,2025-07-03,CUST1808,Individual, West  ,Mumbai,Retail Store,Electronics,USB-C Hub,3,4650.88,0.1,13952.64,1395.26,12557.38,3230.03,9690.09,2867.29,Cash on Delivery
105745,2024-05-25,CUST4419,Small Business,Central,Nagpur,Retail Store,Furniture,Filing Cabinet,6,4609.61,0.2,27657.66,5531.53,22126.13,3302.35,19814.1,2312.03,Net Banking
100903,2024-12-23,CUST2834,Individual,Central,Bhopal,Distributor,Furniture,Desk Lamp,8,9971.49,0.2,79771.92,15954.38,63817.54,6259.79,50078.32,13739.22,Cash on Delivery
102741,2024-07-07,CUST2759,Individual,West,Ahmedabad,Distributor,Stationery,Gel Pens Pack,2,157.73,0.05,315.46,15.77,299.69,115.64,231.28,68.41,UPI
105184,2025-02-09,CUST4851,Individual,North,Lucknow,Online,Furniture,Bookshelf,2,9634.19,0.2,19268.38,3853.68,15414.7,5737.92,11475.84,3938.86,Credit Card
105488,2024-07-13,CUST1024,Individual,North,Chandigarh,Online,Furniture,Filing Cabinet,1,5845.62,0.0,5845.62,0.0,5845.62,3476.73,3476.73,2368.89,Net Banking
104114,2025-04-22,CUST3168,Individual,East,Bhubaneswar,Retail Store,Stationery,Sticky Notes,2,662.36,0.05,1324.72,66.24,1258.48,449.5,899.0,359.48,Cash on Delivery
101390,03/11/2025,CUST1499,Enterprise,Central,Bhopal,Retail Store,Apparel,Rain Jacket,9,1227.88,0.15,11050.92,1657.64,9393.28,858.14,7723.26,1670.02,Cash on Delivery
101080,2025-07-19,CUST4903,Individual, West  ,Mumbai,Online,Electronics,Power Bank,2,5251.33,0.1,10502.66,1050.27,9452.39,3705.98,7411.96,2040.43,UPI
100848,2025-07-30,CUST2048,Individual,North,Chandigarh,Online,Groceries,Olive Oil,3,164.61,0.0,493.83,0.0,493.83,112.33,336.99,156.84,Cash on Delivery
105338,2024-02-22,CUST4651,Enterprise,South,Hyderabad,Online,Groceries,Green Tea Pack,1,152.88,0.0,152.88,0.0,152.88,107.16,107.16,45.72,Debit Card
103210,2025-02-12,CUST1154,Small Business,South,Bengaluru,Retail Store,Electronics,Laptop Stand,3,5384.04,0.2,16152.12,3230.42,12921.7,3884.27,11652.81,1268.89,Cash on Delivery
103099,2024-01-18,CUST1915,Individual,North,Lucknow,Online,Stationery,Sticky Notes,1,493.81,0.15,493.81,74.07,419.74,293.57,293.57,126.17,Credit Card
105269,2024-01-24,CUST1241,Small Business,West,Ahmedabad,Retail Store,Apparel,Cotton T-Shirt,2,1761.96,0.1,3523.92,352.39,3171.53,1175.9,2351.8,819.73,UPI
101606,2025-03-15,CUST1788,Small Business,East,Bhubaneswar,Online,Electronics,Power Bank,4,1661.88,0.2,6647.52,1329.5,5318.02,1240.49,4961.96,356.06,Debit Card
103354,2024-08-03,CUST1365,Individual,Central,Nagpur,Distributor,Furniture,Desk Lamp,6,2546.56,0.1,15279.36,1527.94,13751.42,1470.83,8824.98,4926.44,Cash on Delivery
104129,2024-09-23,CUST4033,Small Business,South,Chennai,Online,Groceries,Granola Bars,5,568.89,0.05,2844.45,142.22,2702.23,347.25,1736.25,965.98,Credit Card
104416,2024-10-01,CUST4313,Individual,North,Chandigarh,Online,Electronics,Laptop Stand,6,818.58,0.05,4911.48,245.57,4665.91,464.65,2787.9,1878.01,Credit Card
100443,2025-07-26,CUST4346,Individual,Central,Raipur,Retail Store,Stationery,Desk Organizer,2,295.89,0.15,591.78,88.77,503.01,184.2,368.4,134.61,Credit Card
105099,2024-09-23,CUST1249,Small Business,Central,Bhopal,Distributor,Electronics,Webcam HD,5,3123.02,0.0,15615.1,0.0,15615.1,1951.13,9755.65,5859.45,Net Banking
102672,2025-08-22,CUST3338,Individual,North,Lucknow,Retail Store,Furniture,Office Chair,3,6318.45,0.0,18955.35,0.0,18955.35,4099.83,12299.49,6655.86,Cash on Delivery
105009,2024-05-16,CUST1045,Individual,North,Chandigarh,Retail Store,Apparel,Rain Jacket,2,2972.55,0.2,5945.1,1189.02,4756.08,1880.77,3761.54,994.54,UPI
104430,2025-07-21,CUST2417,Small Business,North,Lucknow,Online,Apparel,Cotton T-Shirt,5,569.51,0.05,2847.55,142.38,2705.17,369.68,1848.4,856.77,Debit Card
105768,2025-12-31,CUST3669,Individual,North,Lucknow,Distributor,Stationery,Notebook Set,3,344.25,0.0,1032.75,0.0,1032.75,201.11,603.33,429.42,Credit Card
100908,2025-01-29,CUST1760,Small Business,Central,Bhopal,Retail Store,Furniture,Bookshelf,1,4317.77,0.0,4317.77,0.0,4317.77,2769.62,2769.62,1548.15,Cash on Delivery
105211,03-15-2025,CUST3233,Individual,North,Chandigarh,Distributor,Electronics,Bluetooth Speaker,2,2040.07,0.15,4080.14,612.02,3468.12,1296.84,2593.68,874.44,Debit Card
100235,2024-09-15,CUST3713,,East,,Distributor,Stationery,Sticky Notes,1,442.38,,442.38,0.0,442.38,288.57,288.57,153.81,
105223,2024-04-02,CUST1398,Individual,South,Hyderabad,Retail Store,Electronics,Power Bank,4,4761.68,0.0,19046.72,0.0,19046.72,3018.87,12075.48,6971.24,Credit Card
102229,2024-09-27,CUST1742,Individual,Central,Raipur,Online,Furniture,Bookshelf,4,10551.71,0.0,42206.84,0.0,42206.84,7843.87,31375.48,10831.36,Debit Card
104018,2024-08-24,CUST1903,Individual,South,Chennai,Retail Store,Electronics,USB-C Hub,1,5501.78,0.05,5501.78,275.09,5226.69,3348.08,3348.08,1878.61,Debit Card
102327,2025-07-30,CUST2353,Small Business,East,Kolkata,Online,Electronics,Laptop Stand,1,1900.75,0.0,1900.75,0.0,1900.75,1071.53,1071.53,829.22,UPI
103330,2024-11-30,CUST3752,Individual,South,Bengaluru,Online,Electronics,Webcam HD,4,2433.18,0.05,9732.72,486.64,9246.08,1694.4,6777.6,2468.48,Credit Card
102474,2025-04-12,CUST2403,Individual,West,,Retail Store,Groceries,Almond Butter,1,898.26,0.05,898.26,44.91,853.35,561.63,561.63,291.72,Credit Card
105255,2025-02-17,CUST3851,Enterprise,South,Bengaluru,Online,Groceries,Olive Oil,2,279.45,0.0,558.9,0.0,558.9,201.11,402.22,156.68,Debit Card
105603,2024-03-20,CUST4325,Small Business,West,Ahmedabad,Distributor,Furniture,Filing Cabinet,3,11552.7,0.1,34658.1,3465.81,31192.29,6728.06,20184.18,11008.11,Credit Card
105425,2024-01-13,CUST1100,Individual,East,Bhubaneswar,Distributor,Groceries,Granola Bars,2,778.83,0.0,1557.66,0.0,1557.66,571.78,1143.56,414.1,Debit Card
103889,2025-03-01,CUST1279,Small Business,Central,Bhopal,Online,Stationery,Sticky Notes,2,141.79,0.0,283.58,0.0,283.58,101.04,202.08,81.5,Credit Card
103808,2025-10-03,CUST2727,Individual,North,Delhi,Online,Furniture,Office Chair,3,2113.31,0.0,6339.93,0.0,6339.93,1468.93,4406.79,1933.14,Debit Card
105032,2024-12-12,CUST4490,Individual,Central,Raipur,Online,Stationery,Desk Organizer,4,542.94,0.1,2171.76,217.18,1954.58,342.49,1369.96,584.62,Net Banking
104061,2025-07-08,CUST4047,Individual,North,Lucknow,Retail Store,Groceries,Almond Butter,2,777.79,0.0,1555.58,0.0,1555.58,463.55,927.1,628.48,Debit Card
102062,2025-03-03,CUST3011,Individual,Central,Bhopal,Distributor,Electronics,Wireless Mouse,4,3209.17,0.1,12836.68,1283.67,11553.01,2124.25,8497.0,3056.01,Debit Card
104456,2025-06-06,CUST4569,Individual,North,Delhi,Retail Store,Groceries,Organic Coffee,5,828.23,0.15,4141.15,621.17,3519.98,585.67,2928.35,591.63,Cash on Delivery
100058,2024-04-30,CUST1559,Small Business,East,Bhubaneswar,Retail Store,FURNITURE,Filing Cabinet,6,5168.5,0.1,31011.0,3101.1,27909.9,3614.12,21684.72,6225.18,Cash on Delivery
102193,2024-05-18,CUST2838,Individual,East,Kolkata,Retail Store,Electronics,Webcam HD,3,4316.36,0.05,12949.08,647.45,12301.63,2507.37,7522.11,4779.52,UPI
101473,2024-07-03,CUST4618,Individual,Central,Bhopal,Online,Groceries,Granola Bars,1,466.73,0.0,466.73,0.0,466.73,298.76,298.76,167.97,Net Banking
104670,2025-01-29,CUST2532,Individual,Central,Raipur,Online,Furniture,Standing Desk,1,14989.87,0.05,14989.87,749.49,14240.38,9774.08,9774.08,4466.3,Cash on Delivery
103342,2025-02-22,CUST1885,Individual,Central,Nagpur,Retail Store,Electronics,Bluetooth Speaker,5,3518.82,0.05,17594.1,879.7,16714.4,2277.52,11387.6,5326.8,UPI
104385,2025-03-11,CUST1827,Individual,South,Chennai,Retail Store,Groceries,Organic Coffee,2,411.12,0.0,822.24,0.0,822.24,252.52,505.04,317.2,Debit Card
105127,2024-11-12,CUST1216,Individual,West,Pune,Retail Store,Stationery,Sticky Notes,4,148.29,0.05,593.16,29.66,563.5,104.3,417.2,146.3,Cash on Delivery
102787,2025-04-16,CUST1736,Individual,North,Delhi,Online,Electronics,USB-C Hub,3,4483.64,0.05,13450.92,672.55,12778.37,3239.8,9719.4,3058.97,UPI
101475,2024-10-13,CUST1133,Individual,South,Bengaluru,Distributor,Groceries,Granola Bars,2,836.91,0.0,1673.82,0.0,1673.82,620.64,1241.28,432.54,Cash on Delivery
101569,2024-02-01,CUST1111,Small Business,East,Patna,Distributor,Groceries,Organic Coffee,3,414.99,0.0,1244.97,0.0,1244.97,270.07,810.21,434.76,UPI
100466,2025-03-22,CUST1226,Individual,South,Bengaluru,Online,Groceries,Organic Coffee,3,789.39,0.05,2368.17,118.41,2249.76,557.66,1672.98,576.78,Credit Card
101590,2025-05-18,CUST2588,Individual,Central,Raipur,Online,Electronics,Webcam HD,4,3534.47,0.2,14137.88,2827.58,11310.3,2149.04,8596.16,2714.14,UPI
101009,2025-02-17,CUST1149,Small Business,Central,Nagpur,Retail Store,STATIONERY,Whiteboard,2,391.95,0.05,783.9,39.2,744.7,225.47,450.94,293.76,Debit Card
103784,2025-09-23,CUST4827,Individual,Central,Bhopal,Retail Store,Apparel,Cotton T-Shirt,6,1441.89,0.15,8651.34,1297.7,7353.64,855.31,5131.86,2221.78,Credit Card
101580,2025-12-07,CUST4106,Individual,North,Delhi,Retail Store,Stationery,Desk Organizer,9,212.34,0.0,1911.06,0.0,1911.06,124.61,1121.49,789.57,UPI
101305,2025-06-19,CUST4928,Individual,North,Delhi,Online,Groceries,Green Tea Pack,2,478.39,0.2,956.78,191.36,765.42,265.82,531.64,233.78,Cash on Delivery
105328,2025-10-07,CUST4020,Individual,North,Lucknow,Distributor,Groceries,Green Tea Pack,3,376.2,0.1,1128.6,112.86,1015.74,256.42,769.26,246.48,UPI
105326,2025-08-07,CUST1265,Small Business,East,Kolkata,Online,Groceries,Green Tea Pack,4,395.52,0.0,1582.08,0.0,1582.08,281.04,1124.16,457.92,Net Banking
100347,2025-11-06,CUST1814,Individual,North,Chandigarh,Distributor,Apparel,Cotton T-Shirt,4,658.97,0.1,2635.88,263.59,2372.29,374.03,1496.12,876.17,Cash on Delivery
100503,2024-12-31,CUST4154,Individual,Central,Bhopal,Retail Store,Furniture,Standing Desk,8,3568.94,0.0,28551.52,0.0,28551.52,2512.09,20096.72,8454.8,Net Banking
101233,2025-09-08,CUST4862,Individual,North,Lucknow,Retail Store,Furniture,Office Chair,3,11266.01,0.0,33798.03,0.0,33798.03,6513.81,19541.43,14256.6,Debit Card
101644,04-15-2024,CUST1555,Individual,East,Patna,Retail Store,Apparel,Cotton T-Shirt,1,1503.48,0.1,1503.48,150.35,1353.13,869.21,869.21,483.92,Debit Card
100834,2024-04-09,CUST4118,Small Business,West,Ahmedabad,Online,Apparel,Cotton T-Shirt,4,1259.72,0.0,5038.88,0.0,5038.88,842.61,3370.44,1668.44,UPI
103693,2025-05-15,CUST4113,Individual,Central,Nagpur,Online,Electronics,Wireless Mouse,5,1080.51,0.05,5402.55,270.13,5132.42,646.56,3232.8,1899.62,Net Banking
102141,2024-09-03,CUST2373,Small Business,East,Bhubaneswar,Online,Apparel,Rain Jacket,2,849.07,0.15,1698.14,254.72,1443.42,579.2,1158.4,285.02,Cash on Delivery
103668,2025-08-09,CUST1483,Small Business,Central,Raipur,Retail Store,Stationery,Notebook Set,4,368.53,0.1,1474.12,147.41,1326.71,245.02,980.08,346.63,Debit Card
101363,2024-11-30,CUST2034,Individual,North,Delhi,Online,Furniture,Office Chair,8,9187.4,0.0,73499.2,0.0,73499.2,6035.46,48283.68,25215.52,Cash on Delivery
101165,2025-11-13,CUST3251,Individual,East,Kolkata,Retail Store,Stationery,Desk Organizer,6,250.79,0.05,1504.74,75.24,1429.5,184.84,1109.04,320.46,Debit Card
101765,30-Jan-2024,CUST4929,Individual,South,Chennai,Retail Store,Electronics,Laptop Stand,4,999.95,0.0,3999.8,0.0,3999.8,681.55,2726.2,1273.6,Net Banking
105113,2025-07-29,CUST3198,Individual,North,Lucknow,Distributor,Furniture,Desk Lamp,2,4057.44,0.0,8114.88,0.0,8114.88,2624.64,5249.28,2865.6,UPI
101426,2024-12-10,CUST2020,Individual, North  ,Lucknow,Online,Apparel,Rain Jacket,4,1951.49,0.0,7805.96,0.0,7805.96,1340.4,5361.6,2444.36,Net Banking
100543,2025-08-20,CUST4517,Individual,South,Chennai,Online,Stationery,Gel Pens Pack,5,227.18,0.2,1135.9,227.18,908.72,162.9,814.5,94.22,Net Banking
101492,2024-08-28,CUST4618,Individual,Central,Raipur,Online,Furniture,Desk Lamp,3,2743.08,0.05,8229.24,411.46,7817.78,1659.53,4978.59,2839.19,Credit Card
105027,2025-02-03,CUST3874,Individual,North,Lucknow,Online,Stationery,Sticky Notes,2,327.25,0.1,654.5,65.45,589.05,189.72,379.44,209.61,Credit Card
101667,2024-04-12,CUST3792,Individual, West  ,Mumbai,Online,Furniture,Desk Lamp,2,3123.34,0.15,6246.68,937.0,5309.68,1778.91,3557.82,1751.86,Cash on Delivery
101946,2024-04-15,CUST2911,Individual,East,Patna,Retail Store,Apparel,Rain Jacket,1,1553.44,0.0,1553.44,0.0,1553.44,1135.27,1135.27,418.17,Credit Card
103475,2024-11-18,CUST3628,Individual,West,Mumbai,Online,Furniture,Filing Cabinet,3,14283.0,0.0,42849.0,0.0,42849.0,9809.76,29429.28,13419.72,Debit Card
104575,2024-10-28,CUST1316,Individual,South,Bengaluru,Online,Groceries,Granola Bars,3,797.56,0.15,2392.68,358.9,2033.78,546.17,1638.51,395.27,UPI
100566,2025-10-05,CUST2335,Enterprise,North,Lucknow,Retail Store,Stationery,Sticky Notes,2,548.35,0.1,1096.7,109.67,987.03,385.66,771.32,215.71,UPI
100264,2024-12-26,CUST1595,Small Business,Central,Raipur,Distributor,Stationery,Whiteboard,12,87.92,0.0,1055.04,0.0,1055.04,48.8,585.6,469.44,Cash on Delivery
103723,2025-07-12,CUST4113,Enterprise,East,Patna,Retail Store,Groceries,Green Tea Pack,1,171.49,0.2,171.49,34.3,137.19,113.79,113.79,23.4,Debit Card
101325,2024-06-12,CUST1940,Small Business,South,Hyderabad,Distributor,Furniture,Standing Desk,5,2211.14,0.0,11055.7,0.0,11055.7,1604.32,8021.6,3034.1,Debit Card
100382,2025-03-31,CUST3605,Small Business,West,Mumbai,Retail Store,Furniture,Bookshelf,2,8425.84,0.1,16851.68,1685.17,15166.51,6156.35,12312.7,2853.81,Debit Card
104717,2025-09-17,CUST4290,Individual,South,Bengaluru,Distributor,Stationery,Desk Organizer,4,477.38,0.1,1909.52,190.95,1718.57,351.78,1407.12,311.45,Credit Card
100614,2024-05-26,CUST2776,Small Business,North,Lucknow,Retail Store,Stationery,Gel Pens Pack,3,589.37,0.0,1768.11,0.0,1768.11,441.14,1323.42,444.69,UPI
105062,2024-09-02,CUST1910,Individual,West,Pune,Distributor,Apparel,Rain Jacket,1,1033.39,0.0,1033.39,0.0,1033.39,588.84,588.84,444.55,Debit Card
100216,2024-06-28,CUST4312,Enterprise,East,Kolkata,Online,Groceries,Almond Butter,3,873.89,0.1,2621.67,262.17,2359.5,536.26,1608.78,750.72,Credit Card
101978,2024-04-15,CUST3727,Individual,North,Delhi,Distributor,Furniture,Bookshelf,2,2751.45,0.15,5502.9,825.43,4677.47,1909.46,3818.92,858.55,Net Banking
101103,2025-08-06,CUST1094,Individual,South,Bengaluru,Online,Stationery,Gel Pens Pack,7,661.27,0.05,4628.89,231.44,4397.45,445.99,3121.93,1275.52,UPI
101979,2025-07-31,CUST4250,Small Business,South,Hyderabad,Retail Store,Stationery,Desk Organizer,6,322.87,0.0,1937.22,0.0,1937.22,190.64,1143.84,793.38,Cash on Delivery
104225,2025-03-31,CUST1753,Enterprise,South,Bengaluru,Online,Stationery,Desk Organizer,5,435.75,0.2,2178.75,435.75,1743.0,300.59,1502.95,240.05,Credit Card
102866,2025-01-22,CUST1543,Small Business,West,Mumbai,Distributor,Electronics,Laptop Stand,1,5835.02,0.2,5835.02,1167.0,4668.02,4360.95,4360.95,307.07,Cash on Delivery
101113,2024-01-20,CUST2627,Enterprise,West,Ahmedabad,Retail Store,Stationery,Notebook Set,3,121.41,0.2,364.23,72.85,291.38,73.17,219.51,71.87,Cash on Delivery
104979,2024-10-13,CUST2367,Individual,West,Ahmedabad,Online,Apparel,Running Shoes,1,2038.86,0.05,2038.86,101.94,1936.92,1430.74,1430.74,506.18,UPI
104725,2024-08-12,CUST2123,Small Business,East,Kolkata,Retail Store,Apparel,Running Shoes,5,1698.34,0.2,8491.7,1698.34,6793.36,972.06,4860.3,1933.06,UPI
104832,2025-07-28,CUST1065,Individual,South,Chennai,Online,Stationery,Whiteboard,3,359.28,0.15,1077.84,161.68,916.16,250.99,752.97,163.19,Cash on Delivery
104711,2024-07-24,CUST4766,Individual,North,Lucknow,Online,Groceries,Olive Oil,3,812.52,0.15,2437.56,365.63,2071.93,501.93,1505.79,566.14,Debit Card
101694,2025-01-02,CUST1496,Individual,South,Chennai,Online,Furniture,Desk Lamp,3,2064.41,0.0,6193.23,0.0,6193.23,1536.41,4609.23,1584.0,UPI
101618,2025-05-13,CUST3636,Individual,North,Delhi,Retail Store,Groceries,Green Tea Pack,5,725.72,0.0,3628.6,0.0,3628.6,451.03,2255.15,1373.45,UPI
105624,2024-03-26,CUST4472,Individual,East,Kolkata,Online,Furniture,Standing Desk,7,11160.6,0.05,78124.2,3906.21,74217.99,6542.27,45795.89,28422.1,UPI
103878,2025-02-14,CUST1349,Individual,South,Hyderabad,Online,Furniture,Desk Lamp,1,11990.84,0.1,11990.84,1199.08,10791.76,8777.18,8777.18,2014.58,Cash on Delivery
100033,2024-11-20,CUST3135,Individual,Central,Nagpur,Retail Store,Groceries,Granola Bars,11,713.83,0.0,7852.13,0.0,7852.13,501.94,5521.34,2330.79,Debit Card
103174,2024-12-24,CUST2876,Enterprise,North,Chandigarh,Online,Furniture,Desk Lamp,1,6719.75,0.15,6719.75,1007.96,5711.79,4822.6,4822.6,889.19,Net Banking
100115,2024-05-22,CUST3153,Individual,North,Chandigarh,Retail Store,Furniture,Filing Cabinet,2,3687.03,0.15,7374.06,1106.11,6267.95,2557.97,5115.94,1152.01,Net Banking
104199,2024-01-17,CUST4866,Small Business,North,Lucknow,Distributor,Stationery,Notebook Set,1,240.37,0.1,240.37,24.04,216.33,160.69,160.69,55.64,Cash on Delivery
104195,2025-11-03,CUST4834,Small Business,East,Kolkata,Retail Store,Furniture,Desk Lamp,6,6777.76,0.2,40666.56,8133.31,32533.25,4042.49,24254.94,8278.31,UPI
102289,2025-11-22,CUST3392,Small Business,Central,Nagpur,Online,Electronics,Bluetooth Speaker,1,5944.67,0.2,5944.67,1188.93,4755.74,3661.56,3661.56,1094.18,Net Banking
100821,2024-04-09,CUST4808,Small Business,North,Lucknow,Online,FURNITURE,Standing Desk,3,9921.11,0.1,29763.33,2976.33,26787.0,6228.55,18685.65,8101.35,Credit Card
102250,2025-09-26,CUST2786,Small Business,North,Chandigarh,Retail Store,Groceries,Almond Butter,2,190.03,0.0,380.06,0.0,380.06,128.4,256.8,123.26,Credit Card
104627,2025-04-28,CUST3399,Small Business,West,Ahmedabad,Online,Apparel,Wool Sweater,2,2391.47,0.0,4782.94,0.0,4782.94,1350.36,2700.72,2082.22,Credit Card
100587,01/04/2024,CUST4169,Small Business,Central,Nagpur,Retail Store,Electronics,Power Bank,6,5636.09,0.0,33816.54,0.0,33816.54,3209.04,19254.24,14562.3,Net Banking
101348,2025-12-17,CUST1454,Individual,West,Ahmedabad,Online,Electronics,Wireless Mouse,3,3889.12,0.1,11667.36,1166.74,10500.62,2682.18,8046.54,2454.08,Cash on Delivery
101099,2024-11-01,CUST3842,Individual,Central,Raipur,Distributor,Furniture,Filing Cabinet,3,10386.76,0.0,31160.28,0.0,31160.28,6650.71,19952.13,11208.15,UPI
101364,2025-01-02,CUST3534,Individual,South,Bengaluru,Retail Store,Stationery,Notebook Set,1,493.39,0.1,493.39,49.34,444.05,325.74,325.74,118.31,Debit Card
100394,2025-11-07,CUST4081,Individual,South,Hyderabad,Retail Store,Groceries,Green Tea Pack,4,498.01,0.05,1992.04,99.6,1892.44,348.22,1392.88,499.56,Net Banking
101516,2025-12-11,CUST3844,Small Business,West,Pune,Online,Stationery,Desk Organizer,6,434.02,0.0,2604.12,0.0,2604.12,310.62,1863.72,740.4,Net Banking
104176,2025-09-13,CUST4288,Individual,Central,Bhopal,Online,Furniture,Bookshelf,2,6820.86,0.1,13641.72,1364.17,12277.55,5111.99,10223.98,2053.57,Net Banking
105391,2025-07-28,CUST1690,Small Business,South,Chennai,Online,Apparel,Rain Jacket,1,418.67,0.05,418.67,20.93,397.74,310.23,310.23,87.51,Debit Card
103019,2025-05-03,CUST3287,Small Business,West,Ahmedabad,Retail Store,Furniture,Desk Lamp,3,8175.83,0.2,24527.49,4905.5,19621.99,5634.11,16902.33,2719.66,UPI
102446,2024-11-24,CUST4051,Individual,North,Chandigarh,Online,Apparel,Rain Jacket,4,1282.92,0.2,5131.68,1026.34,4105.34,903.66,3614.64,490.7,Credit Card
101852,2024-07-29,CUST4547,Individual,South,Chennai,Online,Electronics,Webcam HD,5,5435.95,0.0,27179.75,0.0,27179.75,3880.32,19401.6,7778.15,Debit Card
101523,2025-12-11,CUST3642,Small Business,Central,Bhopal,Online,Electronics,Laptop Stand,1,829.02,0.0,829.02,0.0,829.02,512.95,512.95,316.07,Debit Card
102329,2024-12-26,CUST1067,Individual, Central  ,Nagpur,Online,Groceries,Green Tea Pack,3,882.36,0.1,2647.08,264.71,2382.37,540.96,1622.88,759.49,Debit Card
100218,2025-04-02,CUST2551,Individual,South,Bengaluru,Retail Store,Electronics,USB-C Hub,3,1361.78,0.05,4085.34,204.27,3881.07,883.27,2649.81,1231.26,Net Banking
104384,2025-09-16,CUST4120,Individual,East,Bhubaneswar,Retail Store,Groceries,Green Tea Pack,5,665.75,0.15,3328.75,499.31,2829.44,378.76,1893.8,935.64,UPI
101710,2024-01-23,CUST4225,Small Business,Central,Bhopal,Online,Stationery,Whiteboard,1,487.18,0.0,487.18,0.0,487.18,286.08,286.08,201.1,Net Banking
100984,2025-07-27,CUST4323,Individual,South,Bengaluru,Online,Electronics,Bluetooth Speaker,5,1111.97,0.0,5559.85,0.0,5559.85,679.05,3395.25,2164.6,Cash on Delivery
100190,2025-07-30,CUST1504,Small Business,South,Chennai,Online,Electronics,Webcam HD,1,1587.15,0.0,1587.15,0.0,1587.15,917.38,917.38,669.77,UPI
104746,2024-10-12,CUST3769,Individual,Central,Raipur,Distributor,Groceries,Organic Coffee,6,324.66,0.0,1947.96,0.0,1947.96,187.2,1123.2,824.76,Cash on Delivery
105048,2024-09-15,CUST3302,Small Business,South,Bengaluru,Retail Store,Stationery,Sticky Notes,1,567.7,0.0,567.7,0.0,567.7,333.61,333.61,234.09,Credit Card
101622,2025-10-04,CUST2750,Enterprise,West,,Online,Apparel,Running Shoes,6,2778.95,0.05,16673.7,833.69,15840.01,1931.72,11590.32,4249.69,
100554,2024-07-02,CUST1156,Individual,East,Bhubaneswar,Online,Groceries,Green Tea Pack,8,357.32,0.0,2858.56,0.0,2858.56,201.62,1612.96,1245.6,Credit Card
105171,2024-08-23,CUST2210,Individual, West  ,Ahmedabad,Retail Store,Electronics,Wireless Mouse,4,3095.59,0.05,12382.36,619.12,11763.24,1750.55,7002.2,4761.04,Debit Card
105967,2024-07-13,CUST4787,Individual,Central,Nagpur,Online,STATIONERY,Gel Pens Pack,3,391.74,0.1,1175.22,117.52,1057.7,286.54,859.62,198.08,Net Banking
104604,2024-10-14,CUST3451,Individual,South,Bengaluru,Distributor,Furniture,Filing Cabinet,4,3317.82,0.05,13271.28,663.56,12607.72,2247.51,8990.04,3617.68,Debit Card
101381,2025-02-09,CUST1151,Small Business,Central,Raipur,Online,Furniture,Desk Lamp,2,14631.69,0.2,29263.38,5852.68,23410.7,8132.27,16264.54,7146.16,Cash on Delivery
105659,2025-01-16,CUST3319,Enterprise,South,Hyderabad,Online,Stationery,Notebook Set,3,125.1,0.0,375.3,0.0,375.3,79.56,238.68,136.62,UPI
101254,2024-04-06,CUST1136,Individual,Central,Raipur,Distributor,FURNITURE,Bookshelf,3,5167.2,0.0,15501.6,0.0,15501.6,3242.85,9728.55,5773.05,Debit Card
103740,2025-08-19,CUST4385,Individual,Central,Raipur,Online,Electronics,Power Bank,1,4243.62,0.1,4243.62,424.36,3819.26,2400.82,2400.82,1418.44,UPI
105764,2025-12-06,CUST1521,Individual,South,Bengaluru,Retail Store,Stationery,Notebook Set,1,264.25,0.0,264.25,0.0,264.25,151.83,151.83,112.42,Debit Card
104113,2025-07-13,CUST2531,Small Business,South,Hyderabad,Online,Stationery,Sticky Notes,5,403.96,0.0,2019.8,0.0,2019.8,288.85,1444.25,575.55,Net Banking
105919,2025-05-28,CUST2658,Individual,North,Lucknow,Online,Electronics,Wireless Mouse,2,4862.14,0.15,9724.28,1458.64,8265.64,2749.41,5498.82,2766.82,Credit Card
102788,2024-04-13,CUST2177,Individual,North,Lucknow,Online,Apparel,Denim Jacket,1,691.03,0.1,691.03,69.1,621.93,478.04,478.04,143.89,Credit Card
103278,2025-06-12,CUST1473,Individual,North,Chandigarh,Online,Electronics,Bluetooth Speaker,5,2738.96,0.0,13694.8,0.0,13694.8,1515.01,7575.05,6119.75,Cash on Delivery
104208,2025-11-05,CUST3946,Small Business,East,Patna,Online,Apparel,Wool Sweater,1,615.99,0.0,615.99,0.0,615.99,441.97,441.97,174.02,Cash on Delivery
100405,2025-10-09,CUST1067,Individual,South,Bengaluru,Online,Groceries,Green Tea Pack,6,524.76,0.2,3148.56,629.71,2518.85,335.77,2014.62,504.23,Debit Card
101784,2024-05-15,CUST3693,Individual,North,Delhi,Distributor,Groceries,Green Tea Pack,7,382.88,0.0,2680.16,0.0,2680.16,228.58,1600.06,1080.1,Net Banking
100667,2025-11-27,CUST1233,Individual,East,Bhubaneswar,Retail Store,Furniture,Filing Cabinet,8,8577.25,0.1,68618.0,6861.8,61756.2,6394.22,51153.76,10602.44,Net Banking
103439,2024-11-12,CUST3103,Small Business,North,Delhi,Online,Groceries,Organic Coffee,8,188.65,0.05,1509.2,75.46,1433.74,105.83,846.64,587.1,Cash on Delivery
102680,2025-10-06,CUST4410,Individual,North,Chandigarh,Online,Furniture,Desk Lamp,7,5434.61,0.1,38042.27,3804.23,34238.04,3818.3,26728.1,7509.94,Debit Card
101414,2024-09-19,CUST2627,Small Business,West,Mumbai,Distributor,Apparel,Denim Jacket,4,2444.95,0.0,9779.8,0.0,9779.8,1390.12,5560.48,4219.32,UPI
103601,2024-12-04,CUST4038,Small Business,Central,Nagpur,Retail Store,Stationery,Whiteboard,1,431.77,0.2,431.77,86.35,345.42,266.27,266.27,79.15,Net Banking
100529,2025-03-18,CUST3455,Small Business,Central,Nagpur,Distributor,Furniture,Desk Lamp,5,11200.8,0.0,56004.0,0.0,56004.0,7190.46,35952.3,20051.7,Net Banking
101387,2025-03-11,CUST4175,Individual,Central,Nagpur,Distributor,Groceries,Green Tea Pack,1,527.08,0.2,527.08,105.42,421.66,346.44,346.44,75.22,Credit Card
105205,2025-09-12,CUST2989,Individual,North,Lucknow,Online,Apparel,Running Shoes,3,1603.2,0.1,4809.6,480.96,4328.64,925.7,2777.1,1551.54,Credit Card
104056,2024-04-09,CUST3094,Individual,East,Patna,Retail Store,Groceries,Olive Oil,4,771.4,0.0,3085.6,0.0,3085.6,487.16,1948.64,1136.96,Debit Card
102061,2025-12-03,CUST1709,Enterprise,North,Lucknow,Retail Store,Furniture,Desk Lamp,8,9922.2,0.05,79377.6,3968.88,75408.72,5625.97,45007.76,30400.96,Debit Card
100486,2024-01-05,CUST4805,Small Business,South,Chennai,Distributor,Stationery,Desk Organizer,3,502.0,0.05,1506.0,75.3,1430.7,313.61,940.83,489.87,UPI
105844,2024-07-20,CUST3490,Individual,Central,Raipur,Online,Electronics,Laptop Stand,3,3351.75,0.1,10055.25,1005.53,9049.72,2231.91,6695.73,2353.99,UPI
103340,2024-11-30,CUST2550,Small Business,West,Mumbai,Online,Electronics,USB-C Hub,1,3615.81,0.05,3615.81,180.79,3435.02,2079.6,2079.6,1355.42,Net Banking
104549,2025-03-29,CUST2619,Individual,West,Mumbai,Retail Store,Electronics,USB-C Hub,3,4034.81,0.0,12104.43,0.0,12104.43,2406.61,7219.83,4884.6,Cash on Delivery
105422,2024-05-22,CUST2914,Small Business,Central,Nagpur,Retail Store,Groceries,Granola Bars,4,470.42,0.2,1881.68,376.34,1505.34,259.69,1038.76,466.58,Debit Card
103364,2025-09-22,CUST3836,Small Business,South,Hyderabad,Online,Stationery,Gel Pens Pack,3,688.84,0.15,2066.52,309.98,1756.54,509.85,1529.55,226.99,Net Banking
104265,2024-07-22,CUST3796,Individual,West,Ahmedabad,Online,Apparel,Rain Jacket,2,2317.87,0.1,4635.74,463.57,4172.17,1390.78,2781.56,1390.61,Net Banking
102782,2025-04-03,CUST3173,Individual,Central,Nagpur,Online,Apparel,Cotton T-Shirt,6,484.52,0.0,2907.12,0.0,2907.12,315.15,1890.9,1016.22,Credit Card
103091,2025-04-24,CUST4497,Individual,East,Patna,Online,Apparel,Running Shoes,3,2866.04,0.0,8598.12,0.0,8598.12,1635.99,4907.97,3690.15,Debit Card
102918,2024-09-02,CUST3830,Enterprise,Central,Raipur,Online,Stationery,Sticky Notes,4,464.01,0.15,1856.04,278.41,1577.63,299.06,1196.24,381.39,Net Banking
105070,2025-03-04,CUST1122,Individual,South,Hyderabad,Retail Store,Groceries,Granola Bars,5,596.14,0.2,2980.7,596.14,2384.56,386.51,1932.55,452.01,UPI
102688,2025-05-09,CUST1365,,East,,Retail Store,Furniture,Desk Lamp,5,2795.46,,13977.3,2795.46,11181.84,1558.15,7790.75,3391.09,
105333,2025-04-28,CUST4903,Individual,Central,Bhopal,Retail Store,Stationery,Desk Organizer,3,324.46,0.15,973.38,146.01,827.37,234.63,703.89,123.48,Debit Card
105237,2024-04-13,CUST2649,Individual,West,Mumbai,Online,Groceries,Green Tea Pack,1,234.98,0.15,234.98,35.25,199.73,154.68,154.68,45.05,Debit Card
101598,2025-09-29,CUST3493,Individual,South,Bengaluru,Online,Apparel,Running Shoes,3,2301.44,0.0,6904.32,0.0,6904.32,1279.78,3839.34,3064.98,Cash on Delivery
100599,2025-01-24,CUST3419,Small Business,East,Kolkata,Retail Store,Stationery,Notebook Set,1,573.87,0.1,573.87,57.39,516.48,391.81,391.81,124.67,UPI
100159,2024-08-04,CUST4361,Small Business,East,Kolkata,Distributor,Stationery,Whiteboard,2,676.11,0.1,1352.22,135.22,1217.0,391.36,782.72,434.28,Net Banking
104269,2025-10-01,CUST4996,Individual,East,Kolkata,Online,Groceries,Organic Coffee,2,557.22,0.0,1114.44,0.0,1114.44,362.14,724.28,390.16,Cash on Delivery
101468,2025-09-10,CUST4022,Enterprise,South,Hyderabad,Online,Furniture,Filing Cabinet,3,13098.81,0.0,39296.43,0.0,39296.43,8990.53,26971.59,12324.84,Credit Card
105698,2025-03-03,CUST2608,Individual,South,Chennai,Online,Groceries,Granola Bars,1,818.11,0.0,818.11,0.0,818.11,544.05,544.05,274.06,Cash on Delivery
103665,2024-03-17,CUST1665,Individual,East,Patna,Online,Apparel,Cotton T-Shirt,5,1330.06,0.0,6650.3,0.0,6650.3,840.74,4203.7,2446.6,Cash on Delivery
103325,2025-01-08,CUST2454,Individual,South,Chennai,Retail Store,Electronics,Laptop Stand,2,5509.73,0.15,11019.46,1652.92,9366.54,3993.46,7986.92,1379.62,Debit Card
103508,2024-08-20,CUST4808,Small Business,South,Hyderabad,Distributor,Electronics,USB-C Hub,2,2381.68,0.0,4763.36,0.0,4763.36,1426.64,2853.28,1910.08,UPI
104167,2024-08-16,CUST1432,Individual,West,Ahmedabad,Online,Furniture,Filing Cabinet,1,13693.71,0.0,13693.71,0.0,13693.71,10269.56,10269.56,3424.15,UPI
104622,2025-08-14,CUST1132,Small Business,South,Chennai,Online,Furniture,Filing Cabinet,6,12560.89,0.2,75365.34,15073.07,60292.27,7255.84,43535.04,16757.23,UPI
104284,2025-02-15,CUST3492,Individual,South,Hyderabad,Online,Groceries,Green Tea Pack,3,304.58,0.0,913.74,0.0,913.74,194.35,583.05,330.69,UPI
101124,2025-04-12,CUST1154,Individual,Central,Raipur,Online,Stationery,Notebook Set,2,670.91,0.0,1341.82,0.0,1341.82,488.71,977.42,364.4,Net Banking
105414,2024-02-09,CUST3898,Small Business,Central,Bhopal,Online,Electronics,Laptop Stand,2,928.9,0.15,1857.8,278.67,1579.13,600.73,1201.46,377.67,UPI
100227,2024-03-09,CUST1607,Individual,Central,Nagpur,Retail Store,Electronics,Laptop Stand,2,5569.24,0.0,11138.48,0.0,11138.48,3524.71,7049.42,4089.06,Net Banking
104339,2025-06-06,CUST3127,Small Business,Central,Nagpur,Retail Store,Furniture,Desk Lamp,7,5457.57,0.2,38202.99,7640.6,30562.39,4088.09,28616.63,1945.76,Debit Card
101029,2025-10-21,CUST1764,Small Business,East,Bhubaneswar,Online,Stationery,Desk Organizer,2,601.5,0.2,1203.0,240.6,962.4,361.16,722.32,240.08,Cash on Delivery
105418,2024-02-28,CUST2925,Individual,North,Chandigarh,Distributor,Groceries,Olive Oil,5,616.49,0.05,3082.45,154.12,2928.33,438.46,2192.3,736.03,Debit Card
100556,2025-07-10,CUST1932,Enterprise,East,Patna,Retail Store,Apparel,Cotton T-Shirt,5,430.92,0.0,2154.6,0.0,2154.6,311.6,1558.0,596.6,Cash on Delivery
103757,2024-06-01,CUST1562,Individual,East,Bhubaneswar,Online,Furniture,Standing Desk,7,6853.44,0.2,47974.08,9594.82,38379.26,4400.47,30803.29,7575.97,UPI
103507,2024-03-12,CUST3954,Individual,West,Pune,Online,Furniture,Desk Lamp,2,13146.08,0.0,26292.16,0.0,26292.16,9841.17,19682.34,6609.82,UPI
104326,2025-10-19,CUST4760,Small Business,North,Lucknow,Online,Groceries,Granola Bars,6,210.21,0.15,1261.26,189.19,1072.07,131.59,789.54,282.53,Debit Card
103603,2025-09-25,CUST2090,Small Business,East,Kolkata,Retail Store,Stationery,Notebook Set,4,492.44,0.15,1969.76,295.46,1674.3,294.69,1178.76,495.54,Net Banking
102921,2024-05-13,CUST3031,Small Business,South,Chennai,Online,Groceries,Green Tea Pack,4,470.56,0.0,1882.24,0.0,1882.24,348.95,1395.8,486.44,Net Banking
103660,27-Dec-2025,CUST3590,Small Business,South,Hyderabad,Online,Groceries,Almond Butter,9,617.09,0.0,5553.81,0.0,5553.81,426.7,3840.3,1713.51,Debit Card
105107,2025-01-24,CUST3174,Individual,Central,Bhopal,Retail Store,Electronics,Laptop Stand,1,5749.36,0.0,5749.36,0.0,5749.36,4239.1,4239.1,1510.26,Credit Card
102346,2025-10-06,CUST3535,Individual,North,Delhi,Online,Furniture,Standing Desk,2,7733.15,0.0,15466.3,0.0,15466.3,5448.4,10896.8,4569.5,Net Banking
103350,2024-01-01,CUST2485,Small Business,West,,Retail Store,Stationery,Notebook Set,4,253.9,0.2,1015.6,203.12,812.48,160.37,641.48,171.0,
104037,2024-03-24,CUST1583,Small Business,Central,Raipur,Distributor,Stationery,Desk Organizer,2,320.2,0.0,640.4,0.0,640.4,188.05,376.1,264.3,Cash on Delivery
103813,2025-02-12,CUST2402,Enterprise,South,Hyderabad,Online,Apparel,Running Shoes,1,1501.63,0.15,1501.63,225.24,1276.39,1057.51,1057.51,218.88,Debit Card
100708,2024-05-25,CUST3000,Enterprise,West,Pune,Online,Electronics,Power Bank,2,5382.54,0.05,10765.08,538.25,10226.83,3588.17,7176.34,3050.49,UPI
105083,2024-01-02,CUST2513,Individual,South,Chennai,Distributor,Furniture,Desk Lamp,1,14489.59,0.0,14489.59,0.0,14489.59,10761.81,10761.81,3727.78,UPI
105644,2024-05-15,CUST3724,Individual,North,Lucknow,Retail Store,Apparel,Cotton T-Shirt,3,1556.3,0.2,4668.9,933.78,3735.12,1004.43,3013.29,721.83,Cash on Delivery
104685,2024-03-24,CUST1749,Individual,South,Hyderabad,Online,Apparel,Running Shoes,2,758.82,0.0,1517.64,0.0,1517.64,483.09,966.18,551.46,Credit Card
105178,2024-04-05,CUST3707,Individual,North,Lucknow,Online,Electronics,Bluetooth Speaker,1,4688.49,0.05,4688.49,234.42,4454.07,2619.76,2619.76,1834.31,UPI
103329,2025-06-09,CUST3291,Individual,Central,Bhopal,Distributor,Electronics,Power Bank,3,1340.58,0.1,4021.74,402.17,3619.57,800.7,2402.1,1217.47,Net Banking
101172,2025-06-13,CUST1416,Individual,East,Patna,Online,Electronics,Power Bank,3,4542.92,0.0,13628.76,0.0,13628.76,2869.84,8609.52,5019.24,Debit Card
101456,2025-10-26,CUST2234,Small Business,South,Chennai,Retail Store,Stationery,Sticky Notes,5,392.1,0.0,1960.5,0.0,1960.5,217.5,1087.5,873.0,Credit Card
102777,2024-11-18,CUST2190,Individual,North,Chandigarh,Retail Store,Electronics,Laptop Stand,1,4393.36,0.0,4393.36,0.0,4393.36,2980.33,2980.33,1413.03,Net Banking
104396,2025-09-06,CUST3908,Small Business,North,Chandigarh,Retail Store,Groceries,Green Tea Pack,4,378.14,0.15,1512.56,226.88,1285.68,258.95,1035.8,249.88,Net Banking
105741,2025-12-22,CUST4582,Small Business,North,Delhi,Online,Groceries,Almond Butter,1,624.65,0.15,624.65,93.7,530.95,414.04,414.04,116.91,Credit Card
102677,2025-10-18,CUST1636,Small Business,West,Pune,Online,Apparel,Rain Jacket,3,516.67,0.0,1550.01,0.0,1550.01,344.76,1034.28,515.73,UPI
105869,2024-06-15,CUST1922,Enterprise,South,Hyderabad,Online,Electronics,Wireless Mouse,5,4078.93,0.15,20394.65,3059.2,17335.45,2316.45,11582.25,5753.2,Credit Card
100327,2024-06-06,CUST2026,Small Business,South,Chennai,Online,Stationery,Notebook Set,2,507.33,0.0,1014.66,0.0,1014.66,352.53,705.06,309.6,Debit Card
103442,2024-05-04,CUST4453,Small Business,North,Lucknow,Online,ELECTRONICS,Webcam HD,1,4576.66,0.1,4576.66,457.67,4118.99,3341.87,3341.87,777.12,UPI
100477,2024-04-01,CUST4331,Individual, Central  ,Bhopal,Online,Apparel,Denim Jacket,5,2151.39,0.0,10756.95,0.0,10756.95,1590.33,7951.65,2805.3,Debit Card
104734,2024-07-17,CUST3219,Small Business,South,Bengaluru,Online,Apparel,Rain Jacket,2,1190.22,0.0,2380.44,0.0,2380.44,791.78,1583.56,796.88,UPI
104887,2025-02-26,CUST3886,Small Business,Central,Nagpur,Online,Groceries,Organic Coffee,1,644.26,0.15,644.26,96.64,547.62,435.55,435.55,112.07,Credit Card
103745,2025-06-12,CUST4782,Individual,North,Delhi,Online,Stationery,Desk Organizer,6,649.68,0.05,3898.08,194.9,3703.18,371.49,2228.94,1474.24,UPI
102513,2025-08-23,CUST1104,Individual,East,Bhubaneswar,Retail Store,Furniture,Desk Lamp,2,12625.0,0.2,25250.0,5050.0,20200.0,8038.72,16077.44,4122.56,Credit Card
103760,2025-03-17,CUST1879,Individual,South,Bengaluru,Distributor,Apparel,Wool Sweater,1,812.67,0.2,812.67,162.53,650.14,537.37,537.37,112.77,UPI
100104,11-Jun-2025,CUST4221,Individual,South,Chennai,Online,Stationery,Gel Pens Pack,6,303.57,0.1,1821.42,182.14,1639.28,200.0,1200.0,439.28,Debit Card
105515,2024-01-21,CUST1857,Enterprise,West,Ahmedabad,Retail Store,Groceries,Organic Coffee,1,233.84,0.05,233.84,11.69,222.15,174.33,174.33,47.82,UPI
101420,2025-08-08,CUST4860,Individual,East,Bhubaneswar,Retail Store,Electronics,Laptop Stand,2,2364.03,0.2,4728.06,945.61,3782.45,1663.58,3327.16,455.29,UPI
104644,2024-08-05,CUST1113,Individual,West,Mumbai,Distributor,GROCERIES,Olive Oil,3,476.75,0.05,1430.25,71.51,1358.74,304.42,913.26,445.48,UPI
103829,2025-03-18,CUST1751,Individual,West,Ahmedabad,Online,Apparel,Wool Sweater,4,1175.95,0.0,4703.8,0.0,4703.8,767.9,3071.6,1632.2,Credit Card
104737,2024-07-26,CUST1849,Individual,North,Lucknow,Online,Apparel,Denim Jacket,5,451.92,0.0,2259.6,0.0,2259.6,289.27,1446.35,813.25,UPI
100524,2024-11-29,CUST3400,Individual,North,Chandigarh,Online,Furniture,Office Chair,9,5353.15,0.0,48178.35,0.0,48178.35,3749.49,33745.41,14432.94,Net Banking
100993,2025-09-04,CUST4330,Small Business,West,Pune,Online,Apparel,Denim Jacket,3,1287.64,0.0,3862.92,0.0,3862.92,957.11,2871.33,991.59,Cash on Delivery
105362,2024-11-29,CUST2603,Enterprise,West,Pune,Retail Store,Stationery,Sticky Notes,3,430.75,0.1,1292.25,129.22,1163.03,286.95,860.85,302.18,Credit Card
101831,2024-02-23,CUST1344,Small Business,East,Bhubaneswar,Online,Groceries,Green Tea Pack,1,255.98,0.05,255.98,12.8,243.18,171.56,171.56,71.62,Credit Card
105118,2025-09-10,CUST3251,Small Business,East,Kolkata,Retail Store,Apparel,Cotton T-Shirt,6,2808.46,0.2,16850.76,3370.15,13480.61,1567.26,9403.56,4077.05,Net Banking
102607,2024-06-21,CUST2973,Individual,Central,Nagpur,Retail Store,Groceries,Almond Butter,2,834.44,0.15,1668.88,250.33,1418.55,599.09,1198.18,220.37,UPI
100731,2025-06-25,CUST3794,Individual, Central  ,Bhopal,Retail Store,Furniture,Office Chair,7,13612.78,0.0,95289.46,0.0,95289.46,8414.63,58902.41,36387.05,Credit Card
100067,2025-11-05,CUST3607,Enterprise,North,Lucknow,Distributor,Groceries,Almond Butter,6,731.81,0.2,4390.86,878.17,3512.69,454.06,2724.36,788.33,Credit Card
103277,2024-01-24,CUST3009,Individual,North,Lucknow,Distributor,Furniture,Desk Lamp,1,10499.03,0.15,10499.03,1574.85,8924.18,6479.17,6479.17,2445.01,UPI
104053,2024-08-25,CUST2023,Individual,North,Delhi,Distributor,Electronics,Power Bank,3,3243.32,0.0,9729.96,0.0,9729.96,2204.39,6613.17,3116.79,Cash on Delivery
103379,2024-10-27,CUST3253,Individual,Central,,Retail Store,Stationery,Desk Organizer,3,452.03,0.0,1356.09,0.0,1356.09,261.56,784.68,571.41,Credit Card
104231,2025-07-04,CUST2229,,South,,Online,Stationery,Gel Pens Pack,5,275.92,,1379.6,0.0,1379.6,201.06,1005.3,374.3,
105923,05-Apr-2024,CUST4768,Individual,West,Ahmedabad,Distributor,Electronics,Webcam HD,2,5900.45,0.15,11800.9,1770.13,10030.77,3366.96,6733.92,3296.85,Credit Card
101940,2024-03-09,CUST2456,Individual,Central,Nagpur,Retail Store,Groceries,Almond Butter,2,499.85,0.0,999.7,0.0,999.7,352.89,705.78,293.92,Credit Card
102667,2025-06-17,CUST4136,Individual,South,Bengaluru,Online,Stationery,Sticky Notes,3,222.78,0.2,668.34,133.67,534.67,140.18,420.54,114.13,Net Banking
101397,2024-03-25,CUST4572,Individual,East,Kolkata,Retail Store,Groceries,Almond Butter,4,869.17,0.0,3476.68,0.0,3476.68,536.24,2144.96,1331.72,Cash on Delivery
102869,2025-10-17,CUST4098,Individual,West,Pune,Online,Electronics,Laptop Stand,3,5792.76,0.0,17378.28,0.0,17378.28,4292.04,12876.12,4502.16,Debit Card
100752,2024-05-26,CUST4735,Small Business,Central,Nagpur,Online,Electronics,USB-C Hub,5,2748.52,0.0,13742.6,0.0,13742.6,2023.08,10115.4,3627.2,Cash on Delivery
100886,2024-09-11,CUST4340,Small Business,North,Chandigarh,Online,Apparel,Wool Sweater,1,2645.06,0.2,2645.06,529.01,2116.05,1639.16,1639.16,476.89,Net Banking
100489,2024-01-22,CUST1393,Individual,West,Pune,Online,Furniture,Standing Desk,1,7620.66,0.0,7620.66,0.0,7620.66,4738.59,4738.59,2882.07,UPI
103166,2025-11-15,CUST3433,Individual,West,Ahmedabad,Online,Stationery,Desk Organizer,3,176.84,0.0,530.52,0.0,530.52,112.55,337.65,192.87,Cash on Delivery
101017,2024-09-18,CUST2882,Small Business,North,Delhi,Distributor,Furniture,Office Chair,1,4848.23,0.0,4848.23,0.0,4848.23,2744.07,2744.07,2104.16,Net Banking
102107,2025-05-14,CUST3954,Individual,Central,Raipur,Online,Groceries,Organic Coffee,4,333.7,0.15,1334.8,200.22,1134.58,191.37,765.48,369.1,Credit Card
104349,2024-01-20,CUST1532,Small Business,Central,Nagpur,Online,Apparel,Rain Jacket,4,1138.97,0.05,4555.88,227.79,4328.09,745.63,2982.52,1345.57,Cash on Delivery
102725,2025-08-07,CUST4769,Small Business,West,Pune,Retail Store,Stationery,Notebook Set,2,482.68,0.1,965.36,96.54,868.82,356.74,713.48,155.34,Net Banking
105692,2024-10-23,CUST4954,Individual,East,Bhubaneswar,Retail Store,Apparel,Wool Sweater,2,887.73,0.0,1775.46,0.0,1775.46,612.74,1225.48,549.98,Cash on Delivery
103633,2025-10-27,CUST4313,Small Business,Central,Nagpur,Distributor,Electronics,Bluetooth Speaker,1,1379.67,0.15,1379.67,206.95,1172.72,1024.15,1024.15,148.57,Net Banking
102320,2025-07-18,CUST4871,Individual,West,Ahmedabad,Online,Furniture,Office Chair,3,8488.64,0.1,25465.92,2546.59,22919.33,5800.57,17401.71,5517.62,Debit Card
102004,2024-09-06,CUST4664,Individual,West,Ahmedabad,Retail Store,Stationery,Gel Pens Pack,4,249.56,0.0,998.24,0.0,998.24,176.74,706.96,291.28,Debit Card
105270,01-12-2024,CUST1883,Small Business,West,Pune,Online,Groceries,Organic Coffee,3,531.23,0.0,1593.69,0.0,1593.69,392.45,1177.35,416.34,Debit Card
103334,2025-11-21,CUST4769,Small Business,Central,Raipur,Distributor,Stationery,Whiteboard,4,261.87,0.1,1047.48,104.75,942.73,154.27,617.08,325.65,Debit Card
100703,2025-12-03,CUST1484,Small Business,North,Delhi,Online,Apparel,Rain Jacket,1,886.28,0.05,886.28,44.31,841.97,549.84,549.84,292.13,Credit Card
100618,02-16-2025,CUST3897,Small Business,South,Chennai,Online,Groceries,Granola Bars,5,350.53,0.15,1752.65,262.9,1489.75,261.11,1305.55,184.2,Debit Card
101725,2025-11-02,CUST4335,Small Business,South,Chennai,Online,Stationery,Desk Organizer,8,106.85,0.15,854.8,128.22,726.58,65.82,526.56,200.02,Cash on Delivery
100011,2024-11-10,CUST3161,Small Business,South,Hyderabad,Distributor,Furniture,Office Chair,6,14713.8,0.1,88282.8,8828.28,79454.52,8578.52,51471.12,27983.4,Credit Card
103407,2024-07-09,CUST3763,Enterprise,South,Bengaluru,Online,Apparel,Wool Sweater,5,578.98,0.05,2894.9,144.75,2750.15,324.15,1620.75,1129.4,Cash on Delivery
102201,2024-02-05,CUST1580,Individual,West,Pune,Online,Groceries,Green Tea Pack,1,774.82,0.0,774.82,0.0,774.82,501.64,501.64,273.18,Cash on Delivery
102098,2024-07-31,CUST2384,Small Business, Central  ,Nagpur,Distributor,Groceries,Olive Oil,1,252.14,0.15,252.14,37.82,214.32,172.13,172.13,42.19,UPI
100979,2025-07-02,CUST4429,Individual,Central,Bhopal,Retail Store,Electronics,USB-C Hub,2,3148.97,0.15,6297.94,944.69,5353.25,1829.42,3658.84,1694.41,Cash on Delivery
102273,2025-03-02,CUST4693,Small Business,North,Chandigarh,Online,Groceries,Almond Butter,3,238.06,0.1,714.18,71.42,642.76,141.46,424.38,218.38,UPI
105273,2024-08-20,CUST4292,Individual,Central,Nagpur,Retail Store,Stationery,Whiteboard,1,528.38,0.1,528.38,52.84,475.54,308.13,308.13,167.41,Credit Card
100775,2025-07-02,CUST2629,Individual,East,Kolkata,Distributor,Groceries,Green Tea Pack,2,784.11,0.1,1568.22,156.82,1411.4,447.34,894.68,516.72,Net Banking
100760,2024-03-16,CUST4668,Individual,West,Ahmedabad,Online,Apparel,Wool Sweater,2,876.97,0.1,1753.94,175.39,1578.55,497.03,994.06,584.49,Cash on Delivery
103080,09-18-2024,CUST4101,Individual,West,Mumbai,Retail Store,Apparel,Cotton T-Shirt,2,2347.4,0.0,4694.8,0.0,4694.8,1646.6,3293.2,1401.6,Debit Card
101612,2024-12-27,CUST3070,Individual,East,Patna,Retail Store,Stationery,Notebook Set,9,183.94,0.2,1655.46,331.09,1324.37,121.4,1092.6,231.77,Debit Card
100937,2024-02-21,CUST1250,Small Business,East,Bhubaneswar,Online,Electronics,Laptop Stand,1,4482.84,0.1,4482.84,448.28,4034.56,3241.1,3241.1,793.46,Cash on Delivery
102221,2024-04-04,CUST1281,Individual,South,Hyderabad,Online,Electronics,Wireless Mouse,1,3918.18,0.15,3918.18,587.73,3330.45,2478.92,2478.92,851.53,Net Banking
104469,2025-06-30,CUST2873,Individual,South,Bengaluru,Retail Store,Electronics,Power Bank,1,4761.13,0.15,4761.13,714.17,4046.96,3284.75,3284.75,762.21,Cash on Delivery
102076,2025-04-07,CUST1865,Small Business,South,Chennai,Online,Apparel,Running Shoes,3,546.01,0.0,1638.03,0.0,1638.03,385.33,1155.99,482.04,Debit Card
105532,2024-11-29,CUST2332,Small Business,East,Patna,Online,Stationery,Whiteboard,4,459.17,0.05,1836.68,91.83,1744.85,318.43,1273.72,471.13,UPI
100111,2024-02-01,CUST4125,Small Business,West,Mumbai,Online,Furniture,Desk Lamp,3,6977.11,0.0,20931.33,0.0,20931.33,4356.53,13069.59,7861.74,UPI
104940,2025-12-01,CUST3083,Enterprise,North,Delhi,Retail Store,Furniture,Filing Cabinet,1,11435.0,0.05,11435.0,571.75,10863.25,8444.75,8444.75,2418.5,Cash on Delivery
105145,2024-08-15,CUST4919,Individual,West,Ahmedabad,Online,Electronics,Wireless Mouse,6,3295.36,0.0,19772.16,0.0,19772.16,1974.42,11846.52,7925.64,Credit Card
104541,2024-05-21,CUST1898,Individual,East,Kolkata,Online,STATIONERY,Sticky Notes,5,390.95,0.0,1954.75,0.0,1954.75,265.19,1325.95,628.8,Cash on Delivery
102993,2024-04-27,CUST2747,Individual,East,Patna,Online,Stationery,Whiteboard,3,169.99,0.1,509.97,51.0,458.97,124.02,372.06,86.91,Net Banking
100491,2025-06-09,CUST1608,Enterprise,South,Hyderabad,Retail Store,Apparel,Wool Sweater,3,618.32,0.2,1854.96,370.99,1483.97,399.14,1197.42,286.55,UPI
101191,2025-07-28,CUST4189,Individual,West,Mumbai,Online,Apparel,Cotton T-Shirt,6,1115.56,0.1,6693.36,669.34,6024.02,827.78,4966.68,1057.34,Net Banking
101090,2024-03-19,CUST1043,Enterprise,Central,Nagpur,Retail Store,Electronics,Webcam HD,3,1295.6,0.1,3886.8,388.68,3498.12,943.67,2831.01,667.11,Net Banking
104402,2024-11-19,CUST3337,Individual,East,Kolkata,Online,GROCERIES,Olive Oil,6,213.17,0.2,1279.02,255.8,1023.22,134.67,808.02,215.2,UPI
101480,2024-01-11,CUST3220,Small Business,South,Hyderabad,Online,Electronics,Webcam HD,1,5501.42,0.0,5501.42,0.0,5501.42,3333.3,3333.3,2168.12,UPI
105247,2024-04-13,CUST2401,Enterprise,South,Chennai,Retail Store,Furniture,Filing Cabinet,5,13585.44,0.05,67927.2,3396.36,64530.84,9417.25,47086.25,17444.59,Net Banking
104474,05-30-2024,CUST2705,Individual,East,Bhubaneswar,Distributor,Apparel,Running Shoes,5,1217.62,0.15,6088.1,913.22,5174.88,888.05,4440.25,734.63,Credit Card
101907,2024-08-09,CUST2069,Small Business,Central,Nagpur,Retail Store,Groceries,Olive Oil,2,436.5,0.0,873.0,0.0,873.0,322.67,645.34,227.66,Debit Card
105313,2024-02-26,CUST3380,Individual,South,Hyderabad,Online,Electronics,Laptop Stand,6,5596.55,0.1,33579.3,3357.93,30221.37,3613.4,21680.4,8540.97,UPI
103048,2024-12-08,CUST4915,Enterprise,South,Hyderabad,Retail Store,Apparel,Cotton T-Shirt,8,1773.64,0.05,14189.12,709.46,13479.66,1178.2,9425.6,4054.06,Net Banking
101299,2025-05-05,CUST2248,Small Business,North,Lucknow,Online,Furniture,Office Chair,4,3359.04,0.2,13436.16,2687.23,10748.93,2222.94,8891.76,1857.17,Cash on Delivery
102073,2024-02-24,CUST1048,Enterprise,North,Delhi,Distributor,Apparel,Cotton T-Shirt,1,2519.63,0.0,2519.63,0.0,2519.63,1751.91,1751.91,767.72,Debit Card
102744,2025-02-16,CUST1783,Enterprise,East,Bhubaneswar,Retail Store,Groceries,Granola Bars,4,479.35,0.2,1917.4,383.48,1533.92,281.54,1126.16,407.76,Credit Card
104573,2025-05-18,CUST1749,Individual,East,Bhubaneswar,Retail Store,Groceries,Granola Bars,2,425.7,0.15,851.4,127.71,723.69,316.68,633.36,90.33,Cash on Delivery
100072,2024-02-16,CUST4626,Individual,West,Mumbai,Online,Electronics,USB-C Hub,1,3158.95,0.15,3158.95,473.84,2685.11,2196.48,2196.48,488.63,Debit Card
102609,2024-09-17,CUST3093,Individual,Central,Nagpur,Retail Store,Electronics,USB-C Hub,5,1043.4,0.0,5217.0,0.0,5217.0,769.48,3847.4,1369.6,UPI
105447,2024-05-20,CUST2764,Enterprise,North,Lucknow,Online,Stationery,Notebook Set,3,658.86,0.0,1976.58,0.0,1976.58,463.21,1389.63,586.95,Net Banking
105071,2024-05-14,CUST3186,Individual,East,Kolkata,Online,Electronics,Bluetooth Speaker,1,5548.88,0.0,5548.88,0.0,5548.88,3320.89,3320.89,2227.99,Net Banking
101853,2025-01-29,CUST4469,Individual,South,Hyderabad,Retail Store,Furniture,Bookshelf,1,10958.79,0.0,10958.79,0.0,10958.79,8171.04,8171.04,2787.75,UPI
102728,2024-02-06,CUST4272,Enterprise,North,Chandigarh,Online,Electronics,Power Bank,3,4492.29,0.2,13476.87,2695.37,10781.5,3154.13,9462.39,1319.11,Debit Card
101943,2024-09-22,CUST2494,Individual,Central,Bhopal,Online,Apparel,Wool Sweater,5,1289.83,0.05,6449.15,322.46,6126.69,711.2,3556.0,2570.69,Cash on Delivery
101255,2024-03-01,CUST2076,Individual,Central,Raipur,Online,Groceries,Olive Oil,2,194.09,0.15,388.18,58.23,329.95,123.8,247.6,82.35,Credit Card
103692,2024-03-16,CUST1941,Individual,South,Hyderabad,Retail Store,Apparel,Cotton T-Shirt,5,1244.24,0.15,6221.2,933.18,5288.02,766.93,3834.65,1453.37,Net Banking
103088,2025-01-08,CUST3470,Individual,North,Delhi,Retail Store,Groceries,Granola Bars,2,712.77,0.2,1425.54,285.11,1140.43,461.76,923.52,216.91,UPI
100185,2024-04-05,CUST2407,Small Business,North,Lucknow,Online,Groceries,Almond Butter,2,560.48,0.2,1120.96,224.19,896.77,362.67,725.34,171.43,Cash on Delivery
104852,2024-03-26,CUST3628,Small Business,East,Bhubaneswar,Distributor,Groceries,Organic Coffee,2,241.23,0.0,482.46,0.0,482.46,165.84,331.68,150.78,Net Banking
100825,2024-05-06,CUST2712,Individual,South,Bengaluru,Distributor,Electronics,Laptop Stand,3,5297.45,0.0,15892.35,0.0,15892.35,3709.57,11128.71,4763.64,Debit Card
100387,2025-03-01,CUST1969,Individual,West,Ahmedabad,Online,Groceries,Granola Bars,1,468.58,0.05,468.58,23.43,445.15,337.08,337.08,108.07,Debit Card
101720,2024-07-14,CUST2301,Individual, East  ,Bhubaneswar,Retail Store,Stationery,Notebook Set,1,87.45,0.05,87.45,4.37,83.08,57.13,57.13,25.95,Cash on Delivery
100348,2025-05-27,CUST3053,Individual,North,Delhi,Online,Groceries,Granola Bars,7,663.23,0.0,4642.61,0.0,4642.61,396.11,2772.77,1869.84,Debit Card
104683,2025-06-16,CUST3956,Individual,East,Bhubaneswar,Online,Groceries,Green Tea Pack,6,718.93,0.0,4313.58,0.0,4313.58,462.34,2774.04,1539.54,UPI
103426,2024-06-23,CUST3682,Individual,Central,Nagpur,Online,Electronics,USB-C Hub,2,3942.3,0.2,7884.6,1576.92,6307.68,2911.53,5823.06,484.62,UPI
102770,2024-11-21,CUST2584,Individual, East  ,Patna,Retail Store,Electronics,Webcam HD,3,838.69,0.0,2516.07,0.0,2516.07,538.69,1616.07,900.0,Credit Card
103539,2024-09-06,CUST4119,Small Business,East,Kolkata,Online,Stationery,Notebook Set,1,399.75,0.2,399.75,79.95,319.8,225.49,225.49,94.31,UPI
100469,2025-03-09,CUST2945,Individual,North,Delhi,Online,Furniture,Standing Desk,2,9663.25,0.0,19326.5,0.0,19326.5,6369.52,12739.04,6587.46,Net Banking
101419,2024-08-07,CUST1448,Individual,North,Delhi,Online,Groceries,Olive Oil,3,765.65,0.0,2296.95,0.0,2296.95,570.67,1712.01,584.94,Net Banking
104198,2025-01-20,CUST1355,Individual,South,Chennai,Retail Store,Electronics,USB-C Hub,1,1978.36,0.2,1978.36,395.67,1582.69,1364.7,1364.7,217.99,UPI
100537,2025-08-08,CUST3427,Enterprise,South,Hyderabad,Online,Electronics,Power Bank,2,1823.76,0.05,3647.52,182.38,3465.14,1297.81,2595.62,869.52,Credit Card
103215,2025-08-30,CUST4335,Individual,Central,Nagpur,Online,Furniture,Filing Cabinet,4,10560.27,0.0,42241.08,0.0,42241.08,6043.35,24173.4,18067.68,UPI
100342,2024-05-13,CUST3359,Individual,Central,Bhopal,Online,Furniture,Filing Cabinet,4,11563.68,0.0,46254.72,0.0,46254.72,7943.64,31774.56,14480.16,Debit Card
103894,2025-03-28,CUST2224,Individual,South,Hyderabad,Online,Groceries,Granola Bars,4,469.66,0.05,1878.64,93.93,1784.71,316.69,1266.76,517.95,Cash on Delivery
101300,2024-05-04,CUST3949,Individual, South  ,Bengaluru,Distributor,Stationery,Sticky Notes,1,491.66,0.0,491.66,0.0,491.66,326.55,326.55,165.11,Credit Card
101118,2024-04-14,CUST3013,Small Business, Central  ,Bhopal,Distributor,Groceries,Olive Oil,2,206.38,0.15,412.76,61.91,350.85,117.32,234.64,116.21,Cash on Delivery
101996,2024-12-06,CUST4591,Individual,North,Delhi,Online,Apparel,Wool Sweater,1,1130.34,0.05,1130.34,56.52,1073.82,757.2,757.2,316.62,Cash on Delivery
103561,2024-08-13,CUST4662,Small Business,West,Pune,Online,Groceries,Olive Oil,4,356.65,0.2,1426.6,285.32,1141.28,205.63,822.52,318.76,Debit Card
101620,11-14-2024,CUST1466,Small Business,West,Mumbai,Retail Store,Electronics,USB-C Hub,6,5668.29,0.1,34009.74,3400.97,30608.77,4240.43,25442.58,5166.19,Credit Card
104436,2025-01-19,CUST4504,Individual,North,Delhi,Distributor,Groceries,Olive Oil,1,458.4,0.0,458.4,0.0,458.4,319.65,319.65,138.75,Net Banking
103624,2025-09-21,CUST4333,Individual,South,Bengaluru,Retail Store,Furniture,Desk Lamp,1,9113.1,0.0,9113.1,0.0,9113.1,5360.75,5360.75,3752.35,Cash on Delivery
102491,2025-03-08,CUST2250,Small Business,North,Chandigarh,Distributor,Apparel,Running Shoes,5,2130.25,0.0,10651.25,0.0,10651.25,1579.47,7897.35,2753.9,Cash on Delivery
104125,2024-05-27,CUST3629,Small Business,West,Ahmedabad,Distributor,ELECTRONICS,Power Bank,1,1699.48,0.1,1699.48,169.95,1529.53,1272.69,1272.69,256.84,Cash on Delivery
103770,2025-08-07,CUST3657,Enterprise,South,Chennai,Retail Store,Stationery,Desk Organizer,2,265.78,0.1,531.56,53.16,478.4,146.42,292.84,185.56,Net Banking
105596,2024-11-07,CUST4058,Small Business,Central,Bhopal,Online,Electronics,USB-C Hub,8,3931.73,0.1,31453.84,3145.38,28308.46,2930.33,23442.64,4865.82,Net Banking
105511,2024-12-19,CUST3741,Enterprise,North,Delhi,Online,Electronics,Bluetooth Speaker,9,1827.06,0.0,16443.54,0.0,16443.54,1160.83,10447.47,5996.07,UPI
101928,2025-02-23,CUST4380,Small Business, North  ,Lucknow,Retail Store,Stationery,Whiteboard,3,485.64,0.1,1456.92,145.69,1311.23,321.98,965.94,345.29,Cash on Delivery
103641,2025-04-15,CUST4039,Individual,North,Lucknow,Online,Electronics,Webcam HD,8,3392.97,0.15,27143.76,4071.56,23072.2,2421.26,19370.08,3702.12,Debit Card
100720,2024-01-07,CUST1497,Small Business,West,Mumbai,Online,Groceries,Granola Bars,1,367.93,0.0,367.93,0.0,367.93,265.96,265.96,101.97,Net Banking
105460,2025-09-10,CUST4132,Individual,East,Bhubaneswar,Online,Apparel,Rain Jacket,4,1833.36,0.15,7333.44,1100.02,6233.42,1282.4,5129.6,1103.82,Cash on Delivery
101084,2025-06-25,CUST2530,Individual,North,Chandigarh,Distributor,Groceries,Green Tea Pack,3,886.66,0.0,2659.98,0.0,2659.98,655.44,1966.32,693.66,Net Banking
105490,2024-09-07,CUST3852,Individual,West,Mumbai,Online,Groceries,Olive Oil,3,606.57,0.1,1819.71,181.97,1637.74,334.48,1003.44,634.3,Debit Card
102766,2025-08-16,CUST4147,Individual,West,Mumbai,Online,Electronics,USB-C Hub,4,4509.44,0.15,18037.76,2705.66,15332.1,3194.83,12779.32,2552.78,UPI
103181,2024-06-16,CUST3145,Individual,South,Bengaluru,Online,Stationery,Whiteboard,6,163.83,0.2,982.98,196.6,786.38,121.89,731.34,55.04,Credit Card
105538,2024-02-18,CUST4340,Individual,North,Lucknow,Online,Furniture,Filing Cabinet,1,11484.96,0.2,11484.96,2296.99,9187.97,8158.39,8158.39,1029.58,Debit Card
104006,24-Mar-2024,CUST4005,Individual, East  ,Bhubaneswar,Online,Stationery,Notebook Set,8,669.64,0.1,5357.12,535.71,4821.41,457.17,3657.36,1164.05,Net Banking
100750,2024-07-07,CUST1183,Individual,Central,Nagpur,Online,STATIONERY,Whiteboard,7,611.64,0.0,4281.48,0.0,4281.48,402.51,2817.57,1463.91,UPI
100689,2024-04-04,CUST2609,Individual,East,Patna,Retail Store,Apparel,Rain Jacket,1,1050.24,0.15,1050.24,157.54,892.7,636.67,636.67,256.03,Cash on Delivery
103295,2024-04-17,CUST1632,Individual,East,Bhubaneswar,Online,Groceries,Olive Oil,4,719.47,0.0,2877.88,0.0,2877.88,458.7,1834.8,1043.08,Cash on Delivery
105077,2025-09-19,CUST3395,Individual,East,Patna,Online,Apparel,Wool Sweater,3,1279.36,0.2,3838.08,767.62,3070.46,727.65,2182.95,887.51,Credit Card
105652,2024-12-10,CUST4275,Individual,West,Mumbai,Retail Store,Electronics,Webcam HD,6,3347.06,0.2,20082.36,4016.47,16065.89,2420.15,14520.9,1544.99,Net Banking
103017,2025-03-20,CUST2251,Individual,East,Bhubaneswar,Online,Furniture,Office Chair,1,13841.69,0.15,13841.69,2076.25,11765.44,10369.17,10369.17,1396.27,Credit Card
103097,2025-04-22,CUST4398,Enterprise,East,Kolkata,Online,Apparel,Denim Jacket,4,2064.21,0.2,8256.84,1651.37,6605.47,1226.6,4906.4,1699.07,Cash on Delivery
101559,2024-01-08,CUST4667,Individual,East,Patna,Retail Store,Groceries,Olive Oil,3,659.17,0.0,1977.51,0.0,1977.51,483.64,1450.92,526.59,Net Banking
101082,2024-09-21,CUST1579,Individual,West,Pune,Distributor,FURNITURE,Desk Lamp,1,11930.09,0.0,11930.09,0.0,11930.09,8167.34,8167.34,3762.75,UPI
100921,2025-07-08,CUST1545,Individual,South,Hyderabad,Online,Furniture,Filing Cabinet,2,11534.84,0.0,23069.68,0.0,23069.68,7879.16,15758.32,7311.36,Cash on Delivery
103815,2024-06-16,CUST3536,Individual,East,Bhubaneswar,Retail Store,Furniture,Bookshelf,1,10679.48,0.15,10679.48,1601.92,9077.56,6717.56,6717.56,2360.0,Net Banking
101854,2024-02-23,CUST4615,Individual,South,Bengaluru,Online,Stationery,Notebook Set,3,134.64,0.0,403.92,0.0,403.92,76.31,228.93,174.99,UPI
104218,2024-04-17,CUST1275,Individual,North,Lucknow,Distributor,Stationery,Whiteboard,4,502.33,0.05,2009.32,100.47,1908.85,361.44,1445.76,463.09,Cash on Delivery
105742,2025-06-08,CUST1881,Enterprise,North,Delhi,Online,Furniture,Filing Cabinet,3,12896.35,0.0,38689.05,0.0,38689.05,8763.71,26291.13,12397.92,Cash on Delivery
102783,2024-09-30,CUST3444,Enterprise,West,Pune,Online,Groceries,Green Tea Pack,4,278.93,0.15,1115.72,167.36,948.36,158.7,634.8,313.56,Cash on Delivery
100849,2024-10-28,CUST2333,Individual,East,Patna,Retail Store,Apparel,Cotton T-Shirt,2,2005.65,0.0,4011.3,0.0,4011.3,1200.64,2401.28,1610.02,Net Banking
101604,2025-03-23,CUST1015,Small Business,Central,Nagpur,Distributor,Groceries,Almond Butter,2,895.07,0.15,1790.14,268.52,1521.62,520.75,1041.5,480.12,Credit Card
104811,2024-11-04,CUST2969,Individual,North,Delhi,Online,Groceries,Olive Oil,6,457.09,0.0,2742.54,0.0,2742.54,259.67,1558.02,1184.52,Cash on Delivery
103041,2025-06-21,CUST2909,Individual,East,Bhubaneswar,Retail Store,Stationery,Gel Pens Pack,6,530.05,0.15,3180.3,477.05,2703.25,303.75,1822.5,880.75,Cash on Delivery
105106,2024-07-10,CUST3410,Small Business,Central,Raipur,Online,Furniture,Standing Desk,3,5414.03,0.0,16242.09,0.0,16242.09,3624.46,10873.38,5368.71,Net Banking
104817,2024-09-11,CUST2095,Individual,Central,Bhopal,Retail Store,Furniture,Office Chair,5,13583.89,0.05,67919.45,3395.97,64523.48,7813.55,39067.75,25455.73,Cash on Delivery
103917,2025-11-02,CUST1969,Small Business,South,Bengaluru,Retail Store,Electronics,Wireless Mouse,1,2165.25,0.0,2165.25,0.0,2165.25,1440.62,1440.62,724.63,Debit Card
105310,2025-03-20,CUST1084,Individual,Central,Nagpur,Retail Store,Groceries,Granola Bars,4,516.78,0.05,2067.12,103.36,1963.76,303.93,1215.72,748.04,Credit Card
105507,2025-04-06,CUST1324,Small Business,North,Chandigarh,Retail Store,Furniture,Desk Lamp,3,7585.76,0.0,22757.28,0.0,22757.28,4409.37,13228.11,9529.17,Net Banking
105413,2024-02-16,CUST2463,Enterprise,South,Chennai,Online,Apparel,Wool Sweater,2,1032.31,0.2,2064.62,412.92,1651.7,659.34,1318.68,333.02,Net Banking
105836,2024-02-27,CUST3446,Enterprise,South,Chennai,Retail Store,Electronics,Wireless Mouse,1,981.8,0.0,981.8,0.0,981.8,679.89,679.89,301.91,Debit Card
105442,2025-08-17,CUST3881,Individual,South,Hyderabad,Online,Electronics,Laptop Stand,3,1380.35,0.1,4141.05,414.11,3726.94,987.12,2961.36,765.58,Credit Card
102660,2024-08-29,CUST4420,Individual,West,Pune,Online,Electronics,Bluetooth Speaker,3,1870.47,0.15,5611.41,841.71,4769.7,1399.16,4197.48,572.22,Net Banking
101295,2025-09-13,CUST1910,Individual,Central,Bhopal,Retail Store,GROCERIES,Organic Coffee,7,224.83,0.2,1573.81,314.76,1259.05,167.74,1174.18,84.87,UPI
102190,2025-08-04,CUST3360,Individual,South,Chennai,Retail Store,Stationery,Notebook Set,3,582.55,0.0,1747.65,0.0,1747.65,417.49,1252.47,495.18,Net Banking
101532,2024-01-01,CUST4234,Individual,South,Chennai,Online,Furniture,Bookshelf,5,11079.22,0.1,55396.1,5539.61,49856.49,7899.82,39499.1,10357.39,Net Banking
103638,2025-11-21,CUST4645,Enterprise,North,Lucknow,Online,Apparel,Cotton T-Shirt,1,1141.62,0.15,1141.62,171.24,970.38,712.53,712.53,257.85,Credit Card
105840,2025-02-16,CUST4026,,South,,Retail Store,Furniture,Standing Desk,1,14420.09,,14420.09,721.0,13699.09,9745.22,9745.22,3953.87,
101388,2024-03-24,CUST4957,Individual,Central,Nagpur,Retail Store,Stationery,Gel Pens Pack,1,572.85,0.15,572.85,85.93,486.92,420.12,420.12,66.8,Credit Card
105636,2024-02-13,CUST2255,Individual,East,Kolkata,Distributor,Groceries,Granola Bars,2,763.04,0.0,1526.08,0.0,1526.08,512.51,1025.02,501.06,Net Banking
102722,2025-10-06,CUST1478,Individual,Central,Bhopal,Online,Furniture,Office Chair,3,6808.03,0.0,20424.09,0.0,20424.09,4533.95,13601.85,6822.24,Credit Card
102348,2024-03-17,CUST4292,Individual,East,Kolkata,Retail Store,Electronics,Laptop Stand,2,5129.31,0.15,10258.62,1538.79,8719.83,3511.75,7023.5,1696.33,Credit Card
101252,2024-12-28,CUST3826,Individual,North,Delhi,Retail Store,Stationery,Sticky Notes,4,268.52,0.15,1074.08,161.11,912.97,148.34,593.36,319.61,Credit Card
101893,2025-11-21,CUST2075,Individual,West,Ahmedabad,Retail Store,Stationery,Sticky Notes,6,636.71,0.1,3820.26,382.03,3438.23,448.68,2692.08,746.15,Cash on Delivery
100569,2024-06-23,CUST1141,Small Business,North,Delhi,Online,Electronics,Webcam HD,5,1675.96,0.0,8379.8,0.0,8379.8,994.4,4972.0,3407.8,Debit Card
105576,2024-07-11,CUST4300,Small Business,West,Pune,Online,Furniture,Office Chair,7,8569.03,0.2,59983.21,11996.64,47986.57,6023.57,42164.99,5821.58,Cash on Delivery
102911,2024-06-17,CUST2143,Small Business,North,Chandigarh,Distributor,Furniture,Office Chair,6,10565.29,0.05,63391.74,3169.59,60222.15,6778.66,40671.96,19550.19,Net Banking
104324,2025-03-16,CUST2335,Small Business,West,Mumbai,Distributor,Stationery,Gel Pens Pack,8,128.5,0.0,1028.0,0.0,1028.0,74.12,592.96,435.04,Credit Card
100437,2024-10-06,CUST3290,Individual,Central,Nagpur,Retail Store,Groceries,Green Tea Pack,1,767.1,0.1,767.1,76.71,690.39,468.53,468.53,221.86,UPI
101560,2024-07-20,CUST2671,Small Business,North,Chandigarh,Online,Electronics,Laptop Stand,2,3775.93,0.2,7551.86,1510.37,6041.49,2369.39,4738.78,1302.71,Credit Card
104238,2024-06-02,CUST2677,Small Business,North,Delhi,Online,Apparel,Running Shoes,5,2230.02,0.0,11150.1,0.0,11150.1,1271.66,6358.3,4791.8,Credit Card
100656,2025-08-18,CUST4064,Individual,Central,Bhopal,Online,Electronics,Laptop Stand,5,2074.24,0.05,10371.2,518.56,9852.64,1449.3,7246.5,2606.14,Net Banking
103587,2024-12-13,CUST4314,Small Business,East,Kolkata,Online,Furniture,Office Chair,1,13047.88,0.1,13047.88,1304.79,11743.09,8847.3,8847.3,2895.79,Net Banking
100781,2025-02-16,CUST2665,Individual,Central,Raipur,Retail Store,Stationery,Whiteboard,3,102.64,0.15,307.92,46.19,261.73,68.06,204.18,57.55,UPI
103549,2024-12-10,CUST1043,Small Business,South,Bengaluru,Online,Groceries,Olive Oil,3,381.55,0.2,1144.65,228.93,915.72,218.1,654.3,261.42,Credit Card
104715,2024-10-09,CUST4431,Individual,West,Pune,Distributor,Furniture,Desk Lamp,4,12499.49,0.05,49997.96,2499.9,47498.06,7615.9,30463.6,17034.46,Credit Card
102043,2025-06-15,CUST2914,Small Business,Central,Nagpur,Retail Store,APPAREL,Denim Jacket,5,672.77,0.0,3363.85,0.0,3363.85,500.43,2502.15,861.7,Debit Card
102533,2025-04-09,CUST4935,Individual,South,Chennai,Online,Groceries,Organic Coffee,2,593.81,0.15,1187.62,178.14,1009.48,396.6,793.2,216.28,Debit Card
101198,2024-07-08,CUST2561,Small Business,East,Bhubaneswar,Online,Groceries,Olive Oil,3,672.36,0.0,2017.08,0.0,2017.08,494.9,1484.7,532.38,Debit Card
103679,2025-02-23,CUST4964,Small Business,Central,Raipur,Online,Stationery,Desk Organizer,1,588.72,0.0,588.72,0.0,588.72,379.21,379.21,209.51,Net Banking
104360,2025-03-29,CUST3873,Individual,South,Hyderabad,Online,Stationery,Notebook Set,4,503.72,0.05,2014.88,100.74,1914.14,322.59,1290.36,623.78,Net Banking
103515,2025-03-22,CUST3685,Individual,West,Ahmedabad,Online,Furniture,Standing Desk,2,14638.57,0.0,29277.14,0.0,29277.14,10552.27,21104.54,8172.6,Cash on Delivery
101988,2024-03-28,CUST2549,Small Business,West,Mumbai,Distributor,Electronics,USB-C Hub,1,1445.53,0.0,1445.53,0.0,1445.53,1039.91,1039.91,405.62,Debit Card
100846,2025-06-27,CUST2940,Individual,East,Bhubaneswar,Online,Groceries,Organic Coffee,5,268.46,0.0,1342.3,0.0,1342.3,199.02,995.1,347.2,UPI
100603,2025-03-08,CUST4297,Individual,West,Pune,Online,Groceries,Almond Butter,2,222.99,0.2,445.98,89.2,356.78,148.53,297.06,59.72,Net Banking
102878,2025-07-29,CUST1209,Small Business,East,Patna,Online,Stationery,Desk Organizer,5,607.48,0.1,3037.4,303.74,2733.66,340.0,1700.0,1033.66,Cash on Delivery
100612,2024-11-16,CUST1884,Small Business,Central,Raipur,Online,Stationery,Sticky Notes,6,213.43,0.0,1280.58,0.0,1280.58,143.09,858.54,422.04,Credit Card
104796,2025-10-28,CUST3984,Individual,West,Mumbai,Online,Electronics,Webcam HD,2,2827.62,0.0,5655.24,0.0,5655.24,1699.0,3398.0,2257.24,Debit Card
105690,2025-09-09,CUST1690,Small Business,North,Chandigarh,Distributor,Apparel,Wool Sweater,2,636.44,0.15,1272.88,190.93,1081.95,468.23,936.46,145.49,UPI
100109,2024-03-25,CUST2818,Individual,West,Ahmedabad,Distributor,Groceries,Organic Coffee,5,379.87,0.05,1899.35,94.97,1804.38,221.59,1107.95,696.43,UPI
104873,2024-12-05,CUST2909,Individual,Central,Raipur,Online,Stationery,Notebook Set,6,420.94,0.1,2525.64,252.56,2273.08,304.04,1824.24,448.84,Credit Card
105142,21-Dec-2024,CUST2998,Individual,Central,Raipur,Retail Store,Furniture,Desk Lamp,3,8456.73,0.05,25370.19,1268.51,24101.68,5541.12,16623.36,7478.32,Debit Card
103018,12-13-2024,CUST3971,Small Business,South,Bengaluru,Retail Store,Electronics,Power Bank,12,1995.26,0.0,23943.12,0.0,23943.12,1329.09,15949.08,7994.04,Debit Card
102472,2024-06-04,CUST1186,Small Business,South,Bengaluru,Retail Store,Furniture,Office Chair,1,10825.56,0.0,10825.56,0.0,10825.56,6317.71,6317.71,4507.85,Cash on Delivery
101734,2024-05-10,CUST3018,Small Business,North,Chandigarh,Online,Electronics,Webcam HD,4,3185.0,0.2,12740.0,2548.0,10192.0,1824.38,7297.52,2894.48,Debit Card
105117,2024-02-14,CUST2587,Individual,West,Ahmedabad,Online,Stationery,Whiteboard,3,511.79,0.2,1535.37,307.07,1228.3,296.7,890.1,338.2,Debit Card
101303,2025-05-23,CUST3985,Individual,North,Chandigarh,Retail Store,Apparel,Denim Jacket,7,2133.33,0.05,14933.31,746.67,14186.64,1214.33,8500.31,5686.33,UPI
100829,2024-01-24,CUST4663,Individual,Central,Raipur,Distributor,Stationery,Whiteboard,2,203.87,0.0,407.74,0.0,407.74,124.07,248.14,159.6,UPI
100152,2024-04-10,CUST1803,Individual,South,Chennai,Online,Groceries,Almond Butter,3,851.07,0.05,2553.21,127.66,2425.55,518.33,1554.99,870.56,Credit Card
105317,2024-01-27,CUST1054,Individual,North,Chandigarh,Retail Store,Groceries,Olive Oil,2,311.54,0.1,623.08,62.31,560.77,215.3,430.6,130.17,Credit Card
101418,2025-08-18,CUST1519,Small Business,West,Ahmedabad,Distributor,Electronics,Bluetooth Speaker,4,4972.14,0.1,19888.56,1988.86,17899.7,3405.38,13621.52,4278.18,Net Banking
104117,2024-03-23,CUST2988,Individual,South,Chennai,Online,Groceries,Almond Butter,2,729.16,0.0,1458.32,0.0,1458.32,413.73,827.46,630.86,Cash on Delivery
105256,2024-10-11,CUST4004,Individual,North,Delhi,Retail Store,Groceries,Organic Coffee,1,623.75,0.2,623.75,124.75,499.0,351.19,351.19,147.81,Credit Card
102085,2025-11-30,CUST4253,Individual,Central,Nagpur,Online,Apparel,Rain Jacket,6,1584.73,0.0,9508.38,0.0,9508.38,1087.82,6526.92,2981.46,Cash on Delivery
102074,2025-01-16,CUST1705,Individual, East  ,Bhubaneswar,Online,Electronics,Bluetooth Speaker,1,4765.53,0.0,4765.53,0.0,4765.53,3564.39,3564.39,1201.14,Cash on Delivery
100783,2025-03-11,CUST1572,Individual,South,Bengaluru,Online,Electronics,Laptop Stand,4,3075.53,0.2,12302.12,2460.42,9841.7,2014.22,8056.88,1784.82,Credit Card
100398,2024-01-25,CUST3653,Enterprise, North  ,Lucknow,Retail Store,Stationery,Notebook Set,4,160.54,0.15,642.16,96.32,545.84,112.82,451.28,94.56,UPI
103054,2025-04-25,CUST2958,, North  ,,Retail Store,Apparel,Cotton T-Shirt,6,2961.33,,17767.98,3553.6,14214.38,1991.17,11947.02,2267.36,
100167,2025-10-28,CUST2334,Individual,East,Patna,Retail Store,Stationery,Gel Pens Pack,2,472.4,0.1,944.8,94.48,850.32,333.7,667.4,182.92,UPI
105562,2025-05-08,CUST1608,Enterprise,North,Lucknow,Retail Store,Apparel,Denim Jacket,5,2239.09,0.1,11195.45,1119.55,10075.9,1275.43,6377.15,3698.75,UPI
104988,2024-09-08,CUST3805,Small Business,North,Chandigarh,Retail Store,Apparel,Running Shoes,1,2486.16,0.2,2486.16,497.23,1988.93,1783.65,1783.65,205.28,UPI
101226,2025-01-23,CUST2519,Individual,East,Kolkata,Distributor,Groceries,Organic Coffee,1,219.02,0.15,219.02,32.85,186.17,137.68,137.68,48.49,Credit Card
101797,2024-03-24,CUST4473,Individual,South,Bengaluru,Online,Stationery,Whiteboard,5,441.7,0.05,2208.5,110.43,2098.07,300.53,1502.65,595.42,Net Banking
105274,2025-08-21,CUST2552,Individual,South,Chennai,Retail Store,Stationery,Gel Pens Pack,1,509.16,0.0,509.16,0.0,509.16,344.09,344.09,165.07,Debit Card
101643,2025-05-29,CUST1150,Enterprise,East,Bhubaneswar,Online,Groceries,Almond Butter,2,366.96,0.05,733.92,36.7,697.22,231.83,463.66,233.56,Net Banking
105516,2024-02-03,CUST2602,Small Business,West,Mumbai,Online,Electronics,USB-C Hub,1,5184.06,0.05,5184.06,259.2,4924.86,3715.85,3715.85,1209.01,Cash on Delivery
100143,2024-07-03,CUST2609,Individual,East,Patna,Online,Furniture,Filing Cabinet,1,10603.3,0.0,10603.3,0.0,10603.3,7937.31,7937.31,2665.99,Cash on Delivery
101241,2024-10-27,CUST2693,,Central,,Online,Furniture,Standing Desk,1,13147.02,,13147.02,657.35,12489.67,9244.96,9244.96,3244.71,
101987,2024-03-16,CUST2569,Small Business,North,Lucknow,Online,Electronics,Webcam HD,3,5023.3,0.1,15069.9,1506.99,13562.91,3173.48,9520.44,4042.47,Cash on Delivery
104007,2025-09-02,CUST3855,Small Business,Central,Bhopal,Distributor,Stationery,Sticky Notes,1,693.4,0.1,693.4,69.34,624.06,502.26,502.26,121.8,Net Banking
102453,2025-04-17,CUST3408,Small Business,Central,Nagpur,Distributor,STATIONERY,Notebook Set,4,310.72,0.0,1242.88,0.0,1242.88,171.78,687.12,555.76,Net Banking
104740,2025-07-06,CUST3868,Small Business,Central,Nagpur,Online,Stationery,Sticky Notes,3,502.59,0.0,1507.77,0.0,1507.77,339.52,1018.56,489.21,UPI
104273,2025-01-29,CUST2165,Small Business,South,Chennai,Retail Store,Apparel,Rain Jacket,1,2041.19,0.0,2041.19,0.0,2041.19,1519.07,1519.07,522.12,Debit Card
102462,2025-04-16,CUST1206,Individual,East,Kolkata,Retail Store,Groceries,Granola Bars,1,713.64,0.15,713.64,107.05,606.59,481.52,481.52,125.07,Debit Card
103659,2025-03-06,CUST2865,Individual,Central,Bhopal,Online,Apparel,Rain Jacket,2,2221.23,0.05,4442.46,222.12,4220.34,1615.04,3230.08,990.26,Cash on Delivery
102224,2025-07-24,CUST2883,Enterprise,North,Chandigarh,Online,ELECTRONICS,Laptop Stand,5,4605.55,0.1,23027.75,2302.78,20724.97,2959.82,14799.1,5925.87,Credit Card
100238,2024-07-13,CUST3970,Individual,Central,Raipur,Retail Store,Apparel,Denim Jacket,3,2678.89,0.0,8036.67,0.0,8036.67,1870.36,5611.08,2425.59,Net Banking
100990,2025-11-29,CUST3434,Small Business,Central,Bhopal,Online,Stationery,Desk Organizer,6,470.06,0.0,2820.36,0.0,2820.36,340.77,2044.62,775.74,Credit Card
105058,2024-08-24,CUST2385,Individual,West,Pune,Online,Furniture,Standing Desk,5,8524.8,0.2,42624.0,8524.8,34099.2,6017.95,30089.75,4009.45,Credit Card
101759,2025-10-23,CUST3728,Individual,East,Kolkata,Online,Apparel,Running Shoes,6,2935.48,0.2,17612.88,3522.58,14090.3,1916.35,11498.1,2592.2,Credit Card
105830,2025-05-18,CUST3304,Individual,East,Bhubaneswar,Online,Apparel,Rain Jacket,3,1145.54,0.05,3436.62,171.83,3264.79,762.58,2287.74,977.05,Debit Card
101022,2024-02-01,CUST1652,Enterprise,North,Chandigarh,Online,APPAREL,Running Shoes,2,1518.27,0.2,3036.54,607.31,2429.23,885.12,1770.24,658.99,Cash on Delivery
104980,2024-05-25,CUST2377,Individual,Central,Bhopal,Online,Stationery,Gel Pens Pack,1,106.62,0.15,106.62,15.99,90.63,68.39,68.39,22.24,Credit Card
103095,2025-03-01,CUST3187,Enterprise,East,Kolkata,Online,Groceries,Green Tea Pack,3,204.52,0.0,613.56,0.0,613.56,150.77,452.31,161.25,UPI
100867,09-09-2025,CUST3339,Individual,West,Pune,Distributor,Electronics,USB-C Hub,8,4213.15,0.15,33705.2,5055.78,28649.42,3017.53,24140.24,4509.18,Net Banking
103021,2025-10-29,CUST4741,Small Business,Central,Nagpur,Online,Furniture,Standing Desk,1,2173.41,0.05,2173.41,108.67,2064.74,1264.87,1264.87,799.87,Cash on Delivery
105359,2024-10-05,CUST1074,Individual,West,Ahmedabad,Online,Electronics,Webcam HD,4,3149.72,0.0,12598.88,0.0,12598.88,2219.88,8879.52,3719.36,Debit Card
103357,2024-06-04,CUST3600,Small Business,Central,Bhopal,Online,Electronics,Power Bank,5,5399.76,0.05,26998.8,1349.94,25648.86,3468.06,17340.3,8308.56,Cash on Delivery
105283,2025-08-30,CUST2444,Individual,Central,Raipur,Online,Furniture,Bookshelf,2,8897.11,0.15,17794.22,2669.13,15125.09,6358.51,12717.02,2408.07,Cash on Delivery
103535,2025-12-17,CUST2412,Small Business,East,Bhubaneswar,Retail Store,Stationery,Gel Pens Pack,4,392.0,0.05,1568.0,78.4,1489.6,274.21,1096.84,392.76,Net Banking
101698,2024-12-18,CUST2818,Individual,South,Bengaluru,Distributor,Furniture,Standing Desk,1,11988.93,0.0,11988.93,0.0,11988.93,8602.94,8602.94,3385.99,Cash on Delivery
103488,2025-09-21,CUST4144,Small Business,Central,Bhopal,Distributor,Furniture,Standing Desk,1,11743.04,0.0,11743.04,0.0,11743.04,8445.01,8445.01,3298.03,Cash on Delivery
102218,2024-04-15,CUST1498,Individual,West,Mumbai,Online,Apparel,Denim Jacket,2,613.72,0.0,1227.44,0.0,1227.44,415.56,831.12,396.32,Credit Card
103413,2025-11-22,CUST4124,Small Business,East,Kolkata,Online,Furniture,Standing Desk,3,12872.7,0.15,38618.1,5792.71,32825.39,8986.34,26959.02,5866.37,UPI
100328,2024-02-10,CUST1282,Individual,Central,Nagpur,Online,Groceries,Olive Oil,2,356.49,0.2,712.98,142.6,570.38,235.61,471.22,99.16,Cash on Delivery
104334,2024-05-18,CUST1605,Individual,East,Bhubaneswar,Retail Store,Apparel,Running Shoes,1,584.84,0.05,584.84,29.24,555.6,407.8,407.8,147.8,UPI
105050,2024-08-22,CUST4655,Individual,North,Lucknow,Online,Furniture,Filing Cabinet,2,11595.53,0.0,23191.06,0.0,23191.06,8509.43,17018.86,6172.2,UPI
101583,2024-02-08,CUST2520,Individual,North,Delhi,Distributor,Groceries,Almond Butter,1,425.12,0.05,425.12,21.26,403.86,269.55,269.55,134.31,Net Banking
100804,2024-12-08,CUST4416,Individual,South,Chennai,Online,Apparel,Cotton T-Shirt,3,2003.19,0.15,6009.57,901.44,5108.13,1261.74,3785.22,1322.91,Cash on Delivery
105189,2025-12-22,CUST1046,Individual,West,Mumbai,Retail Store,Furniture,Bookshelf,4,5916.85,0.2,23667.4,4733.48,18933.92,3906.69,15626.76,3307.16,Credit Card
105378,2024-04-18,CUST4505,Individual,South,Chennai,Retail Store,Apparel,Cotton T-Shirt,2,464.59,0.1,929.18,92.92,836.26,328.16,656.32,179.94,Debit Card
101227,02/11/2024,CUST3533,Enterprise,North,Lucknow,Retail Store,Electronics,Power Bank,6,808.25,0.1,4849.5,484.95,4364.55,488.0,2928.0,1436.55,UPI
101204,2024-11-22,CUST2715,Individual,Central,Raipur,Online,FURNITURE,Standing Desk,9,5355.15,0.15,48196.35,7229.45,40966.9,3142.75,28284.75,12682.15,UPI
105896,2024-05-07,CUST3114,Enterprise,East,Kolkata,Online,Stationery,Sticky Notes,5,301.74,0.0,1508.7,0.0,1508.7,222.62,1113.1,395.6,Cash on Delivery
102888,2025-08-10,CUST4545,Small Business,North,Chandigarh,Retail Store,Groceries,Organic Coffee,3,830.16,0.0,2490.48,0.0,2490.48,508.32,1524.96,965.52,Cash on Delivery
102904,2024-11-26,CUST4531,Individual,East,Bhubaneswar,Online,Apparel,Running Shoes,3,2620.95,0.05,7862.85,393.14,7469.71,1822.7,5468.1,2001.61,Credit Card
101035,2025-04-05,CUST1195,Individual,North,Delhi,Retail Store,Apparel,Running Shoes,2,505.41,0.05,1010.82,50.54,960.28,278.2,556.4,403.88,Debit Card
104850,2025-03-20,CUST4986,Individual,West,Pune,Retail Store,Furniture,Filing Cabinet,2,4082.7,0.1,8165.4,816.54,7348.86,3000.44,6000.88,1347.98,Cash on Delivery
104102,2025-01-15,CUST1277,Individual,North,Delhi,Retail Store,Furniture,Desk Lamp,3,10964.17,0.0,32892.51,0.0,32892.51,7455.13,22365.39,10527.12,Debit Card
102393,21/09/2025,CUST3808,Individual,East,Patna,Online,Furniture,Standing Desk,2,6687.4,0.0,13374.8,0.0,13374.8,3947.29,7894.58,5480.22,Debit Card
105667,2025-11-19,CUST1189,Individual,West,Ahmedabad,Online,Stationery,Gel Pens Pack,4,120.79,0.15,483.16,72.47,410.69,81.55,326.2,84.49,Net Banking
104003,2025-04-24,CUST1409,Enterprise,East,Patna,Distributor,Apparel,Cotton T-Shirt,2,835.11,0.0,1670.22,0.0,1670.22,475.3,950.6,719.62,Debit Card
100402,2024-06-01,CUST4327,Enterprise,West,Pune,Online,Electronics,Wireless Mouse,1,3788.13,0.2,3788.13,757.63,3030.5,2634.85,2634.85,395.65,Net Banking
104233,2024-02-06,CUST1248,Individual,South,Hyderabad,Online,Electronics,Webcam HD,1,924.57,0.0,924.57,0.0,924.57,683.08,683.08,241.49,Net Banking
101347,2024-03-17,CUST3327,Individual,North,Chandigarh,Retail Store,Furniture,Standing Desk,7,8914.67,0.1,62402.69,6240.27,56162.42,6538.08,45766.56,10395.86,Credit Card
102392,2024-04-13,CUST3349,Small Business,North,Chandigarh,Online,Furniture,Office Chair,2,14710.92,0.2,29421.84,5884.37,23537.47,9368.33,18736.66,4800.81,UPI
101268,2024-10-11,CUST1803,Enterprise,East,Bhubaneswar,Online,Apparel,Wool Sweater,2,571.7,0.1,1143.4,114.34,1029.06,383.32,766.64,262.42,UPI
100806,2025-08-14,CUST4229,Small Business,North,Delhi,Online,Groceries,Granola Bars,1,879.32,0.0,879.32,0.0,879.32,600.3,600.3,279.02,Net Banking
101444,2024-01-19,CUST1485,Small Business,North,Delhi,Online,Apparel,Cotton T-Shirt,2,2349.35,0.0,4698.7,0.0,4698.7,1697.73,3395.46,1303.24,UPI
100960,2024-12-08,CUST4295,Individual,East,Patna,Online,Furniture,Bookshelf,3,14580.55,0.0,43741.65,0.0,43741.65,8140.79,24422.37,19319.28,Net Banking
105216,2025-09-21,CUST4462,Small Business,West,Ahmedabad,Retail Store,Stationery,Notebook Set,2,172.79,0.05,345.58,17.28,328.3,120.46,240.92,87.38,Credit Card
100186,2025-11-29,CUST4613,Individual,North,Lucknow,Retail Store,Electronics,Wireless Mouse,8,5633.05,0.15,45064.4,6759.66,38304.74,4122.72,32981.76,5322.98,Cash on Delivery
105320,2025-10-12,CUST2735,Small Business,North,Lucknow,Online,Stationery,Desk Organizer,1,597.75,0.1,597.75,59.78,537.97,419.23,419.23,118.74,Net Banking
102086,2024-07-03,CUST4861,Individual,West,Mumbai,Online,Electronics,USB-C Hub,3,1046.58,0.05,3139.74,156.99,2982.75,668.98,2006.94,975.81,Cash on Delivery
103227,2024-01-31,CUST4706,Individual,East,Kolkata,Retail Store,Electronics,Laptop Stand,1,4573.63,0.1,4573.63,457.36,4116.27,3238.2,3238.2,878.07,Net Banking
100097,2024-07-15,CUST2543,Individual,South,Bengaluru,Online,Furniture,Standing Desk,1,11602.37,0.1,11602.37,1160.24,10442.13,6685.4,6685.4,3756.73,Credit Card
105705,2025-07-11,CUST2553,Individual,North,,Distributor,Apparel,Rain Jacket,8,563.75,0.1,4510.0,451.0,4059.0,405.07,3240.56,818.44,Net Banking
105707,2024-10-02,CUST1863,Small Business,North,Lucknow,Retail Store,Stationery,Notebook Set,3,202.42,0.2,607.26,121.45,485.81,148.76,446.28,39.53,Net Banking
102120,2024-02-10,CUST2237,Small Business,Central,Nagpur,Retail Store,ELECTRONICS,USB-C Hub,3,5744.1,0.05,17232.3,861.62,16370.68,3937.5,11812.5,4558.18,UPI
102790,2025-12-01,CUST3955,Individual,West,Ahmedabad,Retail Store,Stationery,Whiteboard,11,295.91,0.0,3255.01,0.0,3255.01,175.92,1935.12,1319.89,Debit Card
102928,2025-04-20,CUST4687,Individual,East,Kolkata,Retail Store,Electronics,Wireless Mouse,2,5466.87,0.15,10933.74,1640.06,9293.68,3009.84,6019.68,3274.0,Net Banking
101251,2025-08-25,CUST4812,Individual,Central,Nagpur,Online,Apparel,Wool Sweater,6,1551.65,0.1,9309.9,930.99,8378.91,1024.32,6145.92,2232.99,Net Banking
104528,2025-08-27,CUST4801,Individual,East,Bhubaneswar,Online,Apparel,Rain Jacket,2,1674.91,0.05,3349.82,167.49,3182.33,959.5,1919.0,1263.33,Debit Card
100670,2024-10-12,CUST2939,Small Business,Central,Bhopal,Distributor,Groceries,Organic Coffee,2,435.21,0.0,870.42,0.0,870.42,308.09,616.18,254.24,UPI
101753,2025-07-01,CUST3434,Individual,North,Lucknow,Online,Stationery,Whiteboard,1,525.41,0.0,525.41,0.0,525.41,316.5,316.5,208.91,Net Banking
100470,2025-11-30,CUST4230,Small Business,South,Chennai,Online,Furniture,Bookshelf,4,14568.47,0.0,58273.88,0.0,58273.88,10025.1,40100.4,18173.48,Net Banking
103625,2025-12-21,CUST3561,Individual,West,Ahmedabad,Retail Store,Furniture,Bookshelf,3,8093.78,0.0,24281.34,0.0,24281.34,5865.19,17595.57,6685.77,Credit Card
104054,2025-12-06,CUST2644,Individual,South,Bengaluru,Online,Groceries,Almond Butter,11,226.07,0.0,2486.77,0.0,2486.77,153.94,1693.34,793.43,UPI
101660,2025-11-14,CUST2346,Individual,West,Ahmedabad,Distributor,Electronics,Bluetooth Speaker,6,1259.84,0.1,7559.04,755.9,6803.14,749.4,4496.4,2306.74,Net Banking
103239,2025-07-12,CUST2055,Individual,West,Pune,Distributor,Stationery,Desk Organizer,6,683.67,0.15,4102.02,615.3,3486.72,400.81,2404.86,1081.86,Cash on Delivery
101477,2024-06-10,CUST4401,Individual,Central,Bhopal,Online,Groceries,Green Tea Pack,7,881.21,0.05,6168.47,308.42,5860.05,495.15,3466.05,2394.0,Debit Card
105781,2024-07-29,CUST3440,Individual,Central,Raipur,Online,Electronics,Power Bank,5,1743.54,0.15,8717.7,1307.65,7410.05,1162.97,5814.85,1595.2,Debit Card
103895,2024-01-14,CUST3735,Individual,North,Chandigarh,Online,Stationery,Desk Organizer,4,214.85,0.0,859.4,0.0,859.4,130.44,521.76,337.64,UPI
105431,2024-04-02,CUST3297,Enterprise,East,Bhubaneswar,Online,Electronics,Webcam HD,2,5413.57,0.15,10827.14,1624.07,9203.07,3383.85,6767.7,2435.37,Debit Card
105887,2025-05-17,CUST2743,Small Business,South,Chennai,Retail Store,Groceries,Organic Coffee,6,600.61,0.1,3603.66,360.37,3243.29,340.84,2045.04,1198.25,UPI
101378,2025-07-01,CUST2823,Individual,North,,Retail Store,Furniture,Desk Lamp,5,5708.13,0.0,28540.65,0.0,28540.65,3346.72,16733.6,11807.05,Cash on Delivery
105111,2025-02-16,CUST3909,Enterprise,East,Bhubaneswar,Distributor,Stationery,Whiteboard,2,335.21,0.0,670.42,0.0,670.42,191.29,382.58,287.84,Debit Card
103042,2024-11-23,CUST1495,Individual,North,Chandigarh,Online,Stationery,Desk Organizer,6,145.28,0.2,871.68,174.34,697.34,101.5,609.0,88.34,Credit Card
104240,2024-07-03,CUST2216,Individual,North,Chandigarh,Online,Electronics,Bluetooth Speaker,3,980.83,0.15,2942.49,441.37,2501.12,716.62,2149.86,351.26,Net Banking
103992,2025-11-19,CUST2103,Individual,West,Ahmedabad,Online,Groceries,Almond Butter,4,531.72,0.0,2126.88,0.0,2126.88,373.44,1493.76,633.12,Credit Card
103211,2024-06-22,CUST2641,Individual,South,Hyderabad,Retail Store,Groceries,Organic Coffee,5,547.8,0.1,2739.0,273.9,2465.1,356.85,1784.25,680.85,Cash on Delivery
101222,20/06/2024,CUST3080,Individual,North,Delhi,Online,Furniture,Office Chair,2,2819.4,0.0,5638.8,0.0,5638.8,2063.82,4127.64,1511.16,UPI
105124,2024-08-26,CUST4863,Small Business,Central,Nagpur,Distributor,Electronics,Webcam HD,3,3188.94,0.0,9566.82,0.0,9566.82,2117.49,6352.47,3214.35,UPI
102127,2025-02-16,CUST1036,Enterprise, West  ,Ahmedabad,Retail Store,Stationery,Whiteboard,1,540.16,0.0,540.16,0.0,540.16,353.58,353.58,186.58,UPI
105543,2025-09-24,CUST3502,Individual,North,Delhi,Online,Apparel,Wool Sweater,5,1506.67,0.15,7533.35,1130.0,6403.35,1087.11,5435.55,967.8,Debit Card
102036,2024-01-20,CUST4479,Small Business,East,Patna,Retail Store,Furniture,Office Chair,1,11187.08,0.0,11187.08,0.0,11187.08,7941.2,7941.2,3245.88,Debit Card
102423,2024-03-22,CUST2259,Individual,West,Pune,Retail Store,Apparel,Wool Sweater,4,1515.61,0.1,6062.44,606.24,5456.2,1053.18,4212.72,1243.48,Net Banking
103883,2025-04-28,CUST3230,Individual,Central,Bhopal,Online,Groceries,Granola Bars,1,792.59,0.0,792.59,0.0,792.59,580.49,580.49,212.1,Cash on Delivery
102537,2025-01-19,CUST4266,Individual,Central,Raipur,Retail Store,Groceries,Organic Coffee,2,707.18,0.15,1414.36,212.15,1202.21,392.89,785.78,416.43,Cash on Delivery
105134,2025-08-21,CUST3717,Individual,West,Pune,Online,Groceries,Olive Oil,2,335.74,0.0,671.48,0.0,671.48,240.59,481.18,190.3,Credit Card
100944,2025-02-04,CUST2782,,East,,Online,Groceries,Green Tea Pack,2,320.8,,641.6,96.24,545.36,208.46,416.92,128.44,
104855,2024-10-21,CUST3547,Enterprise,East,Bhubaneswar,Retail Store,Electronics,Wireless Mouse,8,2604.69,0.2,20837.52,4167.5,16670.02,1943.28,15546.24,1123.78,Net Banking
103707,2025-08-01,CUST2759,Small Business,North,Chandigarh,Online,Stationery,Notebook Set,7,531.15,0.0,3718.05,0.0,3718.05,341.22,2388.54,1329.51,Credit Card
100242,2024-03-31,CUST3175,Enterprise,West,Ahmedabad,Online,Furniture,Desk Lamp,4,2490.43,0.0,9961.72,0.0,9961.72,1746.71,6986.84,2974.88,Cash on Delivery
101790,2024-03-21,CUST1550,Small Business,West,Ahmedabad,Retail Store,Furniture,Filing Cabinet,2,8506.19,0.0,17012.38,0.0,17012.38,5360.25,10720.5,6291.88,Credit Card
101927,2025-01-24,CUST1541,Small Business,West,Mumbai,Retail Store,Stationery,Sticky Notes,5,615.0,0.0,3075.0,0.0,3075.0,365.12,1825.6,1249.4,Cash on Delivery
103078,2025-04-02,CUST2639,Individual,West,Pune,Online,Apparel,Rain Jacket,1,1662.66,0.0,1662.66,0.0,1662.66,929.64,929.64,733.02,Debit Card
102604,2025-07-30,CUST3402,Small Business,East,Bhubaneswar,Online,Stationery,Gel Pens Pack,2,567.41,0.0,1134.82,0.0,1134.82,317.47,634.94,499.88,Credit Card
100527,2024-09-08,CUST4438,Enterprise,Central,Nagpur,Online,Stationery,Whiteboard,2,651.52,0.0,1303.04,0.0,1303.04,436.24,872.48,430.56,Cash on Delivery
105867,2024-03-25,CUST2229,Individual,South,Chennai,Retail Store,Stationery,Notebook Set,5,312.6,0.0,1563.0,0.0,1563.0,230.23,1151.15,411.85,Cash on Delivery
105893,2025-06-10,CUST1554,Individual,West,Ahmedabad,Online,Groceries,Olive Oil,2,679.49,0.05,1358.98,67.95,1291.03,488.22,976.44,314.59,Cash on Delivery
103785,2024-07-14,CUST2379,Individual,West,Ahmedabad,Distributor,Electronics,Laptop Stand,3,2800.96,0.05,8402.88,420.14,7982.74,1734.91,5204.73,2778.01,UPI
103767,2024-02-18,CUST3564,Small Business,North,Lucknow,Online,Stationery,Gel Pens Pack,3,439.77,0.0,1319.31,0.0,1319.31,273.22,819.66,499.65,Debit Card
102961,2025-11-26,CUST1644,Individual,Central,Nagpur,Online,Stationery,Gel Pens Pack,3,94.44,0.05,283.32,14.17,269.15,68.5,205.5,63.65,Net Banking
102253,18/12/2024,CUST3865,Small Business,North,Delhi,Retail Store,Furniture,Filing Cabinet,6,8114.83,0.15,48688.98,7303.35,41385.63,5836.41,35018.46,6367.17,Credit Card
105568,2025-12-28,CUST2863,Individual,South,Bengaluru,Distributor,Electronics,Webcam HD,4,5982.66,0.0,23930.64,0.0,23930.64,3421.25,13685.0,10245.64,UPI
105141,2025-05-06,CUST2692,Individual,North,Delhi,Online,Stationery,Whiteboard,3,301.82,0.0,905.46,0.0,905.46,175.15,525.45,380.01,UPI
102137,2025-05-26,CUST1945,Small Business,East,Kolkata,Online,Groceries,Organic Coffee,1,415.63,0.05,415.63,20.78,394.85,230.98,230.98,163.87,Net Banking
104398,2024-06-17,CUST2510,Individual,Central,Raipur,Retail Store,Electronics,Wireless Mouse,3,2072.08,0.2,6216.24,1243.25,4972.99,1511.75,4535.25,437.74,Net Banking
100430,2025-12-26,CUST2836,Individual,South,Bengaluru,Online,Furniture,Standing Desk,3,6805.74,0.0,20417.22,0.0,20417.22,3944.53,11833.59,8583.63,Net Banking
105924,2025-12-13,CUST2175,Small Business,Central,Nagpur,Retail Store,Stationery,Gel Pens Pack,1,498.63,0.0,498.63,0.0,498.63,302.24,302.24,196.39,Cash on Delivery
102067,2025-05-27,CUST3637,Individual,South,Hyderabad,Online,Stationery,Whiteboard,3,328.65,0.15,985.95,147.89,838.06,185.44,556.32,281.74,Cash on Delivery
102326,2024-01-09,CUST4198,Individual,East,Bhubaneswar,Retail Store,Furniture,Desk Lamp,1,10428.84,0.05,10428.84,521.44,9907.4,7247.57,7247.57,2659.83,Cash on Delivery
101929,2025-02-20,CUST2464,Small Business,South,Chennai,Online,Furniture,Filing Cabinet,1,13996.38,0.05,13996.38,699.82,13296.56,9823.47,9823.47,3473.09,UPI
103030,2025-01-15,CUST3068,Individual,Central,Nagpur,Online,Groceries,Organic Coffee,1,572.14,0.0,572.14,0.0,572.14,425.05,425.05,147.09,Net Banking
103336,2025-03-15,CUST1016,Individual,East,Kolkata,Online,Electronics,USB-C Hub,1,4274.59,0.15,4274.59,641.19,3633.4,2573.01,2573.01,1060.39,Credit Card
102808,2024-11-18,CUST3987,Enterprise,East,Kolkata,Distributor,Apparel,Cotton T-Shirt,4,2473.67,0.0,9894.68,0.0,9894.68,1384.51,5538.04,4356.64,Net Banking
105993,2024-02-23,CUST3167,Small Business,Central,Raipur,Distributor,Electronics,Webcam HD,1,5017.47,0.2,5017.47,1003.49,4013.98,3417.85,3417.85,596.13,Cash on Delivery
101479,2025-01-17,CUST3234,Individual,North,Lucknow,Distributor,Electronics,Laptop Stand,1,814.5,0.0,814.5,0.0,814.5,475.61,475.61,338.89,Cash on Delivery
100339,13/08/2025,CUST3589,Individual,North,Chandigarh,Online,Groceries,Organic Coffee,6,639.58,0.0,3837.48,0.0,3837.48,432.85,2597.1,1240.38,Cash on Delivery
102075,2025-09-26,CUST4065,Small Business,Central,Raipur,Online,Groceries,Almond Butter,2,322.55,0.0,645.1,0.0,645.1,215.79,431.58,213.52,Cash on Delivery
102012,2025-10-05,CUST1334,Individual,East,Bhubaneswar,Online,Groceries,Almond Butter,3,252.16,0.05,756.48,37.82,718.66,149.45,448.35,270.31,Debit Card
102675,2024-02-29,CUST3590,Individual,East,Kolkata,Online,Groceries,Green Tea Pack,2,720.86,0.05,1441.72,72.09,1369.63,460.67,921.34,448.29,Net Banking
100254,2025-11-16,CUST3510,Individual,Central,Raipur,Retail Store,Apparel,Rain Jacket,3,2125.65,0.2,6376.95,1275.39,5101.56,1406.48,4219.44,882.12,Credit Card
103222,2025-06-04,CUST4457,Small Business,West,Ahmedabad,Online,Furniture,Standing Desk,10,11210.27,0.0,112102.7,0.0,112102.7,6664.22,66642.2,45460.5,Net Banking
100321,2025-04-08,CUST1369,Individual,West,Mumbai,Online,Apparel,Rain Jacket,2,665.91,0.15,1331.82,199.77,1132.05,367.34,734.68,397.37,UPI
102049,2025-12-04,CUST1808,Individual,West,Mumbai,Distributor,Groceries,Olive Oil,3,550.95,0.0,1652.85,0.0,1652.85,319.4,958.2,694.65,UPI
103841,2025-03-27,CUST3407,Individual,West,Mumbai,Retail Store,Stationery,Sticky Notes,4,673.57,0.2,2694.28,538.86,2155.42,440.23,1760.92,394.5,Credit Card
100947,2024-03-05,CUST3364,Small Business,East,Patna,Online,Electronics,Laptop Stand,3,5532.76,0.0,16598.28,0.0,16598.28,3657.15,10971.45,5626.83,Net Banking
104580,2025-02-02,CUST2425,Small Business,East,Bhubaneswar,Distributor,Groceries,Olive Oil,1,882.14,0.0,882.14,0.0,882.14,496.26,496.26,385.88,UPI
102456,2025-10-26,CUST3108,Small Business,East,Kolkata,Online,Groceries,Granola Bars,3,385.19,0.0,1155.57,0.0,1155.57,274.84,824.52,331.05,Cash on Delivery
101085,2024-10-24,CUST2260,Individual,West,Mumbai,Retail Store,Electronics,Bluetooth Speaker,1,4352.55,0.0,4352.55,0.0,4352.55,2802.9,2802.9,1549.65,Net Banking
103769,2025-08-24,CUST3343,Small Business,South,Chennai,Online,Stationery,Notebook Set,2,164.44,0.0,328.88,0.0,328.88,117.99,235.98,92.9,Credit Card
105384,19/02/2025,CUST2622,Small Business,East,Bhubaneswar,Retail Store,Electronics,Webcam HD,1,2727.5,0.05,2727.5,136.38,2591.12,1800.14,1800.14,790.98,Cash on Delivery
101192,2024-08-15,CUST3465,Small Business,West,Ahmedabad,Retail Store,Apparel,Rain Jacket,2,1072.18,0.2,2144.36,428.87,1715.49,702.75,1405.5,309.99,UPI
100621,2025-03-10,CUST2413,Small Business,West,Pune,Online,Stationery,Gel Pens Pack,4,522.78,0.15,2091.12,313.67,1777.45,343.4,1373.6,403.85,Debit Card
102099,09/07/2024,CUST1327,Small Business,Central,Nagpur,Retail Store,Groceries,Green Tea Pack,5,486.63,0.0,2433.15,0.0,2433.15,310.24,1551.2,881.95,Credit Card
100751,09-06-2025,CUST2159,Individual,North,Delhi,Online,Furniture,Bookshelf,6,6235.26,0.15,37411.56,5611.73,31799.83,3961.23,23767.38,8032.45,Credit Card
102994,2025-08-19,CUST4907,Enterprise,West,Mumbai,Distributor,Apparel,Running Shoes,1,2188.61,0.15,2188.61,328.29,1860.32,1244.37,1244.37,615.95,Cash on Delivery
105072,2025-08-24,CUST4048,Small Business,North,Delhi,Online,Furniture,Standing Desk,3,5756.82,0.15,17270.46,2590.57,14679.89,4049.52,12148.56,2531.33,UPI
102804,2025-12-10,CUST3705,Individual,East,Patna,Retail Store,Apparel,Denim Jacket,6,1235.3,0.2,7411.8,1482.36,5929.44,712.62,4275.72,1653.72,Cash on Delivery
101798,06-May-2025,CUST4808,Small Business,Central,Raipur,Retail Store,Apparel,Wool Sweater,4,1140.63,0.0,4562.52,0.0,4562.52,699.37,2797.48,1765.04,Debit Card
101865,2025-08-21,CUST3015,Individual,West,Pune,Distributor,Stationery,Sticky Notes,3,579.26,0.0,1737.78,0.0,1737.78,378.24,1134.72,603.06,Net Banking
103550,2024-04-09,CUST3094,Small Business,East,Kolkata,Online,Furniture,Standing Desk,1,2718.83,0.1,2718.83,271.88,2446.95,1506.68,1506.68,940.27,Net Banking
101959,2025-12-01,CUST1911,Small Business,Central,,Online,Stationery,Whiteboard,3,188.2,0.05,564.6,28.23,536.37,124.51,373.53,162.84,UPI
102296,2024-06-03,CUST2367,Enterprise,North,Lucknow,Online,Furniture,Desk Lamp,3,12834.96,0.1,38504.88,3850.49,34654.39,8595.82,25787.46,8866.93,Cash on Delivery
103695,2024-08-11,CUST4045,Enterprise,East,Patna,Online,Furniture,Desk Lamp,1,2716.63,0.1,2716.63,271.66,2444.97,1723.88,1723.88,721.09,Cash on Delivery
101778,2024-01-17,CUST1456,Small Business,Central,Bhopal,Distributor,GROCERIES,Green Tea Pack,2,198.17,0.2,396.34,79.27,317.07,115.4,230.8,86.27,Cash on Delivery
103861,2024-11-20,CUST4935,Individual,South,Bengaluru,Online,Groceries,Green Tea Pack,3,288.26,0.15,864.78,129.72,735.06,192.68,578.04,157.02,UPI
100578,2025-07-06,CUST1213,Small Business, South  ,Hyderabad,Retail Store,Electronics,Power Bank,1,2783.73,0.0,2783.73,0.0,2783.73,2062.0,2062.0,721.73,UPI
101668,11-12-2024,CUST4486,Individual,East,Patna,Retail Store,Electronics,Bluetooth Speaker,4,5650.83,0.2,22603.32,4520.66,18082.66,3711.03,14844.12,3238.54,Credit Card
101396,2024-05-17,CUST3134,Small Business,West,Pune,Online,Stationery,Gel Pens Pack,2,82.91,0.0,165.82,0.0,165.82,50.49,100.98,64.84,Credit Card
104393,2024-09-20,CUST4254,Small Business,East,Kolkata,Online,Furniture,Desk Lamp,5,10273.91,0.1,51369.55,5136.96,46232.59,7154.74,35773.7,10458.89,Net Banking
102184,25/08/2024,CUST3134,Enterprise,Central,Nagpur,Retail Store,Apparel,Running Shoes,5,1324.74,0.05,6623.7,331.19,6292.51,745.43,3727.15,2565.36,UPI
102755,2024-12-04,CUST2019,Individual,Central,Bhopal,Online,Furniture,Standing Desk,1,14532.92,0.15,14532.92,2179.94,12352.98,10473.85,10473.85,1879.13,Debit Card
101806,2024-10-05,CUST1435,Small Business,South,Chennai,Retail Store,Electronics,Webcam HD,2,5183.82,0.0,10367.64,0.0,10367.64,3788.96,7577.92,2789.72,Credit Card
102855,2024-10-04,CUST2419,Enterprise,East,Patna,Retail Store,Apparel,Cotton T-Shirt,1,1451.45,0.1,1451.45,145.15,1306.3,815.88,815.88,490.42,Debit Card
105238,2024-01-03,CUST4805,Small Business,West,Pune,Retail Store,Groceries,Granola Bars,3,365.84,0.05,1097.52,54.88,1042.64,215.37,646.11,396.53,Debit Card
100271,2024-01-10,CUST3212,Enterprise,East,Patna,Online,Electronics,Power Bank,1,2067.9,0.0,2067.9,0.0,2067.9,1296.94,1296.94,770.96,Debit Card
100171,2025-11-24,CUST3410,Individual,West,Mumbai,Online,Groceries,Almond Butter,4,315.77,0.05,1263.08,63.15,1199.93,222.45,889.8,310.13,Net Banking
102042,2025-09-10,CUST4612,Small Business,Central,Bhopal,Online,Groceries,Granola Bars,2,315.25,0.05,630.5,31.53,598.97,220.56,441.12,157.85,Net Banking
100345,2024-04-23,CUST1075,Individual,West,Mumbai,Online,Apparel,Wool Sweater,1,1826.88,0.15,1826.88,274.03,1552.85,1260.09,1260.09,292.76,Debit Card
101234,2025-05-03,CUST4420,Small Business,Central,Bhopal,Online,Apparel,Rain Jacket,1,673.61,0.0,673.61,0.0,673.61,435.97,435.97,237.64,Net Banking
101816,13-Mar-2024,CUST2563,Individual,South,Chennai,Online,Electronics,Power Bank,3,4696.61,0.05,14089.83,704.49,13385.34,2942.17,8826.51,4558.83,Debit Card
105875,2025-03-25,CUST2733,Small Business,East,Kolkata,Online,Apparel,Denim Jacket,4,2802.54,0.1,11210.16,1121.02,10089.14,2094.6,8378.4,1710.74,Debit Card
105691,2024-09-29,CUST1885,Individual,South,Hyderabad,Online,Electronics,USB-C Hub,1,1806.07,0.0,1806.07,0.0,1806.07,1095.77,1095.77,710.3,Cash on Delivery
103645,2024-08-07,CUST3826,Individual,West,Pune,Online,Electronics,Laptop Stand,5,5634.97,0.05,28174.85,1408.74,26766.11,3449.51,17247.55,9518.56,Credit Card
105473,2025-01-14,CUST4156,Individual,East,Patna,Online,Electronics,Power Bank,3,4498.63,0.0,13495.89,0.0,13495.89,2953.68,8861.04,4634.85,Debit Card
102723,2025-02-19,CUST2804,Individual,Central,Raipur,Online,Groceries,Organic Coffee,3,217.0,0.0,651.0,0.0,651.0,149.93,449.79,201.21,Credit Card
105207,2025-07-08,CUST3738,Individual,North,Lucknow,Distributor,Stationery,Gel Pens Pack,7,243.04,0.0,1701.28,0.0,1701.28,173.18,1212.26,489.02,UPI
104675,2025-04-03,CUST4951,Individual,East,Kolkata,Distributor,Electronics,Bluetooth Speaker,1,4996.7,0.0,4996.7,0.0,4996.7,3564.33,3564.33,1432.37,Debit Card
104571,2024-08-28,CUST1614,Individual,Central,Raipur,Distributor,Stationery,Desk Organizer,5,667.05,0.0,3335.25,0.0,3335.25,469.02,2345.1,990.15,Debit Card
101497,2025-08-10,CUST4391,Individual, North  ,Delhi,Retail Store,FURNITURE,Desk Lamp,2,7763.99,0.2,15527.98,3105.6,12422.38,5655.07,11310.14,1112.24,Cash on Delivery
104057,2025-09-22,CUST3049,Small Business,West,Mumbai,Online,Groceries,Almond Butter,5,454.0,0.2,2270.0,454.0,1816.0,265.8,1329.0,487.0,UPI
101276,2025-01-20,CUST4766,Individual,South,Bengaluru,Retail Store,Furniture,Filing Cabinet,2,3527.12,0.05,7054.24,352.71,6701.53,2409.35,4818.7,1882.83,Cash on Delivery
101310,2024-12-21,CUST3525,Individual,East,Patna,Online,Groceries,Organic Coffee,1,591.65,0.0,591.65,0.0,591.65,392.27,392.27,199.38,Cash on Delivery
101787,2025-10-25,CUST2776,Individual,West,Mumbai,Online,Groceries,Olive Oil,3,187.77,0.0,563.31,0.0,563.31,120.43,361.29,202.02,Credit Card
104030,2025-04-05,CUST1000,Small Business,South,Bengaluru,Retail Store,Apparel,Rain Jacket,5,1784.37,0.0,8921.85,0.0,8921.85,1019.35,5096.75,3825.1,UPI
104790,2024-11-23,CUST1281,Enterprise,North,Delhi,Online,Furniture,Filing Cabinet,3,4606.49,0.0,13819.47,0.0,13819.47,3397.94,10193.82,3625.65,Credit Card
102950,2025-07-01,CUST1330,Enterprise,North,Lucknow,Online,Stationery,Notebook Set,7,676.04,0.0,4732.28,0.0,4732.28,413.51,2894.57,1837.71,Cash on Delivery
105856,14-Oct-2024,CUST3716,Individual,North,Lucknow,Online,Furniture,Office Chair,1,10376.23,0.0,10376.23,0.0,10376.23,6708.24,6708.24,3667.99,Debit Card
101891,2025-09-21,CUST2107,Individual,North,Lucknow,Online,Apparel,Denim Jacket,3,1617.58,0.0,4852.74,0.0,4852.74,961.89,2885.67,1967.07,Debit Card
100678,2024-04-11,CUST2187,Individual,North,Lucknow,Online,Electronics,Wireless Mouse,3,4699.71,0.2,14099.13,2819.83,11279.3,2615.52,7846.56,3432.74,Cash on Delivery
105969,2025-01-24,CUST2449,Individual,East,Patna,Retail Store,Groceries,Granola Bars,3,587.83,0.15,1763.49,264.52,1498.97,358.0,1074.0,424.97,Debit Card
102171,2024-03-23,CUST2219,Small Business,East,Kolkata,Online,Electronics,Bluetooth Speaker,3,4629.49,0.05,13888.47,694.42,13194.05,2752.84,8258.52,4935.53,Cash on Delivery
103557,2024-02-02,CUST4494,Enterprise,East,Bhubaneswar,Retail Store,Electronics,Power Bank,1,4437.67,0.0,4437.67,0.0,4437.67,3250.92,3250.92,1186.75,Net Banking
102302,2025-12-02,CUST4561,Individual,West,Mumbai,Online,Groceries,Granola Bars,9,212.42,0.2,1911.78,382.36,1529.42,133.11,1197.99,331.43,Credit Card
103544,2024-05-23,CUST3172,Small Business,East,Kolkata,Retail Store,Stationery,Whiteboard,1,438.3,0.1,438.3,43.83,394.47,261.16,261.16,133.31,Debit Card
104160,2025-06-09,CUST1664,Small Business,South,Chennai,Retail Store,Stationery,Sticky Notes,3,215.14,0.1,645.42,64.54,580.88,155.28,465.84,115.04,Cash on Delivery
102734,2024-06-25,CUST3048,Individual,East,Patna,Online,Groceries,Organic Coffee,1,289.02,0.0,289.02,0.0,289.02,198.39,198.39,90.63,Cash on Delivery
103627,2024-06-02,CUST4765,Individual,Central,Raipur,Retail Store,Furniture,Standing Desk,1,14444.99,0.2,14444.99,2889.0,11555.99,10086.65,10086.65,1469.34,Net Banking
104084,2024-06-25,CUST3621,Individual,North,Delhi,Retail Store,ELECTRONICS,USB-C Hub,8,2377.66,0.05,19021.28,951.06,18070.22,1765.57,14124.56,3945.66,Net Banking
100296,2025-07-24,CUST2829,Enterprise,East,Bhubaneswar,Retail Store,Groceries,Green Tea Pack,10,253.55,0.0,2535.5,0.0,2535.5,177.37,1773.7,761.8,Net Banking
101071,2024-10-12,CUST4689,Individual,Central,Bhopal,Distributor,Apparel,Running Shoes,6,1608.66,0.2,9651.96,1930.39,7721.57,1108.21,6649.26,1072.31,Credit Card
100054,2025-08-24,CUST2925,Individual,East,Bhubaneswar,Online,Electronics,Power Bank,3,4187.85,0.05,12563.55,628.18,11935.37,3114.97,9344.91,2590.46,UPI
105614,2024-09-01,CUST2055,Small Business,East,Kolkata,Retail Store,Electronics,Bluetooth Speaker,-1,3240.32,0.0,3240.32,0.0,3240.32,1956.57,1956.57,1283.75,Credit Card
103401,2025-07-30,CUST4451,Individual,East,Bhubaneswar,Distributor,Electronics,Webcam HD,3,2212.19,0.0,6636.57,0.0,6636.57,1347.11,4041.33,2595.24,Debit Card
103551,2025-01-04,CUST1924,Individual,West,Pune,Online,Apparel,Wool Sweater,2,2915.15,0.0,5830.3,0.0,5830.3,1887.57,3775.14,2055.16,Debit Card
105417,2024-07-30,CUST1314,Individual,North,Delhi,Distributor,Apparel,Cotton T-Shirt,5,2554.33,0.0,12771.65,0.0,12771.65,1513.6,7568.0,5203.65,Credit Card
104197,2025-02-12,CUST4788,Small Business,West,Mumbai,Online,Electronics,Wireless Mouse,2,2690.04,0.05,5380.08,269.0,5111.08,1935.92,3871.84,1239.24,Net Banking
105617,2024-05-23,CUST1703,Small Business,South,Hyderabad,Online,ELECTRONICS,USB-C Hub,4,1922.41,0.2,7689.64,1537.93,6151.71,1368.87,5475.48,676.23,UPI
103343,2024-11-12,CUST2604,Small Business,Central,Raipur,Retail Store,Furniture,Bookshelf,-1,9884.16,0.0,9884.16,0.0,9884.16,6448.06,6448.06,3436.1,Net Banking
102007,2025-09-02,CUST1405,Individual,North,Chandigarh,Retail Store,Groceries,Organic Coffee,1,328.0,0.05,328.0,16.4,311.6,226.03,226.03,85.57,Net Banking
100302,2024-04-29,CUST4530,Enterprise,Central,,Online,Stationery,Sticky Notes,3,364.49,0.05,1093.47,54.67,1038.8,265.82,797.46,241.34,
100366,2025-06-22,CUST1098,Individual,East,Kolkata,Retail Store,Stationery,Desk Organizer,1,519.32,0.0,519.32,0.0,519.32,285.79,285.79,233.53,Cash on Delivery
103701,2025-12-30,CUST1708,Individual,West,Mumbai,Retail Store,Groceries,Green Tea Pack,11,265.96,0.0,2925.56,0.0,2925.56,185.95,2045.45,880.11,Cash on Delivery
100103,2025-09-15,CUST3588,Individual,North,Chandigarh,Online,Stationery,Whiteboard,6,641.19,0.1,3847.14,384.71,3462.43,421.4,2528.4,934.03,Credit Card
105393,2024-12-17,CUST4876,Enterprise,East,Patna,Online,Apparel,Denim Jacket,4,1793.18,0.0,7172.72,0.0,7172.72,1292.33,5169.32,2003.4,Cash on Delivery
102793,2024-05-09,CUST2246,Individual,South,Bengaluru,Retail Store,FURNITURE,Standing Desk,6,11150.34,0.2,66902.04,13380.41,53521.63,7737.31,46423.86,7097.77,UPI
103554,2025-10-09,CUST1030,Individual,South,Chennai,Retail Store,Stationery,Notebook Set,1,215.91,0.2,215.91,43.18,172.73,152.82,152.82,19.91,UPI
102796,2025-07-10,CUST1392,Individual,Central,Raipur,Retail Store,Apparel,Running Shoes,5,2959.98,0.0,14799.9,0.0,14799.9,1949.87,9749.35,5050.55,UPI
105039,2025-01-19,CUST2780,Enterprise,East,Patna,Retail Store,Furniture,Filing Cabinet,1,2430.06,0.1,2430.06,243.01,2187.05,1719.91,1719.91,467.14,UPI
102732,2025-08-30,CUST2490,Small Business,West,Mumbai,Retail Store,Stationery,Whiteboard,4,476.1,0.0,1904.4,0.0,1904.4,308.35,1233.4,671.0,UPI
103778,2025-01-16,CUST1263,Individual,Central,Raipur,Distributor,Apparel,Rain Jacket,1,2087.56,0.0,2087.56,0.0,2087.56,1304.88,1304.88,782.68,Cash on Delivery
104462,12-18-2024,CUST2774,Individual,North,Delhi,Distributor,Groceries,Green Tea Pack,6,716.24,0.15,4297.44,644.62,3652.82,440.99,2645.94,1006.88,Credit Card
105935,2025-06-06,CUST4948,Individual,North,Delhi,Retail Store,Apparel,Rain Jacket,3,2114.49,0.0,6343.47,0.0,6343.47,1557.62,4672.86,1670.61,Credit Card
103006,2024-11-09,CUST3833,Small Business,North,Chandigarh,Retail Store,Apparel,Running Shoes,1,1528.37,0.0,1528.37,0.0,1528.37,876.2,876.2,652.17,Credit Card
104773,2024-05-21,CUST1265,Small Business,North,Lucknow,Retail Store,Apparel,Running Shoes,1,2726.71,0.05,2726.71,136.34,2590.37,1675.86,1675.86,914.51,UPI
101488,2025-03-11,CUST1433,Individual,South,Bengaluru,Online,Electronics,Laptop Stand,4,4657.5,0.0,18630.0,0.0,18630.0,2716.45,10865.8,7764.2,Debit Card
105126,2024-09-06,CUST4087,Individual,Central,Bhopal,Online,Furniture,Desk Lamp,3,13866.87,0.05,41600.61,2080.03,39520.58,8674.19,26022.57,13498.01,Net Banking
104945,2025-07-24,CUST3124,Enterprise,East,Patna,Retail Store,Groceries,Granola Bars,1,615.29,0.0,615.29,0.0,615.29,373.14,373.14,242.15,Cash on Delivery
100375,2024-10-10,CUST1579,Individual, West  ,Ahmedabad,Online,Stationery,Sticky Notes,2,416.37,0.1,832.74,83.27,749.47,255.53,511.06,238.41,UPI
101214,2024-01-13,CUST3233,Small Business,North,Lucknow,Retail Store,Stationery,Notebook Set,1,696.48,0.0,696.48,0.0,696.48,428.34,428.34,268.14,UPI
100545,2024-12-09,CUST1979,Small Business,West,Pune,Online,STATIONERY,Sticky Notes,4,509.8,0.05,2039.2,101.96,1937.24,344.0,1376.0,561.24,Cash on Delivery
101352,2024-07-30,CUST4739,Individual,West,Ahmedabad,Retail Store,Stationery,Desk Organizer,2,150.71,0.15,301.42,45.21,256.21,111.93,223.86,32.35,UPI
100292,2025-09-21,CUST2723,Individual,Central,Raipur,Retail Store,Stationery,Notebook Set,1,560.42,0.15,560.42,84.06,476.36,356.59,356.59,119.77,Credit Card
104693,2024-05-17,CUST3319,Small Business,East,Patna,Online,Groceries,Organic Coffee,2,592.17,0.2,1184.34,236.87,947.47,401.03,802.06,145.41,Net Banking
100390,2024-12-17,CUST4069,Individual,West,Pune,Online,Stationery,Notebook Set,3,183.86,0.15,551.58,82.74,468.84,135.06,405.18,63.66,Cash on Delivery
102870,2024-01-06,CUST2572,Small Business,North,Delhi,Retail Store,Apparel,Wool Sweater,1,1787.57,0.05,1787.57,89.38,1698.19,1300.49,1300.49,397.7,Net Banking
105275,2024-11-12,CUST3196,Individual,East,Bhubaneswar,Retail Store,Apparel,Cotton T-Shirt,3,1754.89,0.0,5264.67,0.0,5264.67,1282.89,3848.67,1416.0,Debit Card
103670,2024-12-20,CUST4871,Small Business,East,Patna,Online,Groceries,Granola Bars,1,782.12,0.15,782.12,117.32,664.8,467.43,467.43,197.37,Credit Card
101871,2025-02-17,CUST1674,Individual,East,Patna,Retail Store,Stationery,Whiteboard,2,195.05,0.0,390.1,0.0,390.1,127.78,255.56,134.54,UPI
104440,2025-12-30,CUST4003,Individual,Central,Nagpur,Online,Electronics,USB-C Hub,4,3927.22,0.0,15708.88,0.0,15708.88,2461.72,9846.88,5862.0,Debit Card
100248,2024-07-25,CUST3740,Enterprise,East,Kolkata,Online,Apparel,Wool Sweater,2,1009.71,0.0,2019.42,0.0,2019.42,724.01,1448.02,571.4,Cash on Delivery
104761,2024-10-16,CUST2775,Individual,North,Delhi,Online,Electronics,Webcam HD,3,1946.32,0.0,5838.96,0.0,5838.96,1286.47,3859.41,1979.55,UPI
103232,2024-09-20,CUST4164,Small Business,West,Pune,Online,Apparel,Wool Sweater,2,2913.66,0.15,5827.32,874.1,4953.22,1875.52,3751.04,1202.18,UPI
102165,2024-11-15,CUST3107,Individual,East,Kolkata,Online,Furniture,Standing Desk,9,5031.88,0.1,45286.92,4528.69,40758.23,3660.43,32943.87,7814.36,Cash on Delivery
105699,2024-07-28,CUST4279,Enterprise,South,Bengaluru,Retail Store,Furniture,Desk Lamp,3,8766.09,0.0,26298.27,0.0,26298.27,4832.61,14497.83,11800.44,Cash on Delivery
101297,2024-05-28,CUST3318,Individual,South,Bengaluru,Distributor,Furniture,Standing Desk,2,9896.57,0.15,19793.14,2968.97,16824.17,7141.49,14282.98,2541.19,Debit Card
105615,2024-10-11,CUST2464,Small Business,North,Delhi,Retail Store,Electronics,USB-C Hub,6,4089.56,0.1,24537.36,2453.74,22083.62,2259.08,13554.48,8529.14,Cash on Delivery
103065,2025-07-08,CUST4678,Individual,West,Ahmedabad,Online,Apparel,Wool Sweater,2,2852.96,0.15,5705.92,855.89,4850.03,2131.54,4263.08,586.95,Net Banking
105457,2024-03-17,CUST2183,Individual,South,Hyderabad,Online,Furniture,Office Chair,1,5937.94,0.0,5937.94,0.0,5937.94,3523.32,3523.32,2414.62,UPI
100411,2024-10-17,CUST1360,Individual,South,Bengaluru,Online,Groceries,Olive Oil,2,178.22,0.05,356.44,17.82,338.62,119.84,239.68,98.94,Net Banking
102006,2025-02-01,CUST3842,Individual,North,Chandigarh,Retail Store,Furniture,Bookshelf,1,13399.8,0.2,13399.8,2679.96,10719.84,8957.85,8957.85,1761.99,Debit Card
105193,2024-12-06,CUST3572,Small Business,East,Patna,Online,Furniture,Office Chair,9,6482.52,0.0,58342.68,0.0,58342.68,4284.77,38562.93,19779.75,Cash on Delivery
101895,2024-09-17,CUST4845,Enterprise,West,Ahmedabad,Retail Store,Groceries,Granola Bars,2,405.03,0.15,810.06,121.51,688.55,240.32,480.64,207.91,UPI
101185,2024-05-03,CUST3212,Individual,Central,Raipur,Retail Store,Groceries,Almond Butter,1,158.65,0.2,158.65,31.73,126.92,88.07,88.07,38.85,UPI
104925,12/09/2025,CUST2197,Individual,West,Mumbai,Online,Stationery,Notebook Set,2,526.46,0.0,1052.92,0.0,1052.92,311.88,623.76,429.16,Credit Card
103005,2025-02-15,CUST2201,Small Business,North,Lucknow,Distributor,Stationery,Gel Pens Pack,3,101.7,0.0,305.1,0.0,305.1,75.83,227.49,77.61,Credit Card
101899,2024-09-02,CUST4359,Individual,Central,Raipur,Online,Apparel,Running Shoes,3,957.44,0.0,2872.32,0.0,2872.32,679.94,2039.82,832.5,Cash on Delivery
100833,2025-03-14,CUST2083,Small Business,South,Chennai,Retail Store,Electronics,Wireless Mouse,6,1381.28,0.2,8287.68,1657.54,6630.14,893.02,5358.12,1272.02,Debit Card
102228,2025-08-23,CUST3676,Individual,South,Hyderabad,Retail Store,Groceries,Granola Bars,1,414.24,0.0,414.24,0.0,414.24,244.6,244.6,169.64,Cash on Delivery
101804,2024-02-16,CUST4360,Small Business,North,Delhi,Online,Apparel,Rain Jacket,2,2418.96,0.05,4837.92,241.9,4596.02,1767.68,3535.36,1060.66,UPI
100691,2024-12-27,CUST1736,Individual,West,Mumbai,Distributor,Apparel,Cotton T-Shirt,1,2680.86,0.05,2680.86,134.04,2546.82,1490.53,1490.53,1056.29,Debit Card
104950,2024-12-16,CUST1146,Individual,South,Chennai,Online,Electronics,USB-C Hub,6,1094.33,0.1,6565.98,656.6,5909.38,629.67,3778.02,2131.36,UPI
102519,2024-11-28,CUST3033,Small Business,West,Ahmedabad,Retail Store,Furniture,Standing Desk,1,11890.21,0.2,11890.21,2378.04,9512.17,8023.93,8023.93,1488.24,UPI
102753,2024-07-21,CUST3590,Individual,South,Hyderabad,Online,Stationery,Notebook Set,3,326.64,0.0,979.92,0.0,979.92,211.16,633.48,346.44,UPI
104372,2024-03-28,CUST3825,Individual,Central,Raipur,Distributor,Apparel,Rain Jacket,4,1099.59,0.15,4398.36,659.75,3738.61,807.44,3229.76,508.85,Net Banking
101513,2024-02-07,CUST4241,Individual,West,Pune,Distributor,Furniture,Standing Desk,1,7152.65,0.05,7152.65,357.63,6795.02,4607.74,4607.74,2187.28,Debit Card
105288,2025-01-06,CUST4233,Individual,East,Patna,Online,Electronics,Laptop Stand,2,2263.65,0.1,4527.3,452.73,4074.57,1483.03,2966.06,1108.51,UPI
105076,2024-05-30,CUST3479,Individual,North,Lucknow,Online,Apparel,Running Shoes,1,2301.94,0.2,2301.94,460.39,1841.55,1714.47,1714.47,127.08,Credit Card
104131,2024-08-15,CUST1419,Individual,Central,Bhopal,Retail Store,Furniture,Standing Desk,2,13055.42,0.0,26110.84,0.0,26110.84,7531.97,15063.94,11046.9,Credit Card
101076,2025-07-05,CUST4329,Individual,Central,Bhopal,Retail Store,Apparel,Cotton T-Shirt,5,1710.45,0.0,8552.25,0.0,8552.25,969.84,4849.2,3703.05,Net Banking
105845,2024-05-05,CUST4514,Small Business,West,Ahmedabad,Online,Groceries,Granola Bars,5,548.25,0.0,2741.25,0.0,2741.25,369.68,1848.4,892.85,Credit Card
103491,2024-04-07,CUST2160,Individual,Central,Raipur,Online,Apparel,Running Shoes,10,907.58,0.0,9075.8,0.0,9075.8,533.26,5332.6,3743.2,UPI
104039,2025-01-31,CUST1158,Individual,Central,Bhopal,Retail Store,Stationery,Whiteboard,1,641.43,0.2,641.43,128.29,513.14,404.22,404.22,108.92,UPI
102358,2025-12-19,CUST4632,Small Business,West,Mumbai,Distributor,Groceries,Granola Bars,1,558.74,0.0,558.74,0.0,558.74,356.63,356.63,202.11,UPI
102440,2024-05-11,CUST1616,Small Business,North,Lucknow,Online,Electronics,USB-C Hub,4,4601.25,0.05,18405.0,920.25,17484.75,3164.4,12657.6,4827.15,Net Banking
102112,2025-07-26,CUST3642,Small Business,East,Kolkata,Retail Store,Furniture,Desk Lamp,3,6770.65,0.15,20311.95,3046.79,17265.16,4771.47,14314.41,2950.75,UPI
100770,2024-11-03,CUST4970,Individual,West,Pune,Retail Store,Furniture,Bookshelf,3,5840.42,0.2,17521.26,3504.25,14017.01,3547.79,10643.37,3373.64,Cash on Delivery
104040,2024-02-09,CUST2494,Small Business,Central,Bhopal,Online,Groceries,Granola Bars,3,505.42,0.0,1516.26,0.0,1516.26,345.13,1035.39,480.87,UPI
104550,2024-06-19,CUST4366,Individual,North,Delhi,Online,Apparel,Running Shoes,3,2298.9,0.0,6896.7,0.0,6896.7,1467.21,4401.63,2495.07,Debit Card
102868,2024-01-19,CUST1208,Individual,Central,Nagpur,Retail Store,Stationery,Whiteboard,1,258.25,0.0,258.25,0.0,258.25,181.02,181.02,77.23,Debit Card
105670,2024-10-09,CUST4215,Individual,South,Hyderabad,Distributor,Electronics,Wireless Mouse,3,5647.33,0.0,16941.99,0.0,16941.99,3694.38,11083.14,5858.85,Net Banking
102967,2024-06-07,CUST2583,Small Business,North,Lucknow,Distributor,Furniture,Standing Desk,6,12804.58,0.1,76827.48,7682.75,69144.73,8802.43,52814.58,16330.15,UPI
102603,2024-04-06,CUST1699,Small Business,East,Kolkata,Distributor,Apparel,Rain Jacket,2,1583.21,0.15,3166.42,474.96,2691.46,1127.37,2254.74,436.72,UPI
101947,2024-12-08,CUST3234,Individual,North,Chandigarh,Distributor,Groceries,Almond Butter,6,439.11,0.0,2634.66,0.0,2634.66,286.93,1721.58,913.08,Net Banking
100555,2025-07-13,CUST4030,,South,,Online,Furniture,Bookshelf,3,12990.83,,38972.49,7794.5,31177.99,9099.77,27299.31,3878.68,
105835,2025-07-26,CUST3240,Individual,North,Lucknow,Retail Store,Electronics,USB-C Hub,1,3183.23,0.15,3183.23,477.48,2705.75,2363.36,2363.36,342.39,Cash on Delivery
100753,2025-08-28,CUST3974,Small Business,Central,Bhopal,Retail Store,Electronics,Wireless Mouse,4,4658.63,0.1,18634.52,1863.45,16771.07,2592.62,10370.48,6400.59,Debit Card
103116,2024-11-29,CUST4804,Individual,North,Delhi,Retail Store,Stationery,Sticky Notes,6,360.65,0.0,2163.9,0.0,2163.9,236.2,1417.2,746.7,UPI
101362,2025-08-18,CUST1040,Individual,North,Chandigarh,Online,Stationery,Desk Organizer,3,476.81,0.2,1430.43,286.09,1144.34,299.87,899.61,244.73,Debit Card
103684,2025-05-12,CUST1330,Individual,South,Chennai,Online,Stationery,Whiteboard,3,524.29,0.0,1572.87,0.0,1572.87,310.83,932.49,640.38,Debit Card
102683,2024-01-11,CUST3778,Individual,North,Lucknow,Online,Groceries,Granola Bars,2,495.94,0.15,991.88,148.78,843.1,313.95,627.9,215.2,Cash on Delivery
101042,2025-02-16,CUST2875,Small Business,South,Hyderabad,Retail Store,Furniture,Standing Desk,3,14909.29,0.05,44727.87,2236.39,42491.48,9862.37,29587.11,12904.37,Debit Card
103285,2024-11-10,CUST3232,Individual,Central,Nagpur,Online,Apparel,Wool Sweater,1,1908.11,0.0,1908.11,0.0,1908.11,1190.69,1190.69,717.42,Credit Card
104837,2025-03-20,CUST1852,Enterprise,West,Pune,Online,Stationery,Desk Organizer,1,381.45,0.0,381.45,0.0,381.45,285.06,285.06,96.39,Net Banking
105686,2024-03-01,CUST3434,Individual,North,Chandigarh,Online,APPAREL,Running Shoes,7,2991.24,0.0,20938.68,0.0,20938.68,2000.16,14001.12,6937.56,Debit Card
100364,06/02/2024,CUST3148,Small Business,East,Patna,Distributor,Electronics,USB-C Hub,1,5185.21,0.0,5185.21,0.0,5185.21,3398.44,3398.44,1786.77,Credit Card
105518,2024-02-12,CUST2683,Small Business,East,Kolkata,Online,Stationery,Sticky Notes,4,331.92,0.05,1327.68,66.38,1261.3,202.22,808.88,452.42,Debit Card
102765,2025-01-20,CUST2232,Individual,North,Chandigarh,Online,Groceries,Organic Coffee,1,812.72,0.0,812.72,0.0,812.72,460.19,460.19,352.53,Cash on Delivery
101136,2024-07-22,CUST1439,Individual,Central,Bhopal,Online,Stationery,Sticky Notes,3,146.66,0.2,439.98,88.0,351.98,90.28,270.84,81.14,Credit Card
103213,2025-02-24,CUST2348,Small Business,East,Patna,Online,Electronics,Power Bank,5,4794.91,0.2,23974.55,4794.91,19179.64,2696.6,13483.0,5696.64,UPI
105902,2024-10-14,CUST1259,Enterprise,East,Kolkata,Distributor,Electronics,Laptop Stand,4,5370.48,0.0,21481.92,0.0,21481.92,3901.23,15604.92,5877.0,Cash on Delivery
103412,2024-11-22,CUST3314,Small Business,East,Kolkata,Online,Apparel,Denim Jacket,3,1556.51,0.2,4669.53,933.91,3735.62,1144.22,3432.66,302.96,Debit Card
102428,2024-11-13,CUST2614,,West,,Distributor,Apparel,Wool Sweater,3,1631.97,,4895.91,0.0,4895.91,1054.47,3163.41,1732.5,
101680,2024-09-09,CUST3619,Enterprise,East,Kolkata,Online,Apparel,Cotton T-Shirt,5,1939.33,0.05,9696.65,484.83,9211.82,1178.83,5894.15,3317.67,Cash on Delivery
100551,2025-06-04,CUST4238,Individual,East,Patna,Online,Groceries,Granola Bars,2,521.09,0.05,1042.18,52.11,990.07,353.1,706.2,283.87,UPI
103590,2024-04-11,CUST1148,Individual,South,Chennai,Retail Store,Apparel,Denim Jacket,6,1166.93,0.0,7001.58,0.0,7001.58,720.25,4321.5,2680.08,UPI
102357,2025-03-15,CUST2719,Small Business,East,Bhubaneswar,Retail Store,Furniture,Filing Cabinet,8,8386.07,0.0,67088.56,0.0,67088.56,5049.78,40398.24,26690.32,Net Banking
102798,2024-08-26,CUST3670,Enterprise,Central,Raipur,Online,Apparel,Running Shoes,1,723.23,0.2,723.23,144.65,578.58,423.7,423.7,154.88,UPI
104077,2024-11-07,CUST4997,Individual,West,Mumbai,Online,Apparel,Cotton T-Shirt,9,1351.05,0.15,12159.45,1823.92,10335.53,778.95,7010.55,3324.98,Cash on Delivery
101623,2024-11-01,CUST3893,Individual,West,Mumbai,Distributor,Electronics,Wireless Mouse,1,1936.87,0.05,1936.87,96.84,1840.03,1207.08,1207.08,632.95,Debit Card
102521,2024-05-11,CUST2536,,West,,Retail Store,Apparel,Denim Jacket,5,1285.84,,6429.2,642.92,5786.28,931.14,4655.7,1130.58,
105241,12-Feb-2024,CUST3856,Small Business,East,Patna,Online,Stationery,Gel Pens Pack,1,644.66,0.1,644.66,64.47,580.19,376.81,376.81,203.38,Cash on Delivery
104845,2024-01-31,CUST4741,Enterprise,Central,Raipur,Retail Store,Furniture,Standing Desk,5,14468.27,0.0,72341.35,0.0,72341.35,9965.68,49828.4,22512.95,Debit Card
103804,2025-10-29,CUST4093,Individual,Central,Raipur,Online,Electronics,Laptop Stand,3,4426.19,0.05,13278.57,663.93,12614.64,3255.85,9767.55,2847.09,Net Banking
104708,2025-05-16,CUST3146,Individual,East,Bhubaneswar,Retail Store,Groceries,Almond Butter,1,153.94,0.1,153.94,15.39,138.55,113.04,113.04,25.51,Net Banking
103015,2025-01-09,CUST1154,Individual,North,Chandigarh,Online,Groceries,Granola Bars,1,858.0,0.1,858.0,85.8,772.2,589.24,589.24,182.96,Cash on Delivery
104798,2024-09-14,CUST3044,Small Business,East,Patna,Online,Electronics,Wireless Mouse,4,856.57,0.1,3426.28,342.63,3083.65,537.84,2151.36,932.29,Debit Card
103121,09-May-2024,CUST3391,Individual,Central,Raipur,Online,Groceries,Green Tea Pack,6,312.5,0.2,1875.0,375.0,1500.0,186.73,1120.38,379.62,Debit Card
100843,2025-10-20,CUST4552,Small Business,Central,Nagpur,Distributor,Furniture,Desk Lamp,3,8403.87,0.15,25211.61,3781.74,21429.87,5125.75,15377.25,6052.62,Net Banking
102496,2025-11-08,CUST4490,Enterprise,South,Bengaluru,Online,Groceries,Olive Oil,4,821.22,0.15,3284.88,492.73,2792.15,477.63,1910.52,881.63,Net Banking
102069,2024-07-25,CUST4116,Enterprise,West,Pune,Online,Electronics,Power Bank,1,3801.59,0.0,3801.59,0.0,3801.59,2760.04,2760.04,1041.55,Cash on Delivery
104907,2024-12-20,CUST4952,,Central,,Retail Store,Furniture,Desk Lamp,8,2438.42,,19507.36,1950.74,17556.62,1423.02,11384.16,6172.46,
100880,2024-10-05,CUST3997,Individual,East,Kolkata,Retail Store,Electronics,Laptop Stand,1,5356.46,0.0,5356.46,0.0,5356.46,3040.94,3040.94,2315.52,Cash on Delivery
104140,2024-07-19,CUST3980,Individual,South,Bengaluru,Distributor,Furniture,Bookshelf,3,7600.47,0.05,22801.41,1140.07,21661.34,4219.38,12658.14,9003.2,Net Banking
104764,2025-05-23,CUST2450,Individual,South,Hyderabad,Retail Store,Apparel,Rain Jacket,4,1624.9,0.2,6499.6,1299.92,5199.68,969.2,3876.8,1322.88,UPI
105989,2024-09-21,CUST1348,,North,,Distributor,Electronics,USB-C Hub,3,1292.39,,3877.17,0.0,3877.17,955.26,2865.78,1011.39,
103964,2024-07-28,CUST1653,Individual,South,Chennai,Retail Store,Stationery,Desk Organizer,6,547.2,0.15,3283.2,492.48,2790.72,372.33,2233.98,556.74,Debit Card
100864,2025-01-15,CUST1835,Enterprise,South,Chennai,Online,Stationery,Whiteboard,3,147.82,0.0,443.46,0.0,443.46,82.19,246.57,196.89,Debit Card
100759,2025-06-11,CUST1185,Individual,West,Pune,Online,Stationery,Whiteboard,2,457.43,0.0,914.86,0.0,914.86,342.54,685.08,229.78,Debit Card
103122,2024-06-20,CUST1940,Individual,Central,Raipur,Retail Store,Groceries,Green Tea Pack,1,216.33,0.2,216.33,43.27,173.06,152.46,152.46,20.6,Debit Card
104375,2024-11-02,CUST2043,Small Business,North,Delhi,Online,Apparel,Rain Jacket,8,2106.81,0.1,16854.48,1685.45,15169.03,1238.13,9905.04,5263.99,Cash on Delivery
102403,2024-09-11,CUST1858,Individual,East,Kolkata,Online,Electronics,Wireless Mouse,4,1140.57,0.0,4562.28,0.0,4562.28,735.97,2943.88,1618.4,Debit Card
104586,2025-09-14,CUST2377,Individual,West,,Online,Electronics,Power Bank,2,3708.99,0.0,7417.98,0.0,7417.98,2740.51,5481.02,1936.96,Credit Card
102060,2024-07-31,CUST1973,Individual,East,Patna,Retail Store,Stationery,Gel Pens Pack,3,125.81,0.15,377.43,56.61,320.82,74.07,222.21,98.61,Cash on Delivery
104371,2024-02-02,CUST1561,Individual,Central,Nagpur,Online,Stationery,Whiteboard,3,147.65,0.0,442.95,0.0,442.95,81.56,244.68,198.27,UPI
105898,2025-01-02,CUST3983,Individual,West,Mumbai,Distributor,Furniture,Desk Lamp,1,5203.45,0.2,5203.45,1040.69,4162.76,3900.72,3900.72,262.04,Debit Card
103617,2024-06-08,CUST1471,Small Business,West,Ahmedabad,Online,Apparel,Running Shoes,7,768.52,0.15,5379.64,806.95,4572.69,464.09,3248.63,1324.06,Cash on Delivery
102578,11-11-2025,CUST3556,Individual,Central,Bhopal,Retail Store,STATIONERY,Desk Organizer,9,351.47,0.0,3163.23,0.0,3163.23,218.44,1965.96,1197.27,UPI
101912,2025-04-23,CUST3331,Individual,Central,Raipur,Online,Apparel,Cotton T-Shirt,1,1983.99,0.0,1983.99,0.0,1983.99,1407.08,1407.08,576.91,Credit Card
102646,2025-12-17,CUST1009,Small Business,South,Bengaluru,Retail Store,Groceries,Almond Butter,4,179.34,0.0,717.36,0.0,717.36,133.8,535.2,182.16,UPI
103957,2025-12-27,CUST1363,Individual,East,Bhubaneswar,Online,Apparel,Running Shoes,6,2619.0,0.0,15714.0,0.0,15714.0,1724.15,10344.9,5369.1,UPI
105399,2024-11-20,CUST1099,Individual,Central,Raipur,Online,Groceries,Organic Coffee,1,552.24,0.05,552.24,27.61,524.63,316.92,316.92,207.71,Credit Card
101074,2024-05-23,CUST1135,Individual,Central,,Retail Store,FURNITURE,Office Chair,1,3042.04,0.2,3042.04,608.41,2433.63,1878.57,1878.57,555.06,
101754,2025-12-21,CUST1416,Individual,West,Ahmedabad,Retail Store,Furniture,Desk Lamp,4,2647.26,0.0,10589.04,0.0,10589.04,1465.53,5862.12,4726.92,Cash on Delivery
101160,2024-06-03,CUST2649,Individual,South,Bengaluru,Online,Furniture,Office Chair,3,3815.26,0.0,11445.78,0.0,11445.78,2184.4,6553.2,4892.58,Cash on Delivery
100059,2024-03-12,CUST2361,Individual,East,Bhubaneswar,Online,Apparel,Wool Sweater,2,2997.15,0.1,5994.3,599.43,5394.87,1938.76,3877.52,1517.35,Credit Card
101327,2025-05-04,CUST4152,Individual,East,Patna,Online,Stationery,Desk Organizer,2,644.35,0.15,1288.7,193.31,1095.39,429.36,858.72,236.67,Credit Card
105610,2025-04-20,CUST1820,Small Business,South,Bengaluru,Retail Store,Stationery,Gel Pens Pack,3,275.95,0.05,827.85,41.39,786.46,189.51,568.53,217.93,Debit Card
102295,2024-02-18,CUST2489,Individual,South,Bengaluru,Online,Apparel,Denim Jacket,2,1714.06,0.05,3428.12,171.41,3256.71,957.55,1915.1,1341.61,Credit Card
104162,2024-11-03,CUST1716,Individual,South,Bengaluru,Online,Furniture,Bookshelf,1,10135.75,0.2,10135.75,2027.15,8108.6,6671.15,6671.15,1437.45,Cash on Delivery
104005,2025-04-08,CUST4184,Individual,East,Bhubaneswar,Online,Apparel,Wool Sweater,3,2687.66,0.15,8062.98,1209.45,6853.53,1660.39,4981.17,1872.36,UPI
101239,2024-04-21,CUST2893,Small Business,South,Chennai,Online,ELECTRONICS,USB-C Hub,2,1982.55,0.0,3965.1,0.0,3965.1,1107.79,2215.58,1749.52,Credit Card
105306,2024-11-07,CUST2506,Individual,South,Chennai,Retail Store,Apparel,Wool Sweater,4,1006.65,0.05,4026.6,201.33,3825.27,590.57,2362.28,1462.99,Net Banking
105780,2025-11-05,CUST3180,Individual,West,Ahmedabad,Online,Apparel,Cotton T-Shirt,8,2466.33,0.1,19730.64,1973.06,17757.58,1793.72,14349.76,3407.82,Debit Card
102399,2024-01-07,CUST4880,Individual,Central,Raipur,Retail Store,Furniture,Standing Desk,5,10829.22,0.1,54146.1,5414.61,48731.49,8072.76,40363.8,8367.69,Credit Card
103504,2025-08-08,CUST1395,Enterprise,South,Bengaluru,Online,Stationery,Sticky Notes,1,624.5,0.0,624.5,0.0,624.5,376.14,376.14,248.36,UPI
102694,2024-07-17,CUST3803,Individual,West,Pune,Online,Apparel,Rain Jacket,5,1696.98,0.0,8484.9,0.0,8484.9,944.82,4724.1,3760.8,UPI
104559,2024-03-23,CUST1033,Enterprise,Central,Nagpur,Online,Furniture,Bookshelf,8,8730.77,0.0,69846.16,0.0,69846.16,5890.05,47120.4,22725.76,Credit Card
103134,2024-02-16,CUST1766,Individual,South,Bengaluru,Online,Furniture,Standing Desk,4,5239.5,0.2,20958.0,4191.6,16766.4,3565.46,14261.84,2504.56,Debit Card
103673,2024-10-12,CUST3233,Small Business,South,Bengaluru,Online,Stationery,Desk Organizer,4,248.01,0.05,992.04,49.6,942.44,155.65,622.6,319.84,Cash on Delivery
102530,2024-01-24,CUST3076,Individual,East,Kolkata,Online,Furniture,Filing Cabinet,2,11324.92,0.0,22649.84,0.0,22649.84,6921.13,13842.26,8807.58,Cash on Delivery
105290,2025-02-19,CUST4076,Individual,Central,Nagpur,Online,Apparel,Cotton T-Shirt,1,1702.97,0.0,1702.97,0.0,1702.97,1219.09,1219.09,483.88,Credit Card
101478,2025-03-16,CUST3401,Individual,West,Ahmedabad,Online,Groceries,Olive Oil,1,304.06,0.1,304.06,30.41,273.65,212.78,212.78,60.87,UPI
101514,2024-05-03,CUST3650,Small Business,South,Hyderabad,Online,STATIONERY,Gel Pens Pack,1,90.01,0.1,90.01,9.0,81.01,57.64,57.64,23.37,Cash on Delivery
102197,2024-08-14,CUST4124,Small Business,East,Bhubaneswar,Online,Electronics,USB-C Hub,3,5981.5,0.15,17944.5,2691.67,15252.83,3418.71,10256.13,4996.7,Debit Card
105342,2024-01-02,CUST2524,Small Business,East,Kolkata,Distributor,Stationery,Gel Pens Pack,1,213.25,0.05,213.25,10.66,202.59,151.16,151.16,51.43,Debit Card
103286,2025-04-09,CUST4563,Individual,Central,Bhopal,Distributor,Furniture,Standing Desk,2,14165.16,0.0,28330.32,0.0,28330.32,8386.44,16772.88,11557.44,Cash on Delivery
100356,2024-02-09,CUST1201,Small Business,West,Pune,Retail Store,Stationery,Notebook Set,2,320.19,0.2,640.38,128.08,512.3,216.49,432.98,79.32,Credit Card
103069,2024-10-02,CUST1895,Individual,North,Delhi,Online,Groceries,Almond Butter,5,860.1,0.2,4300.5,860.1,3440.4,574.87,2874.35,566.05,Debit Card
103923,2025-11-26,CUST4626,Enterprise,South,Hyderabad,Online,Stationery,Whiteboard,6,641.34,0.15,3848.04,577.21,3270.83,466.43,2798.58,472.25,Debit Card
101069,2025-01-22,CUST3923,Individual, East  ,Kolkata,Online,Electronics,Bluetooth Speaker,1,4774.97,0.2,4774.97,954.99,3819.98,2784.94,2784.94,1035.04,Cash on Delivery
103414,2025-04-15,CUST3059,Small Business,West,Mumbai,Online,Furniture,Office Chair,1,8705.02,0.0,8705.02,0.0,8705.02,5230.83,5230.83,3474.19,Net Banking
102196,2025-11-15,CUST1617,Individual,Central,Bhopal,Online,Furniture,Desk Lamp,6,11692.02,0.0,70152.12,0.0,70152.12,7434.23,44605.38,25546.74,UPI
104900,2025-07-17,CUST3114,Individual,West,Mumbai,Distributor,Furniture,Standing Desk,5,8367.45,0.1,41837.25,4183.73,37653.52,5734.49,28672.45,8981.07,Net Banking
100077,2025-01-05,CUST4470,Individual,North,Chandigarh,Online,Stationery,Desk Organizer,3,677.7,0.0,2033.1,0.0,2033.1,508.08,1524.24,508.86,Debit Card
100517,2024-05-01,CUST4210,Individual,North,Delhi,Online,Stationery,Whiteboard,3,381.27,0.2,1143.81,228.76,915.05,220.59,661.77,253.28,Net Banking
103824,2024-11-25,CUST1323,Individual, East  ,Kolkata,Online,Apparel,Running Shoes,3,2479.4,0.1,7438.2,743.82,6694.38,1413.32,4239.96,2454.42,UPI
103290,2025-04-14,CUST2794,Individual,Central,Raipur,Online,Electronics,Wireless Mouse,2,4647.1,0.0,9294.2,0.0,9294.2,3102.52,6205.04,3089.16,Credit Card
101800,2024-01-10,CUST2837,Individual,West,Mumbai,Retail Store,Groceries,Organic Coffee,3,220.59,0.0,661.77,0.0,661.77,158.07,474.21,187.56,Net Banking
104822,2024-06-09,CUST4508,Small Business,East,Bhubaneswar,Online,Furniture,Office Chair,2,8194.69,0.0,16389.38,0.0,16389.38,4726.81,9453.62,6935.76,Debit Card
101127,2024-07-02,CUST1260,Individual,West,Pune,Online,Furniture,Desk Lamp,6,4427.89,0.0,26567.34,0.0,26567.34,3288.61,19731.66,6835.68,UPI
105018,2024-10-16,CUST1752,Individual,North,Chandigarh,Retail Store,Apparel,Running Shoes,2,2472.48,0.2,4944.96,988.99,3955.97,1656.57,3313.14,642.83,Net Banking
102501,19-Oct-2025,CUST3546,Individual,East,Bhubaneswar,Online,Stationery,Gel Pens Pack,2,206.66,0.0,413.32,0.0,413.32,140.6,281.2,132.12,UPI
104028,2024-05-27,CUST4532,Enterprise,West,Mumbai,Distributor,Apparel,Cotton T-Shirt,4,1077.65,0.05,4310.6,215.53,4095.07,605.38,2421.52,1673.55,Net Banking
105165,2024-06-01,CUST4936,Small Business,North,Delhi,Retail Store,Furniture,Desk Lamp,1,9043.94,0.0,9043.94,0.0,9043.94,6076.8,6076.8,2967.14,Debit Card
105837,2025-01-27,CUST3332,Enterprise,North,Chandigarh,Online,Furniture,Filing Cabinet,1,11237.66,0.1,11237.66,1123.77,10113.89,8296.7,8296.7,1817.19,UPI
105915,2025-10-12,CUST3855,Individual,Central,Nagpur,Online,Electronics,Bluetooth Speaker,6,3024.0,0.1,18144.0,1814.4,16329.6,2144.49,12866.94,3462.66,Net Banking
100193,2025-06-24,CUST2073,Individual,East,Kolkata,Online,Electronics,USB-C Hub,3,3641.05,0.1,10923.15,1092.32,9830.83,2051.76,6155.28,3675.55,Debit Card
104011,2024-03-18,CUST1390,Small Business,North,Lucknow,Online,Groceries,Organic Coffee,1,774.27,0.05,774.27,38.71,735.56,457.27,457.27,278.29,UPI
103465,2024-11-14,CUST4373,Individual,Central,Nagpur,Retail Store,Electronics,USB-C Hub,8,4910.56,0.1,39284.48,3928.45,35356.03,3176.47,25411.76,9944.27,Net Banking
101039,2024-05-04,CUST2139,Small Business,North,Chandigarh,Distributor,Electronics,Bluetooth Speaker,1,2555.16,0.05,2555.16,127.76,2427.4,1746.71,1746.71,680.69,Credit Card
102179,2024-02-29,CUST4077,Individual,Central,Bhopal,Online,Stationery,Notebook Set,3,426.72,0.0,1280.16,0.0,1280.16,259.07,777.21,502.95,Cash on Delivery
101960,2024-12-08,CUST1942,Individual,South,Hyderabad,Online,Groceries,Green Tea Pack,3,621.8,0.0,1865.4,0.0,1865.4,348.27,1044.81,820.59,UPI
102996,2024-10-29,CUST2725,Individual, North  ,Chandigarh,Online,Electronics,Laptop Stand,6,2545.26,0.15,15271.56,2290.73,12980.83,1447.39,8684.34,4296.49,UPI
104049,2025-02-23,CUST2085,Enterprise,East,Patna,Retail Store,Furniture,Filing Cabinet,1,8889.05,0.15,8889.05,1333.36,7555.69,6186.88,6186.88,1368.81,Net Banking
105482,2024-10-05,CUST3269,Small Business,South,Chennai,Distributor,Stationery,Sticky Notes,1,654.72,0.2,654.72,130.94,523.78,447.03,447.03,76.75,Credit Card
102682,2024-02-21,CUST3987,Individual,East,Kolkata,Online,Furniture,Standing Desk,3,6711.29,0.05,20133.87,1006.69,19127.18,3968.9,11906.7,7220.48,Debit Card
105024,2025-07-08,CUST1818,Individual,South,Bengaluru,Online,Groceries,Almond Butter,3,312.74,0.0,938.22,0.0,938.22,202.71,608.13,330.09,Debit Card
102506,2024-04-14,CUST4688,Individual,Central,,Retail Store,Furniture,Office Chair,2,3007.85,0.0,6015.7,0.0,6015.7,1715.9,3431.8,2583.9,
101304,2025-11-08,CUST3319,Individual,East,Kolkata,Distributor,ELECTRONICS,Bluetooth Speaker,4,4525.55,0.05,18102.2,905.11,17197.09,2856.51,11426.04,5771.05,Debit Card
100627,2025-03-20,CUST1486,Individual,South,Bengaluru,Online,ELECTRONICS,USB-C Hub,1,2989.49,0.15,2989.49,448.42,2541.07,2231.91,2231.91,309.16,Credit Card
101174,2024-07-20,CUST1022,Small Business,Central,Nagpur,Online,ELECTRONICS,Wireless Mouse,7,4317.1,0.0,30219.7,0.0,30219.7,2478.44,17349.08,12870.62,Debit Card
101433,2024-12-01,CUST1523,Individual,North,Chandigarh,Retail Store,APPAREL,Rain Jacket,1,849.52,0.0,849.52,0.0,849.52,476.37,476.37,373.15,Cash on Delivery
101100,2024-01-19,CUST1678,Small Business,Central,Nagpur,Distributor,Stationery,Notebook Set,1,697.13,0.0,697.13,0.0,697.13,464.69,464.69,232.44,Debit Card
105454,2025-09-12,CUST2355,Small Business,South,Chennai,Online,Groceries,Green Tea Pack,6,814.75,0.0,4888.5,0.0,4888.5,545.61,3273.66,1614.84,Net Banking
101909,2025-02-08,CUST3472,Enterprise,West,Mumbai,Retail Store,Apparel,Wool Sweater,3,681.86,0.05,2045.58,102.28,1943.3,394.71,1184.13,759.17,Credit Card
105144,2024-08-21,CUST2500,Individual,North,Delhi,Online,Apparel,Cotton T-Shirt,5,1522.31,0.0,7611.55,0.0,7611.55,1068.26,5341.3,2270.25,Cash on Delivery
105316,2024-09-30,CUST3979,Small Business,North,Lucknow,Online,Furniture,Standing Desk,5,14812.64,0.0,74063.2,0.0,74063.2,9934.84,49674.2,24389.0,Credit Card
105208,2025-05-30,CUST2684,Individual,West,Pune,Online,Stationery,Notebook Set,-1,466.88,0.15,1867.52,280.13,1587.39,287.42,1149.68,437.71,Credit Card
105184,2025-02-09,CUST4851,Individual,North,Lucknow,Online,Furniture,Bookshelf,2,9634.19,0.2,19268.38,3853.68,15414.7,5737.92,11475.84,3938.86,Credit Card
104690,2025-11-17,CUST4577,Individual,South,Hyderabad,Retail Store,Furniture,Standing Desk,9,4021.98,0.15,36197.82,5429.67,30768.15,2752.25,24770.25,5997.9,Net Banking
101406,2024-10-13,CUST1308,Small Business,North,Lucknow,Retail Store,Electronics,Wireless Mouse,1,2214.98,0.2,2214.98,443.0,1771.98,1462.26,1462.26,309.72,Debit Card
101911,2025-11-03,CUST2758,Individual,Central,Nagpur,Retail Store,Apparel,Cotton T-Shirt,6,1406.52,0.05,8439.12,421.96,8017.16,845.8,5074.8,2942.36,UPI
102199,2024-04-15,CUST3260,Small Business,East,Patna,Retail Store,Stationery,Notebook Set,4,143.37,0.0,573.48,0.0,573.48,101.92,407.68,165.8,Cash on Delivery
105353,07-23-2025,CUST1076,Individual,East,Patna,Retail Store,Electronics,USB-C Hub,2,3737.98,0.05,7475.96,373.8,7102.16,2754.93,5509.86,1592.3,Debit Card
100836,2024-06-07,CUST4564,Small Business,Central,Nagpur,Distributor,Furniture,Standing Desk,5,4751.61,0.15,23758.05,3563.71,20194.34,3096.71,15483.55,4710.79,Net Banking
105920,2025-02-03,CUST3790,Individual,South,Chennai,Online,Apparel,Rain Jacket,3,509.13,0.0,1527.39,0.0,1527.39,331.01,993.03,534.36,Net Banking
102814,2024-04-30,CUST2772,Individual,East,Bhubaneswar,Online,Apparel,Rain Jacket,2,2579.27,0.0,5158.54,0.0,5158.54,1455.3,2910.6,2247.94,UPI
100310,2025-04-29,CUST1245,Individual,West,Pune,Online,Electronics,Bluetooth Speaker,4,2441.78,0.0,9767.12,0.0,9767.12,1680.21,6720.84,3046.28,Debit Card
101413,2024-05-02,CUST2862,Small Business,East,Bhubaneswar,Retail Store,Electronics,USB-C Hub,3,5993.73,0.05,17981.19,899.06,17082.13,4296.59,12889.77,4192.36,Cash on Delivery
100776,2025-05-11,CUST1313,Individual, East  ,Patna,Online,Electronics,Bluetooth Speaker,3,4699.56,0.0,14098.68,0.0,14098.68,3394.95,10184.85,3913.83,UPI
100485,2025-05-19,CUST4979,Small Business,South,Bengaluru,Online,Electronics,Power Bank,1,1739.41,0.1,1739.41,173.94,1565.47,1030.56,1030.56,534.91,UPI
105561,2025-07-30,CUST3879,Enterprise,East,Kolkata,Online,Stationery,Desk Organizer,3,682.65,0.0,2047.95,0.0,2047.95,497.0,1491.0,556.95,UPI
100368,2024-11-03,CUST2962,Individual,East,Kolkata,Online,Stationery,Desk Organizer,9,284.92,0.0,2564.28,0.0,2564.28,209.26,1883.34,680.94,Net Banking
100571,2024-07-25,CUST4401,Individual,South,Bengaluru,Online,Furniture,Bookshelf,8,12666.85,0.0,101334.8,0.0,101334.8,8985.67,71885.36,29449.44,Cash on Delivery
104224,2025-10-12,CUST3126,Individual,West,Mumbai,Online,Stationery,Sticky Notes,2,628.41,0.0,1256.82,0.0,1256.82,367.51,735.02,521.8,Cash on Delivery
100650,2025-06-27,CUST3913,Small Business,South,Hyderabad,Online,Apparel,Rain Jacket,1,1104.84,0.0,1104.84,0.0,1104.84,786.81,786.81,318.03,Net Banking
100041,12-14-2025,CUST4935,Individual,North,Lucknow,Retail Store,Apparel,Rain Jacket,3,2083.61,0.05,6250.83,312.54,5938.29,1189.97,3569.91,2368.38,Net Banking
103516,2025-09-11,CUST4173,Small Business,West,Ahmedabad,Retail Store,ELECTRONICS,Laptop Stand,5,4710.96,0.1,23554.8,2355.48,21199.32,3403.02,17015.1,4184.22,Credit Card
100442,2025-08-16,CUST4674,Small Business,North,Delhi,Online,Apparel,Denim Jacket,5,823.88,0.2,4119.4,823.88,3295.52,484.18,2420.9,874.62,Net Banking
101594,2025-04-05,CUST2765,Enterprise,East,Patna,Online,Stationery,Whiteboard,5,141.92,0.0,709.6,0.0,709.6,85.29,426.45,283.15,Debit Card
102264,2025-01-28,CUST2836,Small Business,North,Chandigarh,Online,Stationery,Gel Pens Pack,5,294.89,0.1,1474.45,147.45,1327.0,179.17,895.85,431.15,Credit Card
100897,2025-02-20,CUST4000,Individual,Central,Nagpur,Distributor,Furniture,Desk Lamp,1,9636.82,0.05,9636.82,481.84,9154.98,6707.96,6707.96,2447.02,Debit Card
101072,2024-02-25,CUST3082,Small Business,North,Lucknow,Online,Furniture,Desk Lamp,2,2686.81,0.0,5373.62,0.0,5373.62,1965.67,3931.34,1442.28,Debit Card
101542,2025-12-27,CUST3541,Individual,Central,Bhopal,Online,Furniture,Office Chair,1,14913.24,0.0,14913.24,0.0,14913.24,9868.69,9868.69,5044.55,UPI
101405,2024-12-23,CUST4104,Small Business,North,Chandigarh,Online,Apparel,Denim Jacket,1,490.61,0.0,490.61,0.0,490.61,270.55,270.55,220.06,UPI
100352,2024-05-29,CUST1945,Individual,West,Pune,Online,Electronics,USB-C Hub,4,1777.25,0.1,7109.0,710.9,6398.1,1179.04,4716.16,1681.94,Net Banking
103563,2025-02-17,CUST1447,Individual,Central,Bhopal,Retail Store,Furniture,Bookshelf,4,3066.84,0.05,12267.36,613.37,11653.99,1756.49,7025.96,4628.03,UPI
105329,2025-02-06,CUST2379,Enterprise,Central,Raipur,Distributor,Electronics,Wireless Mouse,3,5468.28,0.05,16404.84,820.24,15584.6,3333.29,9999.87,5584.73,Net Banking
105087,2025-07-11,CUST2941,Individual,West,Ahmedabad,Retail Store,Electronics,Bluetooth Speaker,3,1072.29,0.1,3216.87,321.69,2895.18,789.76,2369.28,525.9,Net Banking
105416,2025-10-18,CUST1267,Small Business,South,Hyderabad,Online,Stationery,Notebook Set,1,445.02,0.05,445.02,22.25,422.77,250.99,250.99,171.78,Credit Card
101270,2025-03-25,CUST2621,Individual,South,Hyderabad,Distributor,Groceries,Almond Butter,4,527.5,0.0,2110.0,0.0,2110.0,333.08,1332.32,777.68,UPI
105949,2024-11-14,CUST4856,Small Business,East,Kolkata,Retail Store,Groceries,Olive Oil,4,726.75,0.0,2907.0,0.0,2907.0,521.83,2087.32,819.68,Credit Card
104560,2024-11-14,CUST3288,Individual,Central,Bhopal,Online,Apparel,Denim Jacket,6,2125.9,0.15,12755.4,1913.31,10842.09,1589.39,9536.34,1305.75,Cash on Delivery
102032,2024-05-01,CUST2357,,East,,Retail Store,Apparel,Cotton T-Shirt,5,2300.1,,11500.5,2300.1,9200.4,1339.78,6698.9,2501.5,
100946,2025-10-08,CUST2939,Individual,East,Bhubaneswar,Retail Store,Furniture,Bookshelf,1,5664.66,0.0,5664.66,0.0,5664.66,3756.04,3756.04,1908.62,Debit Card
101690,2024-05-09,CUST4416,Small Business,East,Patna,Online,Apparel,Cotton T-Shirt,3,1592.19,0.0,4776.57,0.0,4776.57,998.04,2994.12,1782.45,Cash on Delivery
105366,2024-07-10,CUST1430,Individual,North,Delhi,Online,Groceries,Green Tea Pack,2,777.92,0.0,1555.84,0.0,1555.84,531.27,1062.54,493.3,Debit Card
100073,28-Feb-2025,CUST4693,Individual,Central,Nagpur,Distributor,Electronics,Laptop Stand,2,2726.76,0.15,5453.52,818.03,4635.49,1700.04,3400.08,1235.41,Net Banking
104823,2024-06-26,CUST2930,Individual,Central,Bhopal,Online,Groceries,Green Tea Pack,1,898.42,0.0,898.42,0.0,898.42,651.34,651.34,247.08,Credit Card
105034,2024-04-21,CUST3264,Small Business,South,Chennai,Retail Store,Apparel,Running Shoes,3,2765.27,0.1,8295.81,829.58,7466.23,2047.67,6143.01,1323.22,Credit Card
104299,2024-02-22,CUST4353,Small Business,North,Lucknow,Online,Stationery,Gel Pens Pack,1,448.51,0.0,448.51,0.0,448.51,324.77,324.77,123.74,Debit Card
100995,2025-10-05,CUST3192,Individual,North,Chandigarh,Online,Groceries,Granola Bars,1,190.88,0.0,190.88,0.0,190.88,109.09,109.09,81.79,Net Banking
100763,2025-08-11,CUST4786,Individual,North,Chandigarh,Online,Stationery,Sticky Notes,1,240.85,0.1,240.85,24.09,216.76,168.76,168.76,48.0,Credit Card
102138,2024-01-08,CUST3828,Individual,Central,Nagpur,Retail Store,Electronics,Wireless Mouse,3,4832.27,0.0,14496.81,0.0,14496.81,3321.69,9965.07,4531.74,UPI
102836,2024-04-06,CUST3468,Small Business,East,Bhubaneswar,Online,Apparel,Wool Sweater,3,999.27,0.0,2997.81,0.0,2997.81,748.01,2244.03,753.78,Credit Card
100174,2024-09-06,CUST4617,Enterprise,Central,Bhopal,Online,Stationery,Gel Pens Pack,1,347.92,0.0,347.92,0.0,347.92,242.67,242.67,105.25,Cash on Delivery
102066,2025-07-03,CUST3105,Individual,West,Mumbai,Retail Store,Apparel,Cotton T-Shirt,5,2416.13,0.0,12080.65,0.0,12080.65,1766.13,8830.65,3250.0,Debit Card
102857,2024-09-17,CUST2757,Individual,Central,Raipur,Online,Electronics,Laptop Stand,2,5513.82,0.15,11027.64,1654.15,9373.49,3044.3,6088.6,3284.89,Net Banking
101735,17/10/2025,CUST3295,Individual,North,Chandigarh,Online,Stationery,Notebook Set,3,392.43,0.0,1177.29,0.0,1177.29,247.33,741.99,435.3,Credit Card
105423,2025-07-25,CUST3316,Individual, North  ,Chandigarh,Retail Store,Furniture,Desk Lamp,2,8449.11,0.0,16898.22,0.0,16898.22,5137.13,10274.26,6623.96,Credit Card
103737,2025-05-25,CUST1636,Individual,West,Pune,Online,Stationery,Desk Organizer,5,81.87,0.15,409.35,61.4,347.95,57.4,287.0,60.95,Cash on Delivery
104829,2025-04-04,CUST2935,Enterprise,West,Pune,Online,Apparel,Denim Jacket,2,1772.13,0.2,3544.26,708.85,2835.41,1053.53,2107.06,728.35,Debit Card
102853,2025-02-28,CUST2567,Small Business,West,Pune,Distributor,Electronics,Power Bank,2,1628.67,0.2,3257.34,651.47,2605.87,1152.69,2305.38,300.49,Credit Card
102512,2024-11-17,CUST2511,Small Business,Central,Nagpur,Retail Store,Groceries,Olive Oil,1,161.9,0.15,161.9,24.29,137.61,92.27,92.27,45.34,Debit Card
102959,08-28-2024,CUST4631,Small Business,North,Lucknow,Online,Apparel,Denim Jacket,4,1524.37,0.0,6097.48,0.0,6097.48,988.05,3952.2,2145.28,Net Banking
103188,17-Apr-2024,CUST1028,Individual,North,Lucknow,Online,Groceries,Almond Butter,6,177.02,0.0,1062.12,0.0,1062.12,103.98,623.88,438.24,Cash on Delivery
103176,11-Jan-2025,CUST4889,Individual,South,Hyderabad,Online,Apparel,Wool Sweater,3,2730.5,0.1,8191.5,819.15,7372.35,1953.62,5860.86,1511.49,Credit Card
101781,2024-03-23,CUST3273,Individual,North,Chandigarh,Online,Apparel,Denim Jacket,3,2417.9,0.0,7253.7,0.0,7253.7,1600.87,4802.61,2451.09,Credit Card
102352,2025-04-12,CUST2021,Individual,Central,Raipur,Retail Store,Furniture,Office Chair,4,11431.08,0.15,45724.32,6858.65,38865.67,6724.15,26896.6,11969.07,Debit Card
101776,2025-03-28,CUST1831,Small Business,South,Hyderabad,Retail Store,Groceries,Olive Oil,1,344.07,0.1,344.07,34.41,309.66,247.79,247.79,61.87,Credit Card
101535,2025-01-16,CUST1527,Individual,Central,Nagpur,Distributor,Stationery,Sticky Notes,2,182.79,0.05,365.58,18.28,347.3,121.14,242.28,105.02,UPI
100839,2024-01-13,CUST4974,Small Business,South,Chennai,Retail Store,STATIONERY,Gel Pens Pack,4,604.9,0.1,2419.6,241.96,2177.64,438.26,1753.04,424.6,Cash on Delivery
103106,2024-06-07,CUST2611,Individual,West,Pune,Distributor,Groceries,Green Tea Pack,2,652.8,0.1,1305.6,130.56,1175.04,478.05,956.1,218.94,UPI
103766,2024-09-13,CUST3292,Small Business,West,Mumbai,Online,Stationery,Gel Pens Pack,3,420.72,0.15,1262.16,189.32,1072.84,235.72,707.16,365.68,Debit Card
103335,2024-11-05,CUST1411,Enterprise,West,Pune,Online,Apparel,Denim Jacket,3,979.9,0.05,2939.7,146.98,2792.72,554.96,1664.88,1127.84,UPI
104574,2025-07-17,CUST2206,Enterprise,West,Ahmedabad,Online,Furniture,Filing Cabinet,1,11298.19,0.05,11298.19,564.91,10733.28,7070.51,7070.51,3662.77,Debit Card
100865,2024-11-09,CUST3959,Individual,East,Bhubaneswar,Online,Groceries,Almond Butter,1,835.18,0.05,835.18,41.76,793.42,586.71,586.71,206.71,Credit Card
105552,2025-12-20,CUST2770,Small Business,Central,Nagpur,Online,Stationery,Sticky Notes,6,520.9,0.1,3125.4,312.54,2812.86,339.72,2038.32,774.54,Cash on Delivery
104612,2025-04-29,CUST3778,Individual,East,Patna,Online,Electronics,Webcam HD,3,2179.75,0.05,6539.25,326.96,6212.29,1623.73,4871.19,1341.1,Debit Card
100117,2025-03-19,CUST3601,Individual,North,Lucknow,Online,Stationery,Notebook Set,4,256.11,0.0,1024.44,0.0,1024.44,153.7,614.8,409.64,UPI
104654,2024-10-09,CUST2749,Individual,South,Chennai,Online,Electronics,USB-C Hub,3,5995.39,0.15,17986.17,2697.93,15288.24,3462.93,10388.79,4899.45,Net Banking
103677,2025-07-17,CUST2825,Individual,Central,Nagpur,Online,Groceries,Olive Oil,1,375.43,0.2,375.43,75.09,300.34,221.27,221.27,79.07,Credit Card
101904,2024-09-27,CUST2615,Individual,South,Chennai,Online,Furniture,Bookshelf,5,9105.2,0.1,45526.0,4552.6,40973.4,6583.33,32916.65,8056.75,Credit Card
100299,2024-06-28,CUST3682,Individual,North,Delhi,Distributor,Groceries,Olive Oil,5,323.75,0.0,1618.75,0.0,1618.75,201.36,1006.8,611.95,Debit Card
100372,2024-08-09,CUST2980,Small Business,South,Bengaluru,Online,Stationery,Sticky Notes,3,390.03,0.0,1170.09,0.0,1170.09,241.05,723.15,446.94,Credit Card
101900,2024-04-19,CUST3754,Small Business,North,Delhi,Online,Furniture,Desk Lamp,2,6028.54,0.05,12057.08,602.85,11454.23,3804.24,7608.48,3845.75,Credit Card
101294,2024-08-15,CUST2593,Individual,South,Bengaluru,Online,Apparel,Denim Jacket,1,638.26,0.0,638.26,0.0,638.26,416.33,416.33,221.93,Credit Card
100267,2024-09-14,CUST1305,Small Business,West,Mumbai,Distributor,Furniture,Desk Lamp,2,9844.03,0.0,19688.06,0.0,19688.06,7350.45,14700.9,4987.16,Net Banking
100161,2024-12-20,CUST3009,Small Business,West,Mumbai,Retail Store,Electronics,Wireless Mouse,3,3992.1,0.2,11976.3,2395.26,9581.04,2988.16,8964.48,616.56,Net Banking
101785,2025-07-14,CUST1910,Small Business,South,Bengaluru,Online,Furniture,Bookshelf,2,2998.37,0.2,5996.74,1199.35,4797.39,2031.2,4062.4,734.99,Debit Card
104899,2025-10-01,CUST1056,Individual,East,Bhubaneswar,Distributor,Furniture,Filing Cabinet,4,5078.94,0.0,20315.76,0.0,20315.76,3697.17,14788.68,5527.08,Credit Card
105463,2025-12-18,CUST3382,Small Business,West,Ahmedabad,Online,Groceries,Almond Butter,1,700.22,0.0,700.22,0.0,700.22,487.39,487.39,212.83,UPI
101030,2025-05-24,CUST4208,Small Business,East,Patna,Online,Groceries,Olive Oil,4,713.64,0.0,2854.56,0.0,2854.56,393.56,1574.24,1280.32,Net Banking
100520,2025-02-08,CUST3637,Small Business,North,Lucknow,Distributor,Apparel,Rain Jacket,3,1887.19,0.1,5661.57,566.16,5095.41,1281.46,3844.38,1251.03,Net Banking
103838,2024-12-23,CUST3144,Individual,West,Ahmedabad,Retail Store,Electronics,USB-C Hub,1,1396.11,0.0,1396.11,0.0,1396.11,878.98,878.98,517.13,UPI
102447,2024-05-10,CUST3332,Enterprise,South,Chennai,Retail Store,Stationery,Sticky Notes,-1,594.91,0.0,2974.55,0.0,2974.55,402.94,2014.7,959.85,UPI
103115,2024-09-15,CUST2593,Individual,North,Lucknow,Online,Electronics,Webcam HD,4,1631.87,0.1,6527.48,652.75,5874.73,1099.14,4396.56,1478.17,Debit Card
103912,2025-02-07,CUST2888,Individual,South,Chennai,Online,Electronics,Laptop Stand,5,929.38,0.0,4646.9,0.0,4646.9,532.64,2663.2,1983.7,UPI
101915,2025-10-14,CUST2131,Individual,East,Kolkata,Online,Groceries,Green Tea Pack,4,168.81,0.05,675.24,33.76,641.48,105.23,420.92,220.56,Credit Card
105551,2025-03-23,CUST3351,Individual,Central,Nagpur,Online,Electronics,Laptop Stand,4,3841.21,0.2,15364.84,3072.97,12291.87,2366.25,9465.0,2826.87,Net Banking
105810,2024-07-29,CUST4147,Individual,South,Hyderabad,Retail Store,Furniture,Desk Lamp,3,2963.3,0.0,8889.9,0.0,8889.9,2043.38,6130.14,2759.76,Debit Card
104205,2025-10-07,CUST4324,Small Business,East,Bhubaneswar,Retail Store,Groceries,Granola Bars,4,264.56,0.15,1058.24,158.74,899.5,173.61,694.44,205.06,Debit Card
101610,2025-03-14,CUST2823,Small Business,Central,Raipur,Retail Store,Apparel,Running Shoes,3,2959.52,0.0,8878.56,0.0,8878.56,1998.93,5996.79,2881.77,Credit Card
104206,2024-05-09,CUST1908,Individual,East,Kolkata,Online,Groceries,Granola Bars,5,819.01,0.1,4095.05,409.51,3685.54,528.52,2642.6,1042.94,Net Banking
102924,2025-11-20,CUST3471,Individual,East,Patna,Distributor,Furniture,Desk Lamp,6,12511.45,0.0,75068.7,0.0,75068.7,7143.19,42859.14,32209.56,Debit Card
105291,2025-12-14,CUST4967,Individual,South,Bengaluru,Retail Store,Stationery,Whiteboard,4,508.97,0.05,2035.88,101.79,1934.09,303.92,1215.68,718.41,UPI
100396,2025-06-28,CUST3411,Individual,Central,Raipur,Distributor,Apparel,Wool Sweater,5,1918.86,0.0,9594.3,0.0,9594.3,1337.18,6685.9,2908.4,Net Banking
100095,2025-01-30,CUST2268,Small Business,Central,Bhopal,Online,Apparel,Running Shoes,4,2105.74,0.15,8422.96,1263.44,7159.52,1553.19,6212.76,946.76,Debit Card
103840,2024-11-17,CUST4126,Individual,Central,Nagpur,Online,Stationery,Gel Pens Pack,3,355.66,0.05,1066.98,53.35,1013.63,247.89,743.67,269.96,Cash on Delivery
104757,2024-02-09,CUST3541,Individual,West,Mumbai,Online,Apparel,Rain Jacket,2,2809.94,0.0,5619.88,0.0,5619.88,1884.79,3769.58,1850.3,UPI
101786,2025-03-01,CUST2254,Small Business,Central,Raipur,Retail Store,Electronics,Bluetooth Speaker,2,4447.35,0.1,8894.7,889.47,8005.23,2973.06,5946.12,2059.11,Credit Card
101984,2024-01-13,CUST3515,Small Business, West  ,Pune,Online,Apparel,Cotton T-Shirt,4,730.43,0.0,2921.72,0.0,2921.72,472.72,1890.88,1030.84,Debit Card
101937,2025-05-10,CUST3730,Individual,West,Mumbai,Retail Store,Furniture,Desk Lamp,7,6026.3,0.0,42184.1,0.0,42184.1,3885.63,27199.41,14984.69,Credit Card
103365,2025-11-27,CUST4975,Individual,East,Patna,Retail Store,Apparel,Running Shoes,8,548.05,0.15,4384.4,657.66,3726.74,361.64,2893.12,833.62,Net Banking
100902,2024-06-30,CUST1441,Individual,Central,Bhopal,Retail Store,Groceries,Green Tea Pack,3,855.53,0.0,2566.59,0.0,2566.59,630.53,1891.59,675.0,Cash on Delivery
104866,2025-11-26,CUST1680,Individual,West,Mumbai,Retail Store,Furniture,Standing Desk,4,5349.85,0.0,21399.4,0.0,21399.4,3630.01,14520.04,6879.36,Debit Card
103939,2024-03-22,CUST2653,Small Business,Central,Bhopal,Retail Store,Furniture,Filing Cabinet,5,13351.45,0.0,66757.25,0.0,66757.25,9420.92,47104.6,19652.65,Net Banking
101034,2024-02-15,CUST1912,Individual,North,Chandigarh,Retail Store,Apparel,Running Shoes,1,2776.67,0.0,2776.67,0.0,2776.67,1990.76,1990.76,785.91,Credit Card
104350,2025-03-18,CUST4957,Enterprise,Central,Raipur,Retail Store,Furniture,Filing Cabinet,3,8193.59,0.0,24580.77,0.0,24580.77,5201.26,15603.78,8976.99,Credit Card
104894,2024-03-24,CUST3968,Small Business,North,Delhi,Online,Stationery,Desk Organizer,4,385.32,0.1,1541.28,154.13,1387.15,220.59,882.36,504.79,Debit Card
105672,2025-06-03,CUST4391,Individual,Central,Raipur,Online,Furniture,Bookshelf,1,5587.68,0.2,5587.68,1117.54,4470.14,3378.02,3378.02,1092.12,Net Banking
104567,2024-06-04,CUST1417,Individual,East,Bhubaneswar,Online,Apparel,Wool Sweater,1,484.89,0.1,484.89,48.49,436.4,320.74,320.74,115.66,UPI
100605,25/11/2025,CUST1608,Individual,West,Ahmedabad,Retail Store,Furniture,Filing Cabinet,11,4335.23,0.1,47687.53,4768.75,42918.78,2760.52,30365.72,12553.06,Credit Card
105770,2025-04-07,CUST2016,Individual,East,Bhubaneswar,Retail Store,Furniture,Desk Lamp,1,11043.17,0.0,11043.17,0.0,11043.17,6932.3,6932.3,4110.87,Debit Card
100882,2025-03-05,CUST3484,Individual,North,Delhi,Online,Apparel,Running Shoes,4,2130.63,0.15,8522.52,1278.38,7244.14,1379.74,5518.96,1725.18,Cash on Delivery
105121,2025-05-26,CUST1423,Individual,North,Delhi,Retail Store,Apparel,Running Shoes,6,453.21,0.2,2719.26,543.85,2175.41,260.43,1562.58,612.83,UPI
102805,2025-09-12,CUST2415,Small Business,South,Chennai,Retail Store,Electronics,USB-C Hub,5,1422.17,0.15,7110.85,1066.63,6044.22,791.92,3959.6,2084.62,Cash on Delivery
101432,2024-01-18,CUST3586,Enterprise,North,Delhi,Retail Store,Electronics,USB-C Hub,4,3668.63,0.15,14674.52,2201.18,12473.34,2147.39,8589.56,3883.78,Debit Card
105082,2024-06-09,CUST3526,Small Business,South,Bengaluru,Retail Store,Stationery,Notebook Set,8,99.34,0.15,794.72,119.21,675.51,70.95,567.6,107.91,Net Banking
103651,2025-12-10,CUST3024,Individual,West,Pune,Online,Apparel,Cotton T-Shirt,1,2855.93,0.0,2855.93,0.0,2855.93,1593.03,1593.03,1262.9,Cash on Delivery
105942,2025-09-12,CUST4568,Small Business,North,Chandigarh,Retail Store,Electronics,Webcam HD,2,1913.15,0.0,3826.3,0.0,3826.3,1389.77,2779.54,1046.76,Debit Card
104229,2025-07-28,CUST3539,Enterprise,East,Bhubaneswar,Online,Furniture,Desk Lamp,7,14260.95,0.0,99826.65,0.0,99826.65,9115.44,63808.08,36018.57,Cash on Delivery
104196,2025-01-12,CUST3195,Individual,Central,Nagpur,Online,Stationery,Sticky Notes,4,526.72,0.0,2106.88,0.0,2106.88,329.69,1318.76,788.12,Credit Card
100113,04-01-2025,CUST4463,Individual,East,Bhubaneswar,Distributor,Furniture,Desk Lamp,2,2962.68,0.2,5925.36,1185.07,4740.29,2033.54,4067.08,673.21,Cash on Delivery
102366,2024-05-30,CUST3290,Individual,Central,Nagpur,Online,Furniture,Standing Desk,5,6911.05,0.1,34555.25,3455.53,31099.72,5032.93,25164.65,5935.07,Cash on Delivery
101322,2025-11-10,CUST4674,Small Business,West,Ahmedabad,Retail Store,Groceries,Granola Bars,3,826.2,0.0,2478.6,0.0,2478.6,571.86,1715.58,763.02,Cash on Delivery
104417,2024-01-14,CUST3170,Individual,North,Lucknow,Retail Store,Apparel,Rain Jacket,5,2988.24,0.15,14941.2,2241.18,12700.02,1933.27,9666.35,3033.67,Credit Card
102577,2024-04-30,CUST4204,Individual,North,Delhi,Retail Store,Furniture,Standing Desk,1,12779.71,0.0,12779.71,0.0,12779.71,9552.93,9552.93,3226.78,Debit Card
100948,2024-12-05,CUST1391,Small Business,East,Bhubaneswar,Retail Store,Furniture,Standing Desk,8,12573.18,0.0,100585.44,0.0,100585.44,8200.13,65601.04,34984.4,UPI
105170,2024-05-19,CUST3336,Individual,West,Pune,Online,Apparel,Cotton T-Shirt,8,1031.86,0.15,8254.88,1238.23,7016.65,709.4,5675.2,1341.45,UPI
101588,2025-06-30,CUST4765,Enterprise,North,Chandigarh,Retail Store,Electronics,Power Bank,5,1985.49,0.15,9927.45,1489.12,8438.33,1369.6,6848.0,1590.33,Debit Card
105308,2024-05-31,CUST1493,Individual,North,Chandigarh,Online,Apparel,Denim Jacket,3,2861.3,0.15,8583.9,1287.58,7296.32,1638.77,4916.31,2380.01,Cash on Delivery
101178,2024-10-03,CUST4365,Individual,East,Kolkata,Retail Store,Stationery,Notebook Set,3,445.58,0.15,1336.74,200.51,1136.23,319.05,957.15,179.08,Credit Card
102642,2024-02-06,CUST2777,Individual,Central,Nagpur,Distributor,Stationery,Whiteboard,4,599.17,0.15,2396.68,359.5,2037.18,394.99,1579.96,457.22,Net Banking
104600,2025-11-09,CUST2978,Individual,East,Kolkata,Online,Furniture,Desk Lamp,1,6044.31,0.2,6044.31,1208.86,4835.45,4512.4,4512.4,323.05,Debit Card
102593,2025-07-06,CUST1696,Individual,East,Patna,Online,Groceries,Granola Bars,2,804.92,0.0,1609.84,0.0,1609.84,445.97,891.94,717.9,UPI
105664,03-Nov-2025,CUST2025,Individual,North,Lucknow,Online,Stationery,Whiteboard,6,400.17,0.0,2401.02,0.0,2401.02,246.22,1477.32,923.7,Cash on Delivery
100631,2024-04-15,CUST3525,Small Business,South,Bengaluru,Distributor,Stationery,Desk Organizer,5,199.15,0.0,995.75,0.0,995.75,126.51,632.55,363.2,Debit Card
104252,2024-10-26,CUST3207,Individual,North,Chandigarh,Retail Store,Groceries,Granola Bars,3,492.96,0.0,1478.88,0.0,1478.88,302.76,908.28,570.6,Credit Card
104697,2024-08-11,CUST3247,Small Business,West,Pune,Distributor,Electronics,Bluetooth Speaker,4,1296.61,0.2,5186.44,1037.29,4149.15,871.51,3486.04,663.11,UPI
103261,2025-10-17,CUST3557,Individual,East,Kolkata,Retail Store,Stationery,Gel Pens Pack,5,328.23,0.05,1641.15,82.06,1559.09,225.64,1128.2,430.89,Credit Card
105892,2024-09-30,CUST4175,Individual,Central,Nagpur,Online,Groceries,Granola Bars,4,188.71,0.0,754.84,0.0,754.84,109.2,436.8,318.04,Cash on Delivery
100334,2024-04-18,CUST4696,Individual,West,Ahmedabad,Retail Store,Stationery,Sticky Notes,1,699.03,0.05,699.03,34.95,664.08,514.98,514.98,149.1,Credit Card
103433,2024-04-20,CUST1034,Small Business,South,Chennai,Online,STATIONERY,Gel Pens Pack,4,214.14,0.0,856.56,0.0,856.56,118.65,474.6,381.96,Credit Card
103592,2024-08-01,CUST2584,Small Business,Central,Nagpur,Online,Furniture,Filing Cabinet,4,6390.01,0.0,25560.04,0.0,25560.04,3760.21,15040.84,10519.2,UPI
103478,2025-12-02,CUST4325,Individual,Central,Nagpur,Distributor,Apparel,Cotton T-Shirt,4,1437.34,0.2,5749.36,1149.87,4599.49,917.08,3668.32,931.17,UPI
102684,2024-03-14,CUST3859,Individual,North,Chandigarh,Retail Store,Furniture,Filing Cabinet,2,14116.46,0.05,28232.92,1411.65,26821.27,8706.31,17412.62,9408.65,Debit Card
103381,2025-09-13,CUST4079,Individual,South,Chennai,Distributor,Groceries,Green Tea Pack,4,652.09,0.2,2608.36,521.67,2086.69,400.67,1602.68,484.01,Debit Card
101615,2024-05-17,CUST1601,Small Business,West,Mumbai,Distributor,Electronics,Power Bank,3,5219.01,0.0,15657.03,0.0,15657.03,3372.57,10117.71,5539.32,Cash on Delivery
105765,2024-10-23,CUST2443,Enterprise,South,Hyderabad,Online,Electronics,USB-C Hub,4,5184.26,0.2,20737.04,4147.41,16589.63,2932.04,11728.16,4861.47,Debit Card
104438,2024-03-22,CUST1537,Small Business,Central,Bhopal,Online,Groceries,Olive Oil,6,663.89,0.0,3983.34,0.0,3983.34,411.35,2468.1,1515.24,Cash on Delivery
105749,2025-01-09,CUST4053,Individual,North,Delhi,Retail Store,Stationery,Gel Pens Pack,2,599.68,0.0,1199.36,0.0,1199.36,404.02,808.04,391.32,Credit Card
102157,2025-08-31,CUST2101,Small Business,West,Ahmedabad,Online,Furniture,Filing Cabinet,2,4288.03,0.0,8576.06,0.0,8576.06,2935.75,5871.5,2704.56,Cash on Delivery
104634,2024-09-01,CUST3914,Small Business,East,Kolkata,Retail Store,Furniture,Office Chair,3,12915.12,0.0,38745.36,0.0,38745.36,8762.12,26286.36,12459.0,Cash on Delivery
105728,2024-04-21,CUST1677,Individual,West,Ahmedabad,Online,Apparel,Wool Sweater,3,1458.8,0.1,4376.4,437.64,3938.76,919.54,2758.62,1180.14,Debit Card
101743,2024-12-09,CUST2613,Small Business,South,Hyderabad,Retail Store,STATIONERY,Desk Organizer,3,343.31,0.0,1029.93,0.0,1029.93,241.71,725.13,304.8,Debit Card
105182,2025-01-17,CUST1391,Individual,South,Chennai,Retail Store,Electronics,USB-C Hub,1,5422.8,0.1,5422.8,542.28,4880.52,3309.69,3309.69,1570.83,Net Banking
104512,2025-06-11,CUST4506,Individual,South,Chennai,Online,Furniture,Desk Lamp,3,11327.2,0.0,33981.6,0.0,33981.6,7146.39,21439.17,12542.43,Credit Card
103361,2025-09-29,CUST4142,Small Business,South,Bengaluru,Online,Furniture,Office Chair,2,2130.26,0.1,4260.52,426.05,3834.47,1459.18,2918.36,916.11,Net Banking
101878,2024-07-15,CUST3458,Individual,East,Bhubaneswar,Online,Electronics,Wireless Mouse,5,2260.07,0.0,11300.35,0.0,11300.35,1592.13,7960.65,3339.7,UPI
100385,2024-04-22,CUST2575,Small Business,South,Chennai,Retail Store,Apparel,Cotton T-Shirt,3,1531.49,0.0,4594.47,0.0,4594.47,899.97,2699.91,1894.56,Cash on Delivery
102090,2024-10-28,CUST4774,Individual,South,Chennai,Retail Store,Groceries,Granola Bars,2,565.79,0.15,1131.58,169.74,961.84,326.16,652.32,309.52,Net Banking
105375,2024-06-18,CUST3337,Small Business,West,Pune,Online,Electronics,USB-C Hub,1,3944.13,0.0,3944.13,0.0,3944.13,2685.17,2685.17,1258.96,Cash on Delivery
102163,2024-08-24,CUST1897,Small Business,South,Bengaluru,Online,Furniture,Bookshelf,3,14304.09,0.2,42912.27,8582.45,34329.82,10312.85,30938.55,3391.27,Net Banking
105727,2024-03-05,CUST2112,Individual,South,Hyderabad,Online,Electronics,USB-C Hub,3,4744.15,0.2,14232.45,2846.49,11385.96,3186.28,9558.84,1827.12,Debit Card
101924,2025-01-31,CUST4407,Individual,East,Kolkata,Online,Electronics,USB-C Hub,2,5213.29,0.2,10426.58,2085.32,8341.26,3364.99,6729.98,1611.28,Cash on Delivery
105435,2024-02-08,CUST2717,Individual,Central,Nagpur,Distributor,Stationery,Sticky Notes,4,637.16,0.05,2548.64,127.43,2421.21,463.83,1855.32,565.89,Debit Card
102842,2024-03-26,CUST2990,Individual,North,Chandigarh,Online,Electronics,USB-C Hub,1,5304.24,0.0,5304.24,0.0,5304.24,3706.24,3706.24,1598.0,UPI
100288,2025-11-07,CUST3578,Individual,East,Bhubaneswar,Online,Furniture,Filing Cabinet,3,10414.37,0.1,31243.11,3124.31,28118.8,6063.52,18190.56,9928.24,Cash on Delivery
102213,13-Feb-2024,CUST2939,Individual,South,Chennai,Online,Stationery,Whiteboard,3,214.57,0.0,643.71,0.0,643.71,133.53,400.59,243.12,Cash on Delivery
105229,13/12/2024,CUST4699,Individual,East,Kolkata,Online,Apparel,Running Shoes,3,1869.89,0.15,5609.67,841.45,4768.22,1240.23,3720.69,1047.53,UPI
105095,2025-12-27,CUST4399,Individual,South,Bengaluru,Online,Stationery,Desk Organizer,6,196.79,0.1,1180.74,118.07,1062.67,133.75,802.5,260.17,Debit Card
104434,2024-02-18,CUST4592,Small Business,South,Hyderabad,Online,Stationery,Sticky Notes,3,396.76,0.1,1190.28,119.03,1071.25,236.66,709.98,361.27,Net Banking
102370,2024-09-10,CUST2481,Individual,West,Pune,Online,Electronics,USB-C Hub,3,3757.39,0.15,11272.17,1690.83,9581.34,2171.93,6515.79,3065.55,Debit Card
103476,2024-05-11,CUST4099,Individual,West,Ahmedabad,Online,Stationery,Sticky Notes,1,641.25,0.0,641.25,0.0,641.25,393.71,393.71,247.54,Net Banking
100028,05/07/2025,CUST2211,Small Business,West,Mumbai,Distributor,Furniture,Bookshelf,1,3620.13,0.0,3620.13,0.0,3620.13,2282.42,2282.42,1337.71,Net Banking
104336,2025-11-02,CUST3974,Individual,South,Bengaluru,Retail Store,Furniture,Filing Cabinet,1,2703.55,0.15,2703.55,405.53,2298.02,1956.76,1956.76,341.26,Cash on Delivery
101110,17-Mar-2024,CUST4021,Individual,South,Hyderabad,Online,Electronics,Power Bank,3,1144.36,0.1,3433.08,343.31,3089.77,646.14,1938.42,1151.35,Credit Card
103817,2024-07-26,CUST2081,Individual,East,Kolkata,Distributor,Stationery,Notebook Set,1,211.17,0.1,211.17,21.12,190.05,130.99,130.99,59.06,UPI
103180,20-Mar-2024,CUST2154,Individual, East  ,Kolkata,Retail Store,Furniture,Standing Desk,4,7694.36,0.15,30777.44,4616.62,26160.82,4818.73,19274.92,6885.9,Cash on Delivery
103569,2024-03-30,CUST2472,Individual,West,Pune,Retail Store,Groceries,Organic Coffee,6,870.27,0.0,5221.62,0.0,5221.62,495.42,2972.52,2249.1,Credit Card
103159,2024-04-13,CUST1591,Small Business,South,Chennai,Retail Store,Furniture,Filing Cabinet,2,3910.8,0.0,7821.6,0.0,7821.6,2255.42,4510.84,3310.76,Credit Card
101225,2025-08-25,CUST3409,Individual,North,Delhi,Online,Apparel,Cotton T-Shirt,1,409.12,0.0,409.12,0.0,409.12,302.95,302.95,106.17,Credit Card
104755,2024-11-30,CUST4869,Enterprise,Central,Raipur,Retail Store,Stationery,Gel Pens Pack,6,671.56,0.1,4029.36,402.94,3626.42,370.98,2225.88,1400.54,Debit Card
105605,2024-03-11,CUST2225,Individual,North,Delhi,Online,Furniture,Office Chair,2,9789.74,0.0,19579.48,0.0,19579.48,6930.56,13861.12,5718.36,Net Banking
103782,2025-08-05,CUST2418,Individual,Central,Raipur,Retail Store,Apparel,Cotton T-Shirt,3,2126.2,0.05,6378.6,318.93,6059.67,1423.75,4271.25,1788.42,Debit Card
104065,2025-03-24,CUST1777,Individual,West,Pune,Distributor,Apparel,Wool Sweater,1,2032.98,0.0,2032.98,0.0,2032.98,1303.71,1303.71,729.27,Cash on Delivery
104433,2024-06-20,CUST1399,Small Business,North,Chandigarh,Online,Apparel,Wool Sweater,3,1354.78,0.15,4064.34,609.65,3454.69,813.95,2441.85,1012.84,Net Banking
102177,2025-09-04,CUST1851,Individual,West,Mumbai,Retail Store,Electronics,Laptop Stand,2,3936.68,0.0,7873.36,0.0,7873.36,2753.94,5507.88,2365.48,Debit Card
100526,2025-08-23,CUST4203,Individual,Central,Raipur,Retail Store,Electronics,Bluetooth Speaker,2,3119.11,0.1,6238.22,623.82,5614.4,2330.17,4660.34,954.06,Net Banking
104453,2025-08-28,CUST2225,Individual,North,Delhi,Retail Store,FURNITURE,Bookshelf,2,4251.59,0.0,8503.18,0.0,8503.18,2849.17,5698.34,2804.84,UPI
105289,2025-11-04,CUST2835,Individual,East,Bhubaneswar,Online,Apparel,Wool Sweater,8,2209.74,0.0,17677.92,0.0,17677.92,1520.92,12167.36,5510.56,UPI
105599,2024-12-23,CUST4518,Individual,West,Ahmedabad,Retail Store,Furniture,Filing Cabinet,3,11281.14,0.0,33843.42,0.0,33843.42,7775.45,23326.35,10517.07,Debit Card
103880,2025-08-23,CUST2057,Individual,North,Delhi,Distributor,Stationery,Whiteboard,2,173.05,0.05,346.1,17.31,328.79,128.85,257.7,71.09,UPI
100507,2025-02-28,CUST1121,Individual,South,Hyderabad,Online,Apparel,Denim Jacket,2,2734.97,0.15,5469.94,820.49,4649.45,1702.12,3404.24,1245.21,UPI
105766,2025-07-09,CUST1702,Individual,North,Delhi,Online,Furniture,Filing Cabinet,3,12742.87,0.15,38228.61,5734.29,32494.32,9351.51,28054.53,4439.79,Net Banking
105899,26-Jun-2024,CUST3299,Small Business,Central,Bhopal,Retail Store,Electronics,Laptop Stand,6,1473.79,0.2,8842.74,1768.55,7074.19,955.88,5735.28,1338.91,Cash on Delivery
102063,2025-07-08,CUST1685,Individual,South,Hyderabad,Distributor,Stationery,Whiteboard,5,540.35,0.0,2701.75,0.0,2701.75,403.19,2015.95,685.8,Credit Card
101224,2024-10-23,CUST4548,Small Business,North,Lucknow,Online,Apparel,Denim Jacket,4,2392.73,0.0,9570.92,0.0,9570.92,1464.03,5856.12,3714.8,Credit Card
102445,2024-08-29,CUST2382,Individual,South,Chennai,Online,Apparel,Denim Jacket,1,1434.38,0.05,1434.38,71.72,1362.66,1060.58,1060.58,302.08,UPI
103509,2024-03-08,CUST1880,,North,,Retail Store,Furniture,Office Chair,3,14640.91,,43922.73,6588.41,37334.32,9373.59,28120.77,9213.55,
105036,2025-10-30,CUST4731,Individual,Central,Bhopal,Online,Groceries,Granola Bars,4,288.61,0.15,1154.44,173.17,981.27,186.13,744.52,236.75,UPI
103313,2025-11-26,CUST1885,Small Business,South,Hyderabad,Online,Groceries,Green Tea Pack,6,326.66,0.05,1959.96,98.0,1861.96,217.9,1307.4,554.56,Net Banking
104031,2025-06-08,CUST4566,Individual,East,Patna,Retail Store,Furniture,Filing Cabinet,3,13567.44,0.0,40702.32,0.0,40702.32,8785.84,26357.52,14344.8,Net Banking
101696,2025-09-25,CUST2394,Individual,Central,Nagpur,Online,Furniture,Filing Cabinet,5,4389.49,0.0,21947.45,0.0,21947.45,2575.93,12879.65,9067.8,Credit Card
101450,2025-04-24,CUST1830,Individual,South,Chennai,Online,Stationery,Notebook Set,1,685.09,0.0,685.09,0.0,685.09,394.58,394.58,290.51,Cash on Delivery
105539,2025-04-27,CUST4856,Small Business,West,Pune,Online,Apparel,Denim Jacket,2,1939.58,0.0,3879.16,0.0,3879.16,1117.4,2234.8,1644.36,Debit Card
103068,2024-09-20,CUST2291,Individual,East,Bhubaneswar,Online,Electronics,Laptop Stand,4,4433.77,0.0,17735.08,0.0,17735.08,3034.14,12136.56,5598.52,Net Banking
101627,2024-03-25,CUST3644,Individual,Central,Bhopal,Online,Groceries,Almond Butter,2,535.22,0.1,1070.44,107.04,963.4,353.44,706.88,256.52,Cash on Delivery
101265,2025-04-19,CUST1884,Small Business,North,Chandigarh,Retail Store,Groceries,Green Tea Pack,5,509.06,0.15,2545.3,381.8,2163.5,341.46,1707.3,456.2,Credit Card
105322,2025-08-10,CUST1355,Individual,South,Bengaluru,Retail Store,Apparel,Rain Jacket,2,2293.73,0.0,4587.46,0.0,4587.46,1576.26,3152.52,1434.94,Net Banking
104457,2024-06-04,CUST2066,Individual,South,Chennai,Online,Apparel,Wool Sweater,2,806.23,0.05,1612.46,80.62,1531.84,592.34,1184.68,347.16,Cash on Delivery
100878,2024-12-24,CUST1480,Small Business,East,Kolkata,Distributor,Electronics,Bluetooth Speaker,6,3846.83,0.0,23080.98,0.0,23080.98,2124.04,12744.24,10336.74,Credit Card
104513,2024-06-26,CUST2837,Small Business, West  ,Ahmedabad,Online,Electronics,Laptop Stand,5,3360.43,0.1,16802.15,1680.22,15121.93,2375.99,11879.95,3241.98,Net Banking
105881,2024-06-02,CUST3151,Small Business,West,,Retail Store,Apparel,Cotton T-Shirt,3,572.28,0.2,1716.84,343.37,1373.47,356.09,1068.27,305.2,
103941,2024-10-31,CUST4891,Small Business,Central,Raipur,Online,Groceries,Organic Coffee,2,761.81,0.0,1523.62,0.0,1523.62,438.19,876.38,647.24,UPI
103479,2024-09-03,CUST4205,Individual,West,Mumbai,Retail Store,Stationery,Desk Organizer,5,98.39,0.05,491.95,24.6,467.35,66.82,334.1,133.25,Net Banking
100014,2025-08-07,CUST1403,Individual,South,Chennai,Retail Store,Stationery,Whiteboard,3,113.59,0.15,340.77,51.12,289.65,84.83,254.49,35.16,UPI
100482,2025-04-24,CUST2158,Individual,East,Bhubaneswar,Online,Furniture,Office Chair,3,14720.72,0.0,44162.16,0.0,44162.16,10823.37,32470.11,11692.05,UPI
105958,2025-12-11,CUST1804,Individual,West,Pune,Retail Store,Electronics,Webcam HD,6,4903.84,0.15,29423.04,4413.46,25009.58,2946.33,17677.98,7331.6,Cash on Delivery
105053,2024-12-03,CUST2104,Individual,North,Delhi,Retail Store,Apparel,Wool Sweater,4,2788.13,0.0,11152.52,0.0,11152.52,1956.34,7825.36,3327.16,Debit Card
105879,2024-10-05,CUST4361,Individual,West,Pune,Online,Electronics,Laptop Stand,5,3773.73,0.0,18868.65,0.0,18868.65,2378.66,11893.3,6975.35,Debit Card
103218,2025-10-03,CUST1490,Individual,South,Hyderabad,Retail Store,Apparel,Cotton T-Shirt,2,1380.23,0.2,2760.46,552.09,2208.37,765.38,1530.76,677.61,UPI
104248,2025-05-20,CUST4831,Individual,Central,Raipur,Online,Apparel,Rain Jacket,1,1325.57,0.05,1325.57,66.28,1259.29,829.05,829.05,430.24,Net Banking
102425,2025-08-08,CUST1097,Individual,South,Bengaluru,Online,Furniture,Office Chair,5,12413.06,0.0,62065.3,0.0,62065.3,8225.36,41126.8,20938.5,UPI
102553,2025-06-03,CUST3719,Individual,South,Bengaluru,Online,Electronics,Power Bank,5,2255.38,0.15,11276.9,1691.53,9585.37,1318.51,6592.55,2992.82,Net Banking
101288,2024-06-16,CUST1013,Individual, Central  ,Nagpur,Retail Store,Electronics,Power Bank,1,3112.49,0.0,3112.49,0.0,3112.49,1833.24,1833.24,1279.25,UPI
105535,2024-10-01,CUST3088,Small Business,Central,Bhopal,Retail Store,Electronics,Power Bank,10,5092.82,0.0,50928.2,0.0,50928.2,3103.35,31033.5,19894.7,Credit Card
100858,2024-12-29,CUST2291,Individual,South,Bengaluru,Online,Stationery,Gel Pens Pack,4,296.08,0.0,1184.32,0.0,1184.32,182.23,728.92,455.4,UPI
102552,2024-06-16,CUST1717,Small Business, West  ,Pune,Retail Store,Stationery,Notebook Set,8,483.58,0.1,3868.64,386.86,3481.78,295.34,2362.72,1119.06,Credit Card
103130,2024-12-13,CUST4985,Individual,South,Bengaluru,Online,Stationery,Notebook Set,4,379.77,0.0,1519.08,0.0,1519.08,209.23,836.92,682.16,UPI
100047,2025-01-04,CUST3351,Individual,North,Lucknow,Online,Furniture,Bookshelf,2,5797.78,0.0,11595.56,0.0,11595.56,4200.75,8401.5,3194.06,Net Banking
102919,2024-05-06,CUST4992,Individual,South,Bengaluru,Retail Store,Furniture,Desk Lamp,2,3978.45,0.0,7956.9,0.0,7956.9,2799.37,5598.74,2358.16,Credit Card
105267,2024-11-04,CUST1651,Individual,North,Delhi,Online,Apparel,Running Shoes,4,2071.1,0.2,8284.4,1656.88,6627.52,1244.87,4979.48,1648.04,UPI
102315,2024-10-12,CUST4286,Individual,Central,Bhopal,Retail Store,Stationery,Notebook Set,9,406.98,0.0,3662.82,0.0,3662.82,299.46,2695.14,967.68,Credit Card
105746,2025-11-13,CUST4416,Individual,Central,Bhopal,Online,Apparel,Running Shoes,3,656.73,0.1,1970.19,197.02,1773.17,479.83,1439.49,333.68,Debit Card
102386,2024-12-03,CUST4490,Individual,West,Pune,Online,Apparel,Denim Jacket,1,1358.73,0.1,1358.73,135.87,1222.86,905.06,905.06,317.8,UPI
100900,2025-04-07,CUST2254,Enterprise,East,Kolkata,Distributor,Electronics,Webcam HD,5,1107.56,0.0,5537.8,0.0,5537.8,681.56,3407.8,2130.0,Credit Card
101023,2025-09-04,CUST1622,Small Business,West,Mumbai,Online,Apparel,Rain Jacket,6,1680.89,0.2,10085.34,2017.07,8068.27,1158.93,6953.58,1114.69,Credit Card
100233,2025-08-31,CUST4194,Individual,West,Ahmedabad,Retail Store,GROCERIES,Green Tea Pack,1,363.8,0.0,363.8,0.0,363.8,262.21,262.21,101.59,Net Banking
100942,2024-06-23,CUST4074,Individual,East,Patna,Online,Electronics,Power Bank,1,4940.51,0.0,4940.51,0.0,4940.51,2857.67,2857.67,2082.84,Cash on Delivery
105620,2024-06-16,CUST3276,Individual,East,Kolkata,Online,Stationery,Sticky Notes,8,362.68,0.0,2901.44,0.0,2901.44,268.29,2146.32,755.12,UPI
105703,2024-09-20,CUST4646,Individual,Central,Nagpur,Retail Store,Furniture,Office Chair,1,6130.18,0.0,6130.18,0.0,6130.18,4347.44,4347.44,1782.74,UPI
105872,2024-07-26,CUST4864,Individual,West,Ahmedabad,Distributor,Stationery,Gel Pens Pack,3,658.95,0.15,1976.85,296.53,1680.32,489.71,1469.13,211.19,Debit Card
105067,2024-12-07,CUST1889,Small Business, North  ,Chandigarh,Online,Apparel,Rain Jacket,8,2739.63,0.05,21917.04,1095.85,20821.19,1533.58,12268.64,8552.55,UPI
103238,2024-03-05,CUST3967,Individual,South,Bengaluru,Retail Store,Apparel,Cotton T-Shirt,3,712.75,0.15,2138.25,320.74,1817.51,448.62,1345.86,471.65,Credit Card
105443,2025-05-13,CUST1536,Individual,South,Bengaluru,Online,Stationery,Gel Pens Pack,3,326.17,0.0,978.51,0.0,978.51,202.6,607.8,370.71,Cash on Delivery
105061,2025-08-09,CUST1463,Individual,South,Chennai,Retail Store,Apparel,Rain Jacket,2,2843.51,0.05,5687.02,284.35,5402.67,1763.79,3527.58,1875.09,Credit Card
104596,2025-06-22,CUST2126,Individual,East,Patna,Retail Store,Apparel,Wool Sweater,2,1771.65,0.1,3543.3,354.33,3188.97,982.16,1964.32,1224.65,Debit Card
104169,2025-04-15,CUST3110,Individual,North,Lucknow,Online,Stationery,Whiteboard,1,646.05,0.05,646.05,32.3,613.75,407.53,407.53,206.22,UPI
101810,2024-07-11,CUST2961,Small Business,West,Pune,Online,Apparel,Cotton T-Shirt,3,899.48,0.15,2698.44,404.77,2293.67,519.2,1557.6,736.07,Credit Card
104394,2024-05-23,CUST2166,Enterprise,East,Patna,Online,Electronics,Webcam HD,2,1251.69,0.15,2503.38,375.51,2127.87,831.2,1662.4,465.47,Net Banking
102222,2025-06-27,CUST1890,Enterprise,North,Chandigarh,Online,Stationery,Desk Organizer,2,446.27,0.05,892.54,44.63,847.91,299.63,599.26,248.65,Credit Card
101166,2024-11-30,CUST2730,Individual,West,Pune,Retail Store,Stationery,Sticky Notes,3,95.9,0.05,287.7,14.38,273.32,70.59,211.77,61.55,UPI
100205,07-31-2024,CUST3912,Individual,West,Pune,Distributor,Groceries,Almond Butter,3,180.25,0.0,540.75,0.0,540.75,104.48,313.44,227.31,Credit Card
104947,2025-01-29,CUST3754,Individual,South,Chennai,Online,Stationery,Notebook Set,1,684.65,0.2,684.65,136.93,547.72,400.67,400.67,147.05,Debit Card
100907,2025-12-16,CUST2240,Small Business,North,Delhi,Distributor,Electronics,Webcam HD,4,4688.83,0.0,18755.32,0.0,18755.32,2623.13,10492.52,8262.8,Net Banking
103690,2025-03-11,CUST3981,Individual,East,Bhubaneswar,Distributor,Apparel,Wool Sweater,1,1096.57,0.0,1096.57,0.0,1096.57,621.12,621.12,475.45,Debit Card
103226,2025-03-02,CUST2601,Small Business,East,Kolkata,Online,Apparel,Rain Jacket,2,1632.59,0.0,3265.18,0.0,3265.18,1182.13,2364.26,900.92,UPI
105354,2025-05-07,CUST3632,Small Business,West,Pune,Retail Store,Furniture,Office Chair,3,2732.76,0.2,8198.28,1639.66,6558.62,1960.74,5882.22,676.4,Debit Card
103510,2025-02-18,CUST3344,Individual, South  ,Chennai,Retail Store,Apparel,Denim Jacket,2,1209.44,0.0,2418.88,0.0,2418.88,859.16,1718.32,700.56,UPI
101163,2024-10-15,CUST2174,Small Business,North,Chandigarh,Online,Furniture,Office Chair,5,3827.95,0.0,19139.75,0.0,19139.75,2220.31,11101.55,8038.2,Debit Card
104660,2025-11-02,CUST3300,Small Business,South,Chennai,Online,Stationery,Sticky Notes,3,190.25,0.15,570.75,85.61,485.14,106.36,319.08,166.06,UPI
102730,2025-08-27,CUST1392,Individual,West,Pune,Distributor,Stationery,Notebook Set,1,453.7,0.15,453.7,68.05,385.65,265.93,265.93,119.72,Debit Card
101601,2025-01-21,CUST1184,Small Business,Central,Bhopal,Retail Store,Groceries,Almond Butter,2,816.2,0.15,1632.4,244.86,1387.54,573.18,1146.36,241.18,Cash on Delivery
103038,2025-10-02,CUST1793,Small Business,North,Lucknow,Online,Apparel,Cotton T-Shirt,3,1460.85,0.0,4382.55,0.0,4382.55,996.3,2988.9,1393.65,Credit Card
100087,2025-03-16,CUST4531,Individual,West,Ahmedabad,Retail Store,Furniture,Standing Desk,1,6604.17,0.05,6604.17,330.21,6273.96,4849.0,4849.0,1424.96,Debit Card
101870,2024-04-05,CUST3117,Individual,South,Hyderabad,Online,Groceries,Olive Oil,1,155.87,0.2,155.87,31.17,124.7,101.64,101.64,23.06,Debit Card
104009,2025-05-22,CUST3433,Small Business,West,Ahmedabad,Online,Stationery,Gel Pens Pack,3,197.1,0.0,591.3,0.0,591.3,143.03,429.09,162.21,UPI
102208,2025-09-26,CUST4143,Individual,West,Mumbai,Online,Apparel,Rain Jacket,5,790.52,0.0,3952.6,0.0,3952.6,487.03,2435.15,1517.45,Credit Card
103047,2024-05-15,CUST2252,Individual,West,Pune,Online,APPAREL,Rain Jacket,4,1574.03,0.0,6296.12,0.0,6296.12,1129.36,4517.44,1778.68,Credit Card
105964,2025-05-02,CUST2202,Enterprise,East,Kolkata,Online,Stationery,Whiteboard,2,304.89,0.15,609.78,91.47,518.31,195.74,391.48,126.83,UPI
101964,2024-08-26,CUST3820,Small Business,West,Ahmedabad,Online,Stationery,Notebook Set,4,296.56,0.15,1186.24,177.94,1008.3,176.35,705.4,302.9,Credit Card
100622,2024-09-07,CUST1208,Small Business,North,Lucknow,Online,Stationery,Desk Organizer,2,600.43,0.1,1200.86,120.09,1080.77,372.66,745.32,335.45,UPI
105625,08-07-2024,CUST3381,Individual,South,Hyderabad,Online,Groceries,Organic Coffee,8,779.17,0.0,6233.36,0.0,6233.36,433.25,3466.0,2767.36,Debit Card
104069,2025-08-15,CUST1887,Individual,Central,Raipur,Online,Furniture,Standing Desk,2,4918.49,0.2,9836.98,1967.4,7869.58,3393.88,6787.76,1081.82,Debit Card
105344,2024-08-27,CUST4295,Small Business,Central,Bhopal,Online,Apparel,Denim Jacket,6,2205.49,0.05,13232.94,661.65,12571.29,1271.76,7630.56,4940.73,Net Banking
100365,2024-08-02,CUST2063,Enterprise,North,Delhi,Retail Store,Furniture,Desk Lamp,3,10952.51,0.1,32857.53,3285.75,29571.78,7880.98,23642.94,5928.84,Debit Card
103981,2025-11-21,CUST4427,Individual,North,Chandigarh,Online,FURNITURE,Filing Cabinet,1,2277.47,0.0,2277.47,0.0,2277.47,1270.51,1270.51,1006.96,Cash on Delivery
104638,2024-12-28,CUST3543,Small Business,West,Ahmedabad,Distributor,Electronics,Webcam HD,3,4723.89,0.0,14171.67,0.0,14171.67,3508.57,10525.71,3645.96,Debit Card
104834,2025-07-27,CUST3606,Small Business,South,Hyderabad,Online,Furniture,Standing Desk,6,4267.62,0.1,25605.72,2560.57,23045.15,2870.0,17220.0,5825.15,Credit Card
101293,2024-08-28,CUST3840,Individual,South,Hyderabad,Retail Store,Furniture,Standing Desk,1,13617.08,0.2,13617.08,2723.42,10893.66,8779.43,8779.43,2114.23,Cash on Delivery
103976,2024-08-02,CUST3076,Small Business,North,Delhi,Retail Store,Groceries,Organic Coffee,3,226.98,0.0,680.94,0.0,680.94,162.85,488.55,192.39,Debit Card
103155,2025-03-25,CUST3554,Small Business,West,Ahmedabad,Retail Store,Apparel,Rain Jacket,4,2893.42,0.1,11573.68,1157.37,10416.31,1593.29,6373.16,4043.15,Credit Card
104175,2024-11-03,CUST1441,Individual,West,Mumbai,Online,Groceries,Olive Oil,3,862.33,0.15,2586.99,388.05,2198.94,500.86,1502.58,696.36,Cash on Delivery
104904,2025-04-19,CUST1125,Individual,East,Patna,Retail Store,Apparel,Rain Jacket,3,2861.03,0.0,8583.09,0.0,8583.09,2069.83,6209.49,2373.6,Cash on Delivery
104157,2025-06-25,CUST2479,Individual, South  ,Chennai,Online,Groceries,Almond Butter,3,650.16,0.15,1950.48,292.57,1657.91,464.9,1394.7,263.21,Debit Card
104910,2025-03-01,CUST3950,Individual,East,Patna,Retail Store,Groceries,Organic Coffee,4,477.23,0.2,1908.92,381.78,1527.14,288.57,1154.28,372.86,Cash on Delivery
101000,2024-07-29,CUST2546,Individual,Central,Nagpur,Online,Groceries,Olive Oil,3,258.39,0.2,775.17,155.03,620.14,178.23,534.69,85.45,Cash on Delivery
103173,2024-01-06,CUST4085,Individual,Central,Nagpur,Distributor,Groceries,Organic Coffee,1,445.36,0.05,445.36,22.27,423.09,309.0,309.0,114.09,Credit Card
101037,2025-02-02,CUST1692,Small Business,South,Hyderabad,Retail Store,Stationery,Sticky Notes,1,160.52,0.15,160.52,24.08,136.44,111.75,111.75,24.69,Credit Card
105410,2025-01-24,CUST1700,Individual,East,Kolkata,Retail Store,Stationery,Sticky Notes,9,209.44,0.2,1884.96,376.99,1507.97,116.76,1050.84,457.13,Credit Card
101654,2024-08-17,CUST2212,Individual,South,Hyderabad,Online,Apparel,Running Shoes,4,1902.15,0.15,7608.6,1141.29,6467.31,1251.01,5004.04,1463.27,Debit Card
105434,2024-11-05,CUST4590,Small Business,South,,Online,Stationery,Desk Organizer,3,299.84,0.05,899.52,44.98,854.54,199.5,598.5,256.04,
104066,2024-03-29,CUST1198,Individual,South,Bengaluru,Online,Furniture,Bookshelf,1,5284.95,0.0,5284.95,0.0,5284.95,3395.53,3395.53,1889.42,Debit Card
104221,2025-02-12,CUST2113,Individual,Central,Nagpur,Online,Stationery,Desk Organizer,2,690.19,0.1,1380.38,138.04,1242.34,447.23,894.46,347.88,Debit Card
102695,2024-06-03,CUST4031,Enterprise,North,Delhi,Distributor,Stationery,Gel Pens Pack,6,659.47,0.05,3956.82,197.84,3758.98,404.4,2426.4,1332.58,Credit Card
101337,2025-06-15,CUST1292,Individual,Central,Raipur,Distributor,Groceries,Granola Bars,3,610.39,0.1,1831.17,183.12,1648.05,419.26,1257.78,390.27,Credit Card
100996,2024-10-01,CUST3337,Individual,West,Mumbai,Online,Furniture,Office Chair,1,14698.87,0.0,14698.87,0.0,14698.87,9902.08,9902.08,4796.79,Debit Card
100221,2025-09-13,CUST3341,Individual,North,Delhi,Online,Groceries,Green Tea Pack,2,645.45,0.0,1290.9,0.0,1290.9,361.4,722.8,568.1,UPI
102402,2024-09-20,CUST2951,Small Business,Central,Nagpur,Distributor,Furniture,Bookshelf,1,12270.96,0.0,12270.96,0.0,12270.96,8964.19,8964.19,3306.77,Debit Card
104886,2025-09-07,CUST4229,Individual,South,Bengaluru,Online,Stationery,Sticky Notes,4,220.64,0.15,882.56,132.38,750.18,133.85,535.4,214.78,Cash on Delivery
101057,2024-10-21,CUST2128,Individual,East,,Online,Furniture,Bookshelf,1,2848.84,0.0,2848.84,0.0,2848.84,1959.11,1959.11,889.73,
104207,2025-06-10,CUST1858,Individual,South,Hyderabad,Online,Furniture,Bookshelf,1,7795.42,0.2,7795.42,1559.08,6236.34,4895.34,4895.34,1341.0,UPI
103822,29-May-2025,CUST2249,Enterprise,West,Mumbai,Online,Apparel,Wool Sweater,1,860.59,0.0,860.59,0.0,860.59,638.28,638.28,222.31,Cash on Delivery
100250,2024-10-24,CUST1380,Individual,West,Ahmedabad,Online,Apparel,Running Shoes,3,1254.52,0.0,3763.56,0.0,3763.56,910.4,2731.2,1032.36,Credit Card
102008,2025-07-07,CUST3731,Small Business,Central,Bhopal,Online,Groceries,Olive Oil,3,842.94,0.0,2528.82,0.0,2528.82,464.81,1394.43,1134.39,UPI
102166,2024-08-03,CUST3145,Individual,East,Patna,Retail Store,Stationery,Sticky Notes,2,368.14,0.05,736.28,36.81,699.47,209.92,419.84,279.63,Credit Card
100040,2024-04-27,CUST1417,Individual,North,Lucknow,Online,Furniture,Bookshelf,1,6878.99,0.2,6878.99,1375.8,5503.19,4646.4,4646.4,856.79,Net Banking
101193,2025-08-12,CUST3456,Individual,North,Lucknow,Retail Store,Electronics,Laptop Stand,2,1915.15,0.0,3830.3,0.0,3830.3,1306.58,2613.16,1217.14,Credit Card
104052,2025-02-01,CUST3007,Small Business,Central,Nagpur,Online,Apparel,Denim Jacket,1,1970.9,0.05,1970.9,98.55,1872.35,1297.1,1297.1,575.25,Debit Card
104505,2025-05-28,CUST2846,Small Business,Central,Nagpur,Retail Store,Groceries,Organic Coffee,5,790.41,0.0,3952.05,0.0,3952.05,580.58,2902.9,1049.15,Cash on Delivery
100564,2025-05-17,CUST1717,Small Business,Central,Bhopal,Retail Store,GROCERIES,Olive Oil,1,744.26,0.2,744.26,148.85,595.41,529.91,529.91,65.5,Net Banking
104542,2024-11-08,CUST2250,Individual,West,Mumbai,Retail Store,Furniture,Standing Desk,6,7791.52,0.0,46749.12,0.0,46749.12,5107.61,30645.66,16103.46,UPI
103467,2024-10-13,CUST3317,Small Business,North,Delhi,Online,Furniture,Office Chair,1,11893.88,0.0,11893.88,0.0,11893.88,7425.98,7425.98,4467.9,Debit Card
102539,2024-11-01,CUST3914,Individual,West,Ahmedabad,Retail Store,Electronics,Power Bank,11,2194.61,0.0,24140.71,0.0,24140.71,1521.99,16741.89,7398.82,Credit Card
103119,2025-10-04,CUST3417,Enterprise,South,Bengaluru,Online,Furniture,Office Chair,4,13695.24,0.0,54780.96,0.0,54780.96,9923.84,39695.36,15085.6,Credit Card
105978,2025-11-02,CUST1401,Individual,South,Hyderabad,Online,Furniture,Desk Lamp,4,2504.28,0.0,10017.12,0.0,10017.12,1698.19,6792.76,3224.36,UPI
104687,2025-01-29,CUST3570,Small Business,West,Ahmedabad,Retail Store,Furniture,Desk Lamp,5,6200.73,0.15,31003.65,4650.55,26353.1,3565.19,17825.95,8527.15,UPI
103397,2025-05-24,CUST3821,Individual,South,Chennai,Online,FURNITURE,Standing Desk,4,4109.29,0.1,16437.16,1643.72,14793.44,3045.79,12183.16,2610.28,UPI
105925,01-18-2024,CUST3419,Individual,West,Pune,Online,Stationery,Gel Pens Pack,1,205.14,0.1,205.14,20.51,184.63,114.88,114.88,69.75,Debit Card
100523,2024-11-20,CUST4936,Individual,North,Delhi,Distributor,Groceries,Almond Butter,3,380.1,0.0,1140.3,0.0,1140.3,213.53,640.59,499.71,Debit Card
100592,2025-09-17,CUST2018,Small Business,East,Kolkata,Online,Electronics,USB-C Hub,1,5417.45,0.15,5417.45,812.62,4604.83,3793.77,3793.77,811.06,Cash on Delivery
104470,2024-11-23,CUST1749,Enterprise,South,Hyderabad,Online,Apparel,Cotton T-Shirt,4,2472.51,0.0,9890.04,0.0,9890.04,1533.89,6135.56,3754.48,Net Banking
104787,2024-05-22,CUST2930,Individual,West,Mumbai,Retail Store,Furniture,Desk Lamp,5,11505.2,0.2,57526.0,11505.2,46020.8,8294.35,41471.75,4549.05,Cash on Delivery
102203,2025-10-04,CUST3148,Individual,West,Pune,Retail Store,Stationery,Sticky Notes,3,611.14,0.0,1833.42,0.0,1833.42,396.67,1190.01,643.41,Debit Card
102226,2024-05-22,CUST4925,Small Business,South,Bengaluru,Distributor,Furniture,Desk Lamp,4,3651.77,0.1,14607.08,1460.71,13146.37,2311.82,9247.28,3899.09,UPI
102260,2024-08-08,CUST1651,Individual,South,Hyderabad,Online,Electronics,Bluetooth Speaker,3,5192.66,0.0,15577.98,0.0,15577.98,3627.82,10883.46,4694.52,Net Banking
104130,2025-04-24,CUST1358,Small Business,South,Chennai,Online,STATIONERY,Sticky Notes,1,595.3,0.1,595.3,59.53,535.77,374.85,374.85,160.92,Credit Card
100519,2025-01-21,CUST1953,Small Business,South,Bengaluru,Online,Groceries,Granola Bars,1,216.99,0.1,216.99,21.7,195.29,137.12,137.12,58.17,Cash on Delivery
103775,2024-07-27,CUST4315,Individual,South,Hyderabad,Distributor,Apparel,Denim Jacket,8,593.46,0.15,4747.68,712.15,4035.53,428.52,3428.16,607.37,Cash on Delivery
104833,2025-08-16,CUST2373,Individual,North,Delhi,Online,Electronics,Bluetooth Speaker,3,5554.92,0.0,16664.76,0.0,16664.76,3697.46,11092.38,5572.38,Cash on Delivery
104694,2024-03-04,CUST4340,Individual,West,Pune,Retail Store,Furniture,Bookshelf,4,6542.5,0.1,26170.0,2617.0,23553.0,4591.37,18365.48,5187.52,Net Banking
102658,2025-06-14,CUST1062,Small Business,East,Bhubaneswar,Retail Store,Furniture,Bookshelf,3,8159.74,0.0,24479.22,0.0,24479.22,5449.91,16349.73,8129.49,Net Banking
100596,2024-04-28,CUST2055,Individual,South,Bengaluru,Online,Groceries,Granola Bars,1,394.88,0.0,394.88,0.0,394.88,234.59,234.59,160.29,Credit Card
104075,2024-11-28,CUST4505,Individual,West,Ahmedabad,Online,Furniture,Bookshelf,6,12478.62,0.0,74871.72,0.0,74871.72,8362.22,50173.32,24698.4,Net Banking
105017,2024-04-28,CUST4036,Enterprise,East,Patna,Online,Groceries,Granola Bars,2,265.93,0.05,531.86,26.59,505.27,184.26,368.52,136.75,Net Banking
102527,2025-04-19,CUST2355,Individual,West,Pune,Retail Store,Groceries,Green Tea Pack,4,193.63,0.1,774.52,77.45,697.07,110.79,443.16,253.91,Cash on Delivery
101887,2024-04-12,CUST3385,Individual,Central,Raipur,Online,Groceries,Almond Butter,2,479.98,0.05,959.96,48.0,911.96,338.88,677.76,234.2,UPI
103046,2024-02-23,CUST4900,Enterprise,South,Chennai,Online,Apparel,Cotton T-Shirt,4,2491.81,0.15,9967.24,1495.09,8472.15,1434.59,5738.36,2733.79,Cash on Delivery
100577,2025-03-30,CUST1843,Individual,East,Patna,Retail Store,Apparel,Denim Jacket,2,1149.98,0.0,2299.96,0.0,2299.96,711.32,1422.64,877.32,Credit Card
101651,04-29-2025,CUST1955,Individual,South,Chennai,Retail Store,Apparel,Denim Jacket,2,2867.33,0.15,5734.66,860.2,4874.46,1759.27,3518.54,1355.92,Net Banking
105376,2025-01-31,CUST3168,Individual,Central,Bhopal,Distributor,Groceries,Organic Coffee,3,748.89,0.2,2246.67,449.33,1797.34,536.63,1609.89,187.45,Debit Card
105102,2025-01-04,CUST4491,Small Business,West,Mumbai,Online,Furniture,Desk Lamp,2,10266.98,0.0,20533.96,0.0,20533.96,6891.74,13783.48,6750.48,Net Banking
101961,2025-03-09,CUST2420,Enterprise,South,Bengaluru,Online,Apparel,Cotton T-Shirt,4,1373.2,0.0,5492.8,0.0,5492.8,821.65,3286.6,2206.2,Cash on Delivery
105683,2024-03-27,CUST1766,Individual,East,Patna,Online,Groceries,Organic Coffee,4,431.88,0.05,1727.52,86.38,1641.14,245.44,981.76,659.38,Credit Card
100552,2025-08-20,CUST4078,Individual,South,Bengaluru,Online,Electronics,Bluetooth Speaker,5,2391.19,0.1,11955.95,1195.6,10760.35,1355.69,6778.45,3981.9,UPI
101636,2024-07-02,CUST1739,Small Business,North,Lucknow,Retail Store,Apparel,Running Shoes,11,1150.23,0.05,12652.53,632.63,12019.9,743.3,8176.3,3843.6,UPI
105172,2025-12-09,CUST2573,Individual,East,Kolkata,Online,Electronics,Bluetooth Speaker,3,4086.2,0.0,12258.6,0.0,12258.6,2349.5,7048.5,5210.1,Cash on Delivery
101275,2024-10-20,CUST3476,Enterprise,North,Chandigarh,Distributor,Apparel,Running Shoes,5,890.27,0.0,4451.35,0.0,4451.35,543.47,2717.35,1734.0,Cash on Delivery
101817,2025-03-19,CUST4090,Individual,Central,Bhopal,Retail Store,Stationery,Whiteboard,3,120.56,0.2,361.68,72.34,289.34,79.37,238.11,51.23,Debit Card
100756,2025-02-23,CUST2003,Small Business,East,Bhubaneswar,Online,Apparel,Cotton T-Shirt,3,1489.01,0.0,4467.03,0.0,4467.03,1094.64,3283.92,1183.11,Net Banking
102803,28/02/2025,CUST2838,Individual,Central,Bhopal,Distributor,Electronics,Webcam HD,1,5581.62,0.0,5581.62,0.0,5581.62,3994.35,3994.35,1587.27,Credit Card
102635,2025-03-24,CUST1516,Individual,East,Patna,Online,Electronics,Bluetooth Speaker,2,5916.9,0.0,11833.8,0.0,11833.8,4302.52,8605.04,3228.76,Credit Card
101328,2024-09-21,CUST4156,Individual,South,Bengaluru,Online,Groceries,Green Tea Pack,5,749.67,0.2,3748.35,749.67,2998.68,562.16,2810.8,187.88,UPI
100640,2025-12-26,CUST2019,Individual,North,Delhi,Online,Apparel,Rain Jacket,3,2697.37,0.2,8092.11,1618.42,6473.69,1511.35,4534.05,1939.64,Debit Card
105160,2024-06-26,CUST2463,Individual,West,Mumbai,Online,FURNITURE,Bookshelf,2,8378.41,0.1,16756.82,1675.68,15081.14,4859.08,9718.16,5362.98,Net Banking
100044,2024-10-09,CUST2656,Individual,Central,Bhopal,Online,Stationery,Notebook Set,5,571.62,0.0,2858.1,0.0,2858.1,348.03,1740.15,1117.95,Cash on Delivery
100008,2025-11-27,CUST4148,Individual,North,Chandigarh,Online,Groceries,Granola Bars,4,690.54,0.1,2762.16,276.22,2485.94,483.5,1934.0,551.94,Cash on Delivery
100481,2024-01-06,CUST4595,Small Business, Central  ,Nagpur,Online,Apparel,Rain Jacket,2,506.92,0.05,1013.84,50.69,963.15,373.13,746.26,216.89,Cash on Delivery
104492,2024-11-26,CUST2357,Small Business,East,Kolkata,Online,Electronics,Power Bank,1,2586.6,0.2,2586.6,517.32,2069.28,1818.43,1818.43,250.85,UPI
103105,2025-06-24,CUST3155,Individual,Central,Nagpur,Online,Furniture,Bookshelf,2,7468.12,0.0,14936.24,0.0,14936.24,4627.92,9255.84,5680.4,UPI
105567,2025-09-25,CUST2874,Individual,South,Hyderabad,Online,Furniture,Standing Desk,3,6554.45,0.0,19663.35,0.0,19663.35,4753.44,14260.32,5403.03,Credit Card
100472,2024-09-18,CUST4192,Enterprise,South,Chennai,Online,Apparel,Cotton T-Shirt,3,2393.53,0.2,7180.59,1436.12,5744.47,1354.78,4064.34,1680.13,UPI
100422,2025-06-27,CUST4727,Individual,West,Pune,Retail Store,Electronics,USB-C Hub,2,4931.29,0.0,9862.58,0.0,9862.58,3219.87,6439.74,3422.84,Debit Card
100178,2025-05-13,CUST4947,Individual,Central,Bhopal,Online,Stationery,Gel Pens Pack,5,380.46,0.0,1902.3,0.0,1902.3,271.28,1356.4,545.9,UPI
103953,2024-08-23,CUST4230,Small Business,West,Mumbai,Online,STATIONERY,Sticky Notes,4,531.53,0.0,2126.12,0.0,2126.12,309.63,1238.52,887.6,Cash on Delivery
102238,2024-07-04,CUST3317,Small Business,West,Mumbai,Online,Electronics,Webcam HD,1,3181.96,0.2,3181.96,636.39,2545.57,1996.33,1996.33,549.24,UPI
104569,2024-08-07,CUST2487,Individual,South,Bengaluru,Retail Store,Apparel,Denim Jacket,3,1072.21,0.0,3216.63,0.0,3216.63,781.44,2344.32,872.31,UPI
103996,2024-06-10,CUST4794,Individual,East,Patna,Distributor,Groceries,Granola Bars,2,840.75,0.0,1681.5,0.0,1681.5,578.4,1156.8,524.7,Debit Card
103548,2025-07-10,CUST1151,Enterprise,East,Patna,Online,Groceries,Almond Butter,10,429.57,0.0,4295.7,0.0,4295.7,281.75,2817.5,1478.2,UPI
104270,2024-06-11,CUST3418,Enterprise,South,Chennai,Distributor,Stationery,Desk Organizer,5,273.61,0.2,1368.05,273.61,1094.44,182.88,914.4,180.04,Net Banking
100655,2025-07-18,CUST3714,Individual,South,Bengaluru,Online,Groceries,Green Tea Pack,3,672.09,0.0,2016.27,0.0,2016.27,463.93,1391.79,624.48,UPI
102954,2025-10-10,CUST1155,Individual,East,Bhubaneswar,Distributor,Groceries,Olive Oil,2,308.9,0.0,617.8,0.0,617.8,206.91,413.82,203.98,Debit Card
100053,2025-12-06,CUST3356,Individual,East,Bhubaneswar,Online,Apparel,Wool Sweater,6,1238.04,0.15,7428.24,1114.24,6314.0,887.91,5327.46,986.54,Cash on Delivery
104359,2025-04-02,CUST2736,Enterprise,East,Bhubaneswar,Retail Store,Furniture,Filing Cabinet,6,10944.55,0.0,65667.3,0.0,65667.3,6561.85,39371.1,26296.2,Debit Card
105437,2024-11-17,CUST3429,Individual, South  ,Bengaluru,Online,Electronics,Bluetooth Speaker,4,2848.14,0.15,11392.56,1708.88,9683.68,2027.65,8110.6,1573.08,UPI
105630,04-27-2025,CUST2037,Individual,East,Patna,Online,Furniture,Standing Desk,2,8082.44,0.2,16164.88,3232.98,12931.9,4611.55,9223.1,3708.8,Net Banking
100465,2024-03-06,CUST3293,Small Business,East,Patna,Retail Store,Furniture,Filing Cabinet,3,5100.28,0.0,15300.84,0.0,15300.84,3278.62,9835.86,5464.98,Net Banking
103903,2025-05-03,CUST4867,Small Business,West,Mumbai,Online,Groceries,Organic Coffee,5,555.22,0.05,2776.1,138.81,2637.29,336.86,1684.3,952.99,Net Banking
103854,2025-07-03,CUST3150,Individual,South,Bengaluru,Online,Furniture,Standing Desk,1,5482.99,0.1,5482.99,548.3,4934.69,3250.62,3250.62,1684.07,UPI
105826,2024-04-14,CUST4805,Individual,West,Ahmedabad,Online,Groceries,Green Tea Pack,7,516.06,0.1,3612.42,361.24,3251.18,382.72,2679.04,572.14,Credit Card
105409,04/11/2025,CUST4322,Small Business, East  ,Patna,Retail Store,Groceries,Organic Coffee,1,699.88,0.2,699.88,139.98,559.9,509.77,509.77,50.13,Net Banking
101692,2024-07-04,CUST3826,Individual,East,Bhubaneswar,Online,Furniture,Office Chair,3,5633.94,0.0,16901.82,0.0,16901.82,4118.21,12354.63,4547.19,UPI
100698,2025-07-04,CUST4788,Individual,North,Chandigarh,Distributor,Electronics,Power Bank,2,5725.15,0.0,11450.3,0.0,11450.3,3948.82,7897.64,3552.66,Credit Card
102231,2024-04-07,CUST3550,Enterprise,West,Ahmedabad,Online,Electronics,Power Bank,4,4638.19,0.0,18552.76,0.0,18552.76,2705.85,10823.4,7729.36,Net Banking
105976,2024-06-18,CUST3427,Individual,North,Delhi,Online,Stationery,Desk Organizer,1,123.91,0.0,123.91,0.0,123.91,91.78,91.78,32.13,UPI
102696,2024-11-13,CUST3014,Individual,East,Bhubaneswar,Online,Apparel,Cotton T-Shirt,8,2751.65,0.05,22013.2,1100.66,20912.54,1781.13,14249.04,6663.5,Credit Card
100066,2025-08-24,CUST4399,Enterprise,East,Patna,Retail Store,Apparel,Wool Sweater,2,1391.55,0.15,2783.1,417.46,2365.64,847.52,1695.04,670.6,UPI
101349,2025-07-16,CUST1792,Small Business,South,Chennai,Online,Electronics,Wireless Mouse,2,4674.66,0.0,9349.32,0.0,9349.32,3075.22,6150.44,3198.88,Credit Card
102416,2025-02-02,CUST4931,Individual,Central,Nagpur,Online,Apparel,Cotton T-Shirt,4,1932.67,0.2,7730.68,1546.14,6184.54,1363.47,5453.88,730.66,Debit Card
102481,2024-12-07,CUST4861,Individual,West,Pune,Retail Store,Furniture,Desk Lamp,6,4218.22,0.15,25309.32,3796.4,21512.92,3000.77,18004.62,3508.3,Cash on Delivery
102150,2024-01-03,CUST1987,Individual,North,Delhi,Distributor,Groceries,Granola Bars,4,637.23,0.1,2548.92,254.89,2294.03,459.6,1838.4,455.63,Credit Card
104946,2024-04-26,CUST1672,Small Business,North,Chandigarh,Online,Stationery,Whiteboard,2,555.88,0.05,1111.76,55.59,1056.17,385.93,771.86,284.31,Cash on Delivery
105710,09-11-2025,CUST2904,Small Business,East,Kolkata,Online,Furniture,Standing Desk,2,5339.84,0.15,10679.68,1601.95,9077.73,3483.98,6967.96,2109.77,Debit Card
104283,2024-06-10,CUST3306,Enterprise,East,Bhubaneswar,Distributor,Electronics,USB-C Hub,6,5168.66,0.15,31011.96,4651.79,26360.17,3752.83,22516.98,3843.19,Cash on Delivery
105712,2024-08-16,CUST1865,Small Business,East,Patna,Retail Store,Electronics,Bluetooth Speaker,6,3137.03,0.0,18822.18,0.0,18822.18,2116.96,12701.76,6120.42,Cash on Delivery
102048,2025-07-19,CUST4302,Enterprise,West,Ahmedabad,Online,Electronics,Laptop Stand,1,4321.39,0.15,4321.39,648.21,3673.18,2955.77,2955.77,717.41,UPI
103853,2024-10-01,CUST2311,Individual,East,Kolkata,Online,Groceries,Almond Butter,6,227.62,0.0,1365.72,0.0,1365.72,161.38,968.28,397.44,UPI
100850,2025-05-06,CUST4783,Individual,North,Lucknow,Online,STATIONERY,Whiteboard,3,292.47,0.1,877.41,87.74,789.67,182.47,547.41,242.26,Cash on Delivery
104245,2024-04-27,CUST4111,Small Business,South,Chennai,Online,Furniture,Bookshelf,1,10683.73,0.05,10683.73,534.19,10149.54,7581.97,7581.97,2567.57,Cash on Delivery
103966,2025-03-23,CUST3469,Individual,South,Bengaluru,Online,Stationery,Whiteboard,5,491.16,0.0,2455.8,0.0,2455.8,308.83,1544.15,911.65,Credit Card
100418,2024-08-23,CUST1910,Individual,Central,Nagpur,Distributor,Electronics,Laptop Stand,3,5152.34,0.0,15457.02,0.0,15457.02,3281.27,9843.81,5613.21,UPI
103719,2024-08-26,CUST4070,Individual,North,Lucknow,Online,Electronics,Power Bank,2,4169.72,0.1,8339.44,833.94,7505.5,2880.13,5760.26,1745.24,Cash on Delivery
104635,2025-08-18,CUST4677,Individual,Central,Bhopal,Retail Store,Groceries,Granola Bars,2,748.55,0.15,1497.1,224.56,1272.54,472.32,944.64,327.9,Credit Card
102286,2025-08-05,CUST4251,Small Business,South,Bengaluru,Retail Store,Stationery,Sticky Notes,4,663.76,0.15,2655.04,398.26,2256.78,415.36,1661.44,595.34,Net Banking
102550,2025-11-30,CUST3754,Small Business,West,Mumbai,Online,FURNITURE,Bookshelf,6,14549.44,0.05,87296.64,4364.83,82931.81,10495.81,62974.86,19956.95,Debit Card
101923,2024-09-27,CUST2410,Small Business, North  ,Chandigarh,Online,Apparel,Cotton T-Shirt,2,2956.37,0.0,5912.74,0.0,5912.74,1946.12,3892.24,2020.5,Debit Card
102571,2025-08-12,CUST2468,Individual,North,Lucknow,Online,GROCERIES,Olive Oil,1,556.17,0.2,556.17,111.23,444.94,384.84,384.84,60.1,Credit Card
105185,2025-01-31,CUST3307,Individual,North,Chandigarh,Online,Electronics,Webcam HD,2,5700.22,0.0,11400.44,0.0,11400.44,3651.43,7302.86,4097.58,Cash on Delivery
105812,2025-10-30,CUST4653,Small Business,East,Kolkata,Retail Store,Apparel,Wool Sweater,3,2057.93,0.0,6173.79,0.0,6173.79,1297.57,3892.71,2281.08,Net Banking
102103,2024-10-24,CUST4977,Enterprise,Central,Raipur,Retail Store,Groceries,Granola Bars,5,636.93,0.0,3184.65,0.0,3184.65,403.25,2016.25,1168.4,UPI
105619,2025-10-11,CUST3721,Individual,North,Delhi,Retail Store,Electronics,USB-C Hub,8,5426.77,0.15,43414.16,6512.12,36902.04,3233.33,25866.64,11035.4,UPI
105776,2025-07-19,CUST1834,Individual,Central,Nagpur,Distributor,Electronics,Laptop Stand,1,3974.99,0.0,3974.99,0.0,3974.99,2704.69,2704.69,1270.3,UPI
105392,2025-11-08,CUST4867,Small Business,South,Bengaluru,Retail Store,Furniture,Filing Cabinet,3,14997.82,0.2,44993.46,8998.69,35994.77,10236.41,30709.23,5285.54,Cash on Delivery
101482,2025-10-29,CUST3270,Enterprise,North,Delhi,Retail Store,Apparel,Running Shoes,5,2175.67,0.1,10878.35,1087.84,9790.51,1416.05,7080.25,2710.26,UPI
100383,2024-01-01,CUST4836,Individual,West,Ahmedabad,Online,Furniture,Standing Desk,3,10859.72,0.0,32579.16,0.0,32579.16,7967.78,23903.34,8675.82,Debit Card
104884,2025-08-31,CUST2480,Individual,North,Lucknow,Online,Groceries,Green Tea Pack,1,227.55,0.1,227.55,22.76,204.79,139.11,139.11,65.68,Cash on Delivery
100030,2025-04-21,CUST1920,Small Business,South,Hyderabad,Online,Groceries,Olive Oil,4,220.04,0.0,880.16,0.0,880.16,150.63,602.52,277.64,UPI
103812,2024-06-19,CUST2937,Individual,South,Chennai,Online,Apparel,Denim Jacket,5,2993.12,0.05,14965.6,748.28,14217.32,1859.86,9299.3,4918.02,Debit Card
104885,2025-03-04,CUST4401,Small Business,East,Patna,Online,Furniture,Standing Desk,5,2009.86,0.0,10049.3,0.0,10049.3,1356.97,6784.85,3264.45,Credit Card
100322,2024-06-03,CUST2607,Enterprise,South,Chennai,Online,Electronics,Laptop Stand,3,3211.16,0.0,9633.48,0.0,9633.48,1937.3,5811.9,3821.58,Cash on Delivery
105159,2024-06-13,CUST2909,Individual,South,Bengaluru,Online,Furniture,Standing Desk,10,9138.02,0.0,91380.2,0.0,91380.2,5275.59,52755.9,38624.3,Credit Card
103698,2024-02-29,CUST3467,Small Business,Central,,Retail Store,GROCERIES,Olive Oil,7,375.33,0.05,2627.31,131.37,2495.94,230.89,1616.23,879.71,
104758,2024-10-25,CUST1998,Individual,West,Mumbai,Online,Apparel,Wool Sweater,2,1726.81,0.2,3453.62,690.72,2762.9,963.82,1927.64,835.26,Cash on Delivery
103685,2025-05-27,CUST2474,Individual,South,Bengaluru,Retail Store,Electronics,Wireless Mouse,2,965.75,0.2,1931.5,386.3,1545.2,696.05,1392.1,153.1,Debit Card
103345,2025-03-23,CUST4188,Enterprise, East  ,Bhubaneswar,Retail Store,Apparel,Denim Jacket,1,2497.65,0.1,2497.65,249.77,2247.88,1541.99,1541.99,705.89,Net Banking
104338,2024-07-30,CUST4105,Individual,North,Delhi,Online,Electronics,Webcam HD,5,4153.14,0.0,20765.7,0.0,20765.7,2299.08,11495.4,9270.3,Debit Card
104413,2024-01-18,CUST3182,Individual,South,Hyderabad,Online,Groceries,Organic Coffee,5,294.95,0.2,1474.75,294.95,1179.8,201.72,1008.6,171.2,Credit Card
103945,2024-08-15,CUST4819,Enterprise,East,Patna,Distributor,Electronics,Bluetooth Speaker,3,3802.3,0.2,11406.9,2281.38,9125.52,2700.63,8101.89,1023.63,Credit Card
104304,2025-11-20,CUST4220,Individual,West,Pune,Online,Furniture,Bookshelf,1,2986.19,0.15,2986.19,447.93,2538.26,2052.27,2052.27,485.99,Credit Card
105678,24-Nov-2024,CUST2058,Small Business,Central,Bhopal,Online,ELECTRONICS,Webcam HD,1,1899.48,0.0,1899.48,0.0,1899.48,1380.99,1380.99,518.49,Credit Card
103281,2025-04-05,CUST1687,Individual,West,Ahmedabad,Retail Store,Furniture,Bookshelf,2,2200.43,0.1,4400.86,440.09,3960.77,1377.61,2755.22,1205.55,Net Banking
102948,2025-12-27,CUST1265,Individual,Central,Bhopal,Online,Furniture,Filing Cabinet,4,11537.58,0.15,46150.32,6922.55,39227.77,8204.17,32816.68,6411.09,Cash on Delivery
103186,2024-12-19,CUST1470,Individual,West,Mumbai,Retail Store,Electronics,USB-C Hub,3,1484.27,0.0,4452.81,0.0,4452.81,976.61,2929.83,1522.98,Credit Card
103168,2025-01-29,CUST2386,Enterprise,North,Lucknow,Distributor,FURNITURE,Filing Cabinet,3,2550.77,0.0,7652.31,0.0,7652.31,1490.55,4471.65,3180.66,Net Banking
100098,2024-06-06,CUST1979,Individual,Central,Bhopal,Retail Store,Furniture,Standing Desk,1,5087.89,0.05,5087.89,254.39,4833.5,3036.46,3036.46,1797.04,Credit Card
104801,2025-01-01,CUST4033,Individual,West,Pune,Retail Store,Groceries,Granola Bars,4,669.87,0.2,2679.48,535.9,2143.58,427.62,1710.48,433.1,Net Banking
102430,2025-08-09,CUST3813,Individual,Central,Nagpur,Online,Stationery,Desk Organizer,4,167.88,0.0,671.52,0.0,671.52,106.81,427.24,244.28,Debit Card
102246,2024-10-13,CUST2667,Individual,West,Ahmedabad,Online,Stationery,Notebook Set,3,195.65,0.1,586.95,58.7,528.25,112.34,337.02,191.23,UPI
102077,2025-03-27,CUST4037,Individual,East,Kolkata,Distributor,Apparel,Cotton T-Shirt,3,2395.11,0.2,7185.33,1437.07,5748.26,1677.34,5032.02,716.24,UPI
100448,2024-08-07,CUST2287,Small Business,East,Bhubaneswar,Retail Store,Stationery,Whiteboard,2,398.84,0.05,797.68,39.88,757.8,228.36,456.72,301.08,Cash on Delivery
100015,2024-03-03,CUST1401,Individual,North,Delhi,Online,Groceries,Almond Butter,4,842.45,0.2,3369.8,673.96,2695.84,607.57,2430.28,265.56,Debit Card
104333,2024-01-07,CUST1638,Individual,West,Pune,Retail Store,Furniture,Filing Cabinet,2,2303.16,0.15,4606.32,690.95,3915.37,1413.84,2827.68,1087.69,Credit Card
101216,2025-02-09,CUST1219,Small Business,Central,Nagpur,Online,Groceries,Olive Oil,1,837.59,0.0,837.59,0.0,837.59,504.55,504.55,333.04,Credit Card
103795,16-Apr-2024,CUST2792,Enterprise,Central,Raipur,Online,Apparel,Wool Sweater,1,666.42,0.0,666.42,0.0,666.42,472.59,472.59,193.83,Cash on Delivery
104186,2025-09-09,CUST2281,Individual,South,Chennai,Online,Groceries,Almond Butter,7,415.57,0.1,2908.99,290.9,2618.09,248.13,1736.91,881.18,Net Banking
102343,2025-07-10,CUST2118,Individual,Central,Bhopal,Online,Electronics,Power Bank,7,4242.79,0.05,29699.53,1484.98,28214.55,2598.43,18189.01,10025.54,Debit Card
100287,2024-12-19,CUST1484,Individual,Central,Bhopal,Online,Groceries,Olive Oil,4,262.68,0.1,1050.72,105.07,945.65,182.16,728.64,217.01,UPI
103844,2024-05-12,CUST1773,Individual,West,Pune,Online,Electronics,Wireless Mouse,3,2429.24,0.0,7287.72,0.0,7287.72,1766.6,5299.8,1987.92,Debit Card
102313,2025-02-05,CUST1527,Individual,West,Ahmedabad,Distributor,Furniture,Office Chair,1,11376.1,0.05,11376.1,568.81,10807.29,6316.17,6316.17,4491.12,Net Banking
102860,2024-01-06,CUST2752,Enterprise,Central,Nagpur,Online,Groceries,Olive Oil,1,470.92,0.2,470.92,94.18,376.74,263.31,263.31,113.43,Net Banking
100780,2025-04-02,CUST1578,Individual,Central,Bhopal,Retail Store,Apparel,Wool Sweater,5,1858.3,0.1,9291.5,929.15,8362.35,1114.97,5574.85,2787.5,Net Banking
105655,2024-05-13,CUST1253,Individual,South,Chennai,Online,Apparel,Wool Sweater,7,1484.76,0.0,10393.32,0.0,10393.32,1008.36,7058.52,3334.8,Net Banking
104020,2024-03-12,CUST4028,Enterprise,East,Kolkata,Online,Electronics,Power Bank,3,3234.6,0.0,9703.8,0.0,9703.8,2106.34,6319.02,3384.78,Net Banking
102053,2024-06-01,CUST1455,Individual,West,Mumbai,Online,Electronics,Wireless Mouse,3,5866.75,0.05,17600.25,880.01,16720.24,4164.45,12493.35,4226.89,Credit Card
104978,2024-01-22,CUST1763,Small Business,North,Lucknow,Distributor,Apparel,Cotton T-Shirt,5,1725.07,0.0,8625.35,0.0,8625.35,1030.16,5150.8,3474.55,Debit Card
105367,2025-08-25,CUST2131,Individual,West,Ahmedabad,Online,Stationery,Gel Pens Pack,1,663.92,0.05,663.92,33.2,630.72,376.94,376.94,253.78,Credit Card
100166,2025-10-02,CUST4373,Individual,Central,Bhopal,Online,Groceries,Granola Bars,1,753.06,0.0,753.06,0.0,753.06,479.04,479.04,274.02,UPI
100661,2024-09-03,CUST2288,Individual,Central,Raipur,Online,Apparel,Cotton T-Shirt,1,422.04,0.05,422.04,21.1,400.94,274.34,274.34,126.6,Cash on Delivery
103109,2024-10-31,CUST2718,Individual,West,Mumbai,Retail Store,Apparel,Running Shoes,3,1543.01,0.0,4629.03,0.0,4629.03,998.23,2994.69,1634.34,Net Banking
101340,2025-08-09,CUST3382,Enterprise,Central,Nagpur,Online,Furniture,Standing Desk,2,11991.86,0.2,23983.72,4796.74,19186.98,8190.06,16380.12,2806.86,Net Banking
101139,2024-05-14,CUST4177,Individual,East,Patna,Online,Groceries,Organic Coffee,1,252.64,0.2,252.64,50.53,202.11,185.08,185.08,17.03,Debit Card
102619,2025-04-19,CUST2846,Individual,Central,Raipur,Online,Electronics,USB-C Hub,5,1152.83,0.1,5764.15,576.41,5187.74,744.56,3722.8,1464.94,Cash on Delivery
102217,2024-11-24,CUST1776,Small Business,North,,Retail Store,Stationery,Whiteboard,3,645.01,0.1,1935.03,193.5,1741.53,401.18,1203.54,537.99,Credit Card
102189,2024-02-01,CUST3488,Enterprise,East,Patna,Distributor,Electronics,Bluetooth Speaker,2,1281.74,0.0,2563.48,0.0,2563.48,858.19,1716.38,847.1,Credit Card
103833,02-01-2025,CUST1131,Small Business,Central,Bhopal,Online,Stationery,Desk Organizer,6,293.58,0.0,1761.48,0.0,1761.48,204.58,1227.48,534.0,Cash on Delivery
105230,2025-05-11,CUST3270,Individual,Central,Bhopal,Online,Apparel,Denim Jacket,2,2981.79,0.0,5963.58,0.0,5963.58,1917.75,3835.5,2128.08,Debit Card
100300,2024-01-01,CUST4747,Individual,East,Patna,Online,Furniture,Office Chair,1,2199.76,0.15,2199.76,329.96,1869.8,1574.92,1574.92,294.88,Cash on Delivery
101616,2025-08-26,CUST1993,Individual,West,Ahmedabad,Retail Store,Stationery,Gel Pens Pack,3,268.35,0.05,805.05,40.25,764.8,197.04,591.12,173.68,UPI
104791,2025-02-05,CUST3383,Enterprise,West,Pune,Retail Store,Stationery,Gel Pens Pack,1,511.91,0.05,511.91,25.6,486.31,348.7,348.7,137.61,UPI
101134,2025-05-31,CUST2176,Individual,West,Pune,Online,Electronics,Webcam HD,2,5772.55,0.05,11545.1,577.25,10967.85,4067.34,8134.68,2833.17,Cash on Delivery
103082,2025-03-01,CUST2015,Small Business,West,Mumbai,Distributor,Groceries,Almond Butter,1,425.0,0.15,425.0,63.75,361.25,235.87,235.87,125.38,Cash on Delivery
103143,2024-04-02,CUST4707,Individual,West,Pune,Online,Stationery,Whiteboard,3,473.38,0.0,1420.14,0.0,1420.14,329.06,987.18,432.96,Net Banking
101938,2025-08-14,CUST3158,Individual,East,Kolkata,Online,Groceries,Almond Butter,4,153.37,0.15,613.48,92.02,521.46,85.62,342.48,178.98,UPI
101049,2024-10-02,CUST3298,Individual,North,Delhi,Distributor,Electronics,Bluetooth Speaker,4,5435.29,0.0,21741.16,0.0,21741.16,3631.7,14526.8,7214.36,Debit Card
105324,2024-11-02,CUST2193,Small Business,West,Mumbai,Retail Store,Apparel,Wool Sweater,4,1863.39,0.05,7453.56,372.68,7080.88,1210.58,4842.32,2238.56,Cash on Delivery
105687,2025-09-10,CUST4280,Small Business,South,Hyderabad,Retail Store,Stationery,Whiteboard,1,682.03,0.1,682.03,68.2,613.83,479.87,479.87,133.96,Cash on Delivery
100847,2025-10-31,CUST2742,Enterprise,East,Kolkata,Distributor,Stationery,Whiteboard,9,594.12,0.0,5347.08,0.0,5347.08,380.2,3421.8,1925.28,Cash on Delivery
100252,2024-03-01,CUST4652,Small Business,West,Ahmedabad,Online,Furniture,Office Chair,4,6936.76,0.2,27747.04,5549.41,22197.63,4824.21,19296.84,2900.79,Debit Card
103035,2025-02-27,CUST2245,Small Business,Central,Nagpur,Distributor,Electronics,Webcam HD,1,5209.41,0.0,5209.41,0.0,5209.41,2998.44,2998.44,2210.97,Credit Card
101028,2024-02-07,CUST1502,Individual,Central,Bhopal,Online,Electronics,Wireless Mouse,3,4558.4,0.05,13675.2,683.76,12991.44,2904.01,8712.03,4279.41,Cash on Delivery
100807,2024-02-25,CUST1369,Individual,South,Chennai,Online,Electronics,USB-C Hub,4,4224.76,0.2,16899.04,3379.81,13519.23,2495.42,9981.68,3537.55,UPI
101553,2025-08-25,CUST3703,Individual,South,Hyderabad,Retail Store,Groceries,Olive Oil,1,861.39,0.15,861.39,129.21,732.18,601.9,601.9,130.28,UPI
100032,2025-11-02,CUST3438,Individual,West,Mumbai,Online,Electronics,Wireless Mouse,1,3698.51,0.1,3698.51,369.85,3328.66,2764.93,2764.93,563.73,Debit Card
100716,2025-03-18,CUST1709,Individual,East,Kolkata,Online,Stationery,Notebook Set,3,633.68,0.0,1901.04,0.0,1901.04,424.19,1272.57,628.47,Net Banking
102385,2024-11-19,CUST2127,Small Business,North,Chandigarh,Online,Groceries,Organic Coffee,4,700.92,0.15,2803.68,420.55,2383.13,397.46,1589.84,793.29,Net Banking
104446,2024-08-12,CUST3010,Enterprise,North,Chandigarh,Retail Store,Groceries,Organic Coffee,4,357.33,0.0,1429.32,0.0,1429.32,207.42,829.68,599.64,Credit Card
105777,2025-04-22,CUST2744,Individual,North,Lucknow,Distributor,Apparel,Wool Sweater,4,1453.09,0.15,5812.36,871.85,4940.51,1051.48,4205.92,734.59,Net Banking
104973,2025-08-23,CUST2223,Individual,West,Ahmedabad,Online,Furniture,Filing Cabinet,4,8425.46,0.2,33701.84,6740.37,26961.47,5847.38,23389.52,3571.95,Credit Card
105977,2024-12-04,CUST4377,Small Business,West,Ahmedabad,Retail Store,Furniture,Filing Cabinet,12,5739.2,0.0,68870.4,0.0,68870.4,4143.48,49721.76,19148.64,UPI
103460,2024-05-20,CUST2999,Individual,North,Delhi,Retail Store,ELECTRONICS,USB-C Hub,6,1280.88,0.0,7685.28,0.0,7685.28,740.13,4440.78,3244.5,Debit Card
104328,2024-04-03,CUST1293,Individual,South,Hyderabad,Online,Stationery,Desk Organizer,8,301.11,0.15,2408.88,361.33,2047.55,170.24,1361.92,685.63,Debit Card
101045,2025-10-15,CUST1626,Individual,East,Bhubaneswar,Retail Store,Apparel,Denim Jacket,6,2128.54,0.2,12771.24,2554.25,10216.99,1332.29,7993.74,2223.25,Net Banking
102145,2024-06-15,CUST3916,Small Business,Central,Raipur,Online,Groceries,Almond Butter,3,159.57,0.0,478.71,0.0,478.71,91.77,275.31,203.4,Credit Card
102490,2025-12-12,CUST2842,Small Business,West,Pune,Distributor,Groceries,Olive Oil,4,222.32,0.0,889.28,0.0,889.28,157.41,629.64,259.64,Debit Card
103245,2024-06-28,CUST3338,Small Business,North,Delhi,Online,Electronics,Wireless Mouse,3,3146.0,0.1,9438.0,943.8,8494.2,1955.66,5866.98,2627.22,Net Banking
103192,2024-05-18,CUST2220,Small Business,Central,Nagpur,Distributor,Furniture,Desk Lamp,4,9685.04,0.0,38740.16,0.0,38740.16,6558.56,26234.24,12505.92,Net Banking
104451,2025-10-17,CUST4783,Small Business,East,Kolkata,Distributor,Furniture,Bookshelf,3,9131.69,0.0,27395.07,0.0,27395.07,6170.34,18511.02,8884.05,Debit Card
105419,07/05/2025,CUST3709,Individual,West,Ahmedabad,Retail Store,Furniture,Standing Desk,1,2784.97,0.0,2784.97,0.0,2784.97,1759.73,1759.73,1025.24,Cash on Delivery
103988,2025-12-02,CUST2162,Small Business,Central,Bhopal,Retail Store,Furniture,Standing Desk,6,12838.12,0.15,77028.72,11554.31,65474.41,9479.96,56879.76,8594.65,Cash on Delivery
100331,2024-07-01,CUST3940,Individual,North,Chandigarh,Online,Electronics,Bluetooth Speaker,1,5148.76,0.0,5148.76,0.0,5148.76,3059.11,3059.11,2089.65,Credit Card
105415,2024-10-19,CUST2464,Small Business,West,Ahmedabad,Retail Store,Stationery,Notebook Set,1,229.26,0.1,229.26,22.93,206.33,136.87,136.87,69.46,Debit Card
103511,2025-05-08,CUST1403,Small Business,North,Chandigarh,Retail Store,Groceries,Green Tea Pack,2,370.75,0.15,741.5,111.22,630.28,249.12,498.24,132.04,Cash on Delivery
100862,2025-03-06,CUST1064,Individual,East,Patna,Distributor,Groceries,Organic Coffee,5,213.34,0.05,1066.7,53.34,1013.36,154.71,773.55,239.81,Credit Card
101199,2025-08-03,CUST2956,Small Business,East,Patna,Retail Store,Apparel,Cotton T-Shirt,2,750.4,0.2,1500.8,300.16,1200.64,515.89,1031.78,168.86,Net Banking
103952,2025-06-05,CUST1788,Individual,South,Chennai,Retail Store,Furniture,Standing Desk,2,14654.57,0.15,29309.14,4396.37,24912.77,9757.35,19514.7,5398.07,UPI
101089,2024-05-06,CUST3962,Small Business,Central,Bhopal,Online,Stationery,Notebook Set,1,219.94,0.05,219.94,11.0,208.94,158.57,158.57,50.37,Credit Card
104220,2025-07-24,CUST1074,Small Business,Central,Nagpur,Online,Apparel,Denim Jacket,1,2864.57,0.15,2864.57,429.69,2434.88,1786.17,1786.17,648.71,Net Banking
102516,2024-05-13,CUST2927,Enterprise,Central,Nagpur,Online,Apparel,Running Shoes,4,1453.73,0.0,5814.92,0.0,5814.92,985.89,3943.56,1871.36,Net Banking
100004,12/03/2024,CUST4836,Small Business,South,Chennai,Distributor,Electronics,Power Bank,3,2776.66,0.15,8329.98,1249.5,7080.48,1675.42,5026.26,2054.22,UPI
103758,2024-11-14,CUST3728,Individual,East,Bhubaneswar,Distributor,Apparel,Cotton T-Shirt,9,2129.33,0.1,19163.97,1916.4,17247.57,1241.74,11175.66,6071.91,Credit Card
103725,2024-09-08,CUST4415,Individual,Central,Bhopal,Retail Store,Apparel,Running Shoes,4,2950.63,0.0,11802.52,0.0,11802.52,2150.22,8600.88,3201.64,Credit Card
105865,2025-05-25,CUST1000,Small Business,Central,Nagpur,Retail Store,Groceries,Green Tea Pack,4,690.41,0.0,2761.64,0.0,2761.64,486.25,1945.0,816.64,Debit Card
104041,2025-03-04,CUST1900,Individual,South,Bengaluru,Online,Furniture,Desk Lamp,4,11643.45,0.1,46573.8,4657.38,41916.42,7515.47,30061.88,11854.54,Cash on Delivery
102460,2024-07-08,CUST4655,Individual,North,Lucknow,Online,Stationery,Whiteboard,6,304.26,0.2,1825.56,365.11,1460.45,176.39,1058.34,402.11,Cash on Delivery
100550,2024-06-01,CUST1685,Small Business,North,Lucknow,Retail Store,Apparel,Denim Jacket,3,944.02,0.15,2832.06,424.81,2407.25,635.3,1905.9,501.35,UPI
104726,2024-06-12,CUST3778,Small Business,East,Bhubaneswar,Online,Groceries,Olive Oil,7,811.59,0.2,5681.13,1136.23,4544.9,497.19,3480.33,1064.57,Cash on Delivery
105608,2024-01-06,CUST3759,Small Business,North,Delhi,Online,Apparel,Cotton T-Shirt,4,2421.3,0.1,9685.2,968.52,8716.68,1601.19,6404.76,2311.92,Net Banking
105474,2025-10-02,CUST1799,Enterprise,East,Kolkata,Online,Electronics,Webcam HD,4,2106.73,0.2,8426.92,1685.38,6741.54,1383.82,5535.28,1206.26,Debit Card
101472,2024-10-01,CUST4680,Individual,Central,Raipur,Online,Stationery,Whiteboard,3,611.02,0.0,1833.06,0.0,1833.06,358.94,1076.82,756.24,Net Banking
101235,2024-02-16,CUST3589,Individual,Central,Bhopal,Online,Apparel,Wool Sweater,1,2559.31,0.15,2559.31,383.9,2175.41,1433.1,1433.1,742.31,Debit Card
101155,2024-01-29,CUST3124,Individual,East,Patna,Retail Store,Electronics,Bluetooth Speaker,2,1700.98,0.15,3401.96,510.29,2891.67,1236.55,2473.1,418.57,Credit Card
101402,2024-01-22,CUST4112,Small Business,Central,Bhopal,Retail Store,Groceries,Granola Bars,2,176.34,0.0,352.68,0.0,352.68,117.82,235.64,117.04,Cash on Delivery
100919,2025-01-30,CUST4602,Small Business,West,Pune,Distributor,Apparel,Rain Jacket,3,2968.74,0.0,8906.22,0.0,8906.22,1902.5,5707.5,3198.72,UPI
102349,2025-09-04,CUST1849,Individual,East,Patna,Retail Store,Groceries,Green Tea Pack,4,477.65,0.1,1910.6,191.06,1719.54,319.32,1277.28,442.26,UPI
105153,2025-11-26,CUST1758,Individual,Central,Nagpur,Online,Furniture,Office Chair,6,3799.7,0.0,22798.2,0.0,22798.2,2697.98,16187.88,6610.32,Credit Card
103661,2025-09-20,CUST4246,Individual, Central  ,Raipur,Online,Groceries,Granola Bars,2,483.49,0.0,966.98,0.0,966.98,300.89,601.78,365.2,Net Banking
104766,2025-01-19,CUST1961,Small Business,Central,Raipur,Retail Store,Furniture,Bookshelf,1,10493.32,0.2,10493.32,2098.66,8394.66,6063.13,6063.13,2331.53,Cash on Delivery
102602,2024-03-10,CUST2820,Individual,West,Mumbai,Retail Store,Electronics,Power Bank,4,2068.19,0.2,8272.76,1654.55,6618.21,1313.57,5254.28,1363.93,Net Banking
105246,2024-09-09,CUST1308,Individual,Central,Raipur,Retail Store,Electronics,Bluetooth Speaker,6,3441.98,0.0,20651.88,0.0,20651.88,2030.44,12182.64,8469.24,Net Banking
101822,2024-01-09,CUST4287,Individual,West,Ahmedabad,Distributor,Furniture,Desk Lamp,5,9812.22,0.0,49061.1,0.0,49061.1,6295.34,31476.7,17584.4,Cash on Delivery
100468,2025-05-27,CUST4831,Individual,Central,Raipur,Online,Electronics,Webcam HD,7,1435.84,0.15,10050.88,1507.63,8543.25,1003.35,7023.45,1519.8,Credit Card
101493,2025-06-16,CUST1704,Small Business,East,Bhubaneswar,Online,Apparel,Rain Jacket,5,1233.66,0.0,6168.3,0.0,6168.3,778.32,3891.6,2276.7,UPI
105527,2025-03-08,CUST3020,Small Business,South,Hyderabad,Online,Furniture,Standing Desk,4,3948.22,0.05,15792.88,789.64,15003.24,2900.21,11600.84,3402.4,UPI
104171,2025-05-03,CUST2013,Individual,South,Bengaluru,Online,Furniture,Standing Desk,1,10679.01,0.15,10679.01,1601.85,9077.16,6250.63,6250.63,2826.53,Credit Card
104405,2024-02-27,CUST4439,Individual,West,Ahmedabad,Distributor,Electronics,Wireless Mouse,3,4354.04,0.0,13062.12,0.0,13062.12,3205.35,9616.05,3446.07,Cash on Delivery
104789,2025-10-26,CUST4162,Individual,Central,Bhopal,Retail Store,Stationery,Whiteboard,1,284.05,0.0,284.05,0.0,284.05,196.78,196.78,87.27,Credit Card
103755,2025-12-26,CUST2098,Individual,North,Delhi,Online,Apparel,Rain Jacket,3,1021.37,0.15,3064.11,459.62,2604.49,688.93,2066.79,537.7,UPI
101889,2024-04-14,CUST4543,Small Business,Central,Bhopal,Distributor,Apparel,Wool Sweater,5,2733.75,0.15,13668.75,2050.31,11618.44,1635.32,8176.6,3441.84,Credit Card
105957,2024-11-11,CUST4127,Small Business,North,Lucknow,Retail Store,Apparel,Cotton T-Shirt,8,1992.88,0.0,15943.04,0.0,15943.04,1288.52,10308.16,5634.88,Credit Card
103129,2025-04-02,CUST1425,Small Business,Central,Bhopal,Online,Apparel,Denim Jacket,3,2187.68,0.15,6563.04,984.46,5578.58,1209.03,3627.09,1951.49,Net Banking
102488,2025-03-26,CUST1103,Small Business,Central,Raipur,Online,Stationery,Whiteboard,6,114.73,0.15,688.38,103.26,585.12,78.25,469.5,115.62,UPI
104546,2024-12-17,CUST4244,Individual,East,,Online,Apparel,Rain Jacket,4,1604.49,0.1,6417.96,641.8,5776.16,942.85,3771.4,2004.76,Net Banking
100022,2024-09-14,CUST4870,Small Business,West,Pune,Online,ELECTRONICS,Wireless Mouse,4,4112.99,0.0,16451.96,0.0,16451.96,2354.17,9416.68,7035.28,Net Banking
105448,2025-12-20,CUST2294,Small Business,South,Bengaluru,Retail Store,Furniture,Filing Cabinet,4,2158.16,0.0,8632.64,0.0,8632.64,1242.79,4971.16,3661.48,UPI
104473,2024-11-07,CUST2847,Individual,Central,Nagpur,Online,APPAREL,Wool Sweater,1,2747.17,0.2,2747.17,549.43,2197.74,1700.65,1700.65,497.09,Net Banking
105877,2024-03-04,CUST2031,Individual,Central,Nagpur,Retail Store,Stationery,Gel Pens Pack,3,272.76,0.0,818.28,0.0,818.28,184.75,554.25,264.03,Net Banking
105637,2025-08-06,CUST3266,Small Business,North,Delhi,Distributor,Furniture,Office Chair,4,14287.99,0.15,57151.96,8572.79,48579.17,10571.73,42286.92,6292.25,UPI
103276,2024-09-09,CUST1663,Individual,South,Bengaluru,Online,Apparel,Denim Jacket,3,1646.82,0.1,4940.46,494.05,4446.41,925.42,2776.26,1670.15,UPI
102404,2024-08-26,CUST4142,Individual,South,Bengaluru,Distributor,Groceries,Olive Oil,1,706.56,0.0,706.56,0.0,706.56,514.9,514.9,191.66,Debit Card
103593,2025-07-30,CUST4847,Individual,North,Chandigarh,Online,Furniture,Office Chair,5,11141.65,0.05,55708.25,2785.41,52922.84,8282.75,41413.75,11509.09,Debit Card
101315,2024-08-19,CUST3357,Individual,West,Pune,Online,Stationery,Sticky Notes,4,528.23,0.15,2112.92,316.94,1795.98,389.32,1557.28,238.7,Debit Card
104509,2024-04-16,CUST1229,Small Business,South,Bengaluru,Distributor,Groceries,Olive Oil,2,396.48,0.2,792.96,158.59,634.37,233.5,467.0,167.37,Debit Card
101048,2025-07-17,CUST2365,Individual,Central,Raipur,Distributor,Stationery,Notebook Set,2,105.26,0.05,210.52,10.53,199.99,59.85,119.7,80.29,Debit Card
103248,2025-03-05,CUST1571,Individual,East,Bhubaneswar,Online,Apparel,Running Shoes,1,2354.14,0.2,2354.14,470.83,1883.31,1385.59,1385.59,497.72,Credit Card
105542,2025-12-22,CUST4648,Individual,East,Kolkata,Distributor,Electronics,Wireless Mouse,6,4000.37,0.15,24002.22,3600.33,20401.89,2214.07,13284.42,7117.47,Credit Card
104067,2024-08-21,CUST3008,Individual,North,Delhi,Retail Store,Apparel,Denim Jacket,5,805.73,0.1,4028.65,402.87,3625.78,577.95,2889.75,736.03,Cash on Delivery
100811,2024-02-15,CUST2631,Individual,West,Mumbai,Online,Furniture,Bookshelf,2,7028.6,0.05,14057.2,702.86,13354.34,4118.08,8236.16,5118.18,UPI
103742,2025-08-22,CUST1731,Enterprise,East,Kolkata,Online,Groceries,Green Tea Pack,1,671.95,0.05,671.95,33.6,638.35,499.12,499.12,139.23,Credit Card
102480,2024-03-26,CUST1392,Enterprise,Central,Bhopal,Online,Groceries,Olive Oil,3,702.64,0.0,2107.92,0.0,2107.92,411.68,1235.04,872.88,Cash on Delivery
104204,2025-10-08,CUST1287,Enterprise,Central,Nagpur,Online,Furniture,Office Chair,3,11407.39,0.05,34222.17,1711.11,32511.06,6526.66,19579.98,12931.08,Net Banking
105975,2025-01-17,CUST3754,Small Business,Central,Nagpur,Retail Store,Electronics,USB-C Hub,3,1892.83,0.0,5678.49,0.0,5678.49,1114.87,3344.61,2333.88,Debit Card
101369,2024-12-17,CUST2291,Individual,West,Pune,Online,Groceries,Granola Bars,9,408.14,0.2,3673.26,734.65,2938.61,263.47,2371.23,567.38,Credit Card
102669,2025-01-12,CUST3642,Small Business,East,Patna,Retail Store,Stationery,Desk Organizer,1,190.15,0.0,190.15,0.0,190.15,113.76,113.76,76.39,Credit Card
101521,2024-11-05,CUST1777,Small Business,North,Chandigarh,Online,Stationery,Notebook Set,9,462.5,0.2,4162.5,832.5,3330.0,304.2,2737.8,592.2,Debit Card
104032,13/07/2024,CUST4538,Individual,South,Chennai,Online,Furniture,Filing Cabinet,1,8440.9,0.05,8440.9,422.05,8018.85,4743.86,4743.86,3274.99,UPI
105651,2025-08-17,CUST1885,Small Business,East,Patna,Retail Store,Groceries,Organic Coffee,3,376.76,0.2,1130.28,226.06,904.22,226.03,678.09,226.13,Cash on Delivery
101206,28-Oct-2024,CUST1409,Individual,West,Pune,Retail Store,Furniture,Filing Cabinet,2,6108.07,0.0,12216.14,0.0,12216.14,4225.74,8451.48,3764.66,Cash on Delivery
102333,2025-05-26,CUST4408,Small Business,East,Patna,Online,Electronics,Bluetooth Speaker,6,5327.38,0.05,31964.28,1598.21,30366.07,3129.7,18778.2,11587.87,Credit Card
104540,2025-05-22,CUST2941,Individual,South,Chennai,Online,Apparel,Denim Jacket,2,1399.56,0.0,2799.12,0.0,2799.12,859.18,1718.36,1080.76,Net Banking
103850,2024-06-06,CUST4308,Individual,South,Chennai,Retail Store,Groceries,Granola Bars,2,372.06,0.15,744.12,111.62,632.5,270.24,540.48,92.02,Cash on Delivery
104227,2024-07-23,CUST4945,Individual,South,Chennai,Retail Store,Furniture,Filing Cabinet,3,14612.11,0.1,43836.33,4383.63,39452.7,9491.34,28474.02,10978.68,Credit Card
100956,2025-05-19,CUST1980,Small Business,North,Lucknow,Online,GROCERIES,Granola Bars,3,269.3,0.2,807.9,161.58,646.32,162.16,486.48,159.84,Cash on Delivery
100860,2024-01-27,CUST1498,Individual,West,Mumbai,Online,Groceries,Green Tea Pack,2,876.93,0.1,1753.86,175.39,1578.47,609.38,1218.76,359.71,Cash on Delivery
102034,2024-10-04,CUST4179,Enterprise,East,Patna,Distributor,Electronics,Power Bank,4,4679.99,0.0,18719.96,0.0,18719.96,3430.09,13720.36,4999.6,UPI
101316,2025-11-16,CUST4119,Individual,Central,Nagpur,Online,Stationery,Desk Organizer,3,508.59,0.0,1525.77,0.0,1525.77,367.24,1101.72,424.05,UPI
102400,2024-05-18,CUST4225,Individual, West  ,Pune,Retail Store,Groceries,Olive Oil,5,714.01,0.05,3570.05,178.5,3391.55,420.34,2101.7,1289.85,UPI
105063,2025-11-26,CUST4530,Small Business,North,Chandigarh,Retail Store,Furniture,Desk Lamp,4,14208.36,0.0,56833.44,0.0,56833.44,9803.28,39213.12,17620.32,Net Banking
103905,2025-01-27,CUST2630,Individual,West,Ahmedabad,Retail Store,Furniture,Filing Cabinet,1,3635.2,0.1,3635.2,363.52,3271.68,2236.18,2236.18,1035.5,Credit Card
105462,2024-04-22,CUST2635,,South,,Online,Groceries,Granola Bars,2,440.03,,880.06,0.0,880.06,316.28,632.56,247.5,
101367,2025-11-11,CUST1462,Enterprise,West,Ahmedabad,Online,Apparel,Wool Sweater,8,1780.13,0.2,14241.04,2848.21,11392.83,991.5,7932.0,3460.83,Cash on Delivery
103044,2025-12-03,CUST4489,Individual,South,Chennai,Distributor,Furniture,Office Chair,1,9940.8,0.05,9940.8,497.04,9443.76,6237.58,6237.58,3206.18,Net Banking
103925,2024-09-11,CUST2381,Small Business,East,,Online,Furniture,Bookshelf,2,9260.52,0.0,18521.04,0.0,18521.04,6697.42,13394.84,5126.2,Cash on Delivery
105358,2025-11-24,CUST1507,Small Business,North,Delhi,Retail Store,Stationery,Desk Organizer,9,446.56,0.2,4019.04,803.81,3215.23,301.46,2713.14,502.09,Debit Card
102507,2024-06-17,CUST3543,Individual,South,Hyderabad,Distributor,Apparel,Cotton T-Shirt,3,537.03,0.1,1611.09,161.11,1449.98,395.08,1185.24,264.74,Credit Card
100463,2024-09-14,CUST2914,Small Business,West,Ahmedabad,Retail Store,Stationery,Desk Organizer,1,489.7,0.2,489.7,97.94,391.76,342.03,342.03,49.73,UPI
101574,2024-01-08,CUST1671,Small Business,North,Delhi,Distributor,Apparel,Wool Sweater,1,1089.93,0.0,1089.93,0.0,1089.93,722.33,722.33,367.6,Cash on Delivery
100309,2024-10-13,CUST1612,Small Business,Central,Bhopal,Distributor,Groceries,Green Tea Pack,4,792.23,0.2,3168.92,633.78,2535.14,587.7,2350.8,184.34,UPI
102122,2024-07-30,CUST4515,Individual,South,Bengaluru,Retail Store,Electronics,Laptop Stand,3,5956.85,0.05,17870.55,893.53,16977.02,3377.62,10132.86,6844.16,Cash on Delivery
100580,2024-06-29,CUST3496,Individual,East,Patna,Retail Store,Stationery,Gel Pens Pack,2,184.01,0.05,368.02,18.4,349.62,116.76,233.52,116.1,UPI
104202,2024-01-26,CUST3384,Small Business,South,Bengaluru,Distributor,Furniture,Bookshelf,3,6881.51,0.0,20644.53,0.0,20644.53,4298.52,12895.56,7748.97,Credit Card
101706,2024-10-08,CUST1749,Individual,East,Kolkata,Retail Store,Electronics,Laptop Stand,3,3041.63,0.2,9124.89,1824.98,7299.91,1760.8,5282.4,2017.51,Cash on Delivery
103787,2024-11-29,CUST2492,Small Business,North,Lucknow,Online,Stationery,Gel Pens Pack,6,201.33,0.0,1207.98,0.0,1207.98,114.16,684.96,523.02,UPI
104562,06-11-2025,CUST1987,Small Business,West,Ahmedabad,Online,Apparel,Rain Jacket,5,2873.19,0.05,14365.95,718.3,13647.65,1965.66,9828.3,3819.35,UPI
102995,2025-09-16,CUST2800,Small Business,Central,Bhopal,Online,Electronics,Webcam HD,3,1405.42,0.0,4216.26,0.0,4216.26,890.57,2671.71,1544.55,Credit Card
102038,2025-02-20,CUST2915,Individual,West,Pune,Retail Store,Groceries,Almond Butter,1,561.19,0.0,561.19,0.0,561.19,393.8,393.8,167.39,Credit Card
104769,2024-03-14,CUST2997,Individual,South,Hyderabad,Retail Store,Electronics,Power Bank,3,4919.32,0.05,14757.96,737.9,14020.06,3280.5,9841.5,4178.56,Net Banking
104669,2024-01-10,CUST2353,Individual,Central,Raipur,Retail Store,Stationery,Whiteboard,3,137.81,0.0,413.43,0.0,413.43,97.46,292.38,121.05,Credit Card
102096,2025-09-20,CUST1182,Individual,Central,Raipur,Retail Store,Apparel,Wool Sweater,2,2200.97,0.0,4401.94,0.0,4401.94,1355.07,2710.14,1691.8,Net Banking
100871,2025-08-14,CUST4305,,South,,Retail Store,Groceries,Olive Oil,5,403.01,,2015.05,0.0,2015.05,242.23,1211.15,803.9,
104770,2025-09-11,CUST1165,Individual, South  ,Bengaluru,Distributor,Stationery,Sticky Notes,2,269.1,0.0,538.2,0.0,538.2,166.36,332.72,205.48,UPI
104435,2024-05-02,CUST4139,Individual,North,Lucknow,Online,Stationery,Whiteboard,3,530.6,0.1,1591.8,159.18,1432.62,384.23,1152.69,279.93,Cash on Delivery
103050,2024-08-25,CUST2910,Individual,East,Kolkata,Online,Stationery,Notebook Set,3,505.94,0.2,1517.82,303.56,1214.26,307.72,923.16,291.1,UPI
105884,2024-05-30,CUST2768,Individual,West,Ahmedabad,Retail Store,Apparel,Cotton T-Shirt,6,1019.55,0.0,6117.3,0.0,6117.3,717.36,4304.16,1813.14,UPI
102657,2025-11-16,CUST1148,Individual,East,Patna,Online,Stationery,Sticky Notes,8,437.5,0.0,3500.0,0.0,3500.0,318.02,2544.16,955.84,Debit Card
104380,07-07-2025,CUST4558,Small Business,South,Hyderabad,Online,ELECTRONICS,USB-C Hub,5,4018.95,0.1,20094.75,2009.48,18085.27,2843.94,14219.7,3865.57,Credit Card
103503,2025-08-07,CUST3483,Enterprise,North,Lucknow,Distributor,Apparel,Cotton T-Shirt,1,2901.61,0.1,2901.61,290.16,2611.45,2159.47,2159.47,451.98,UPI
100977,2024-03-29,CUST2848,Individual,Central,Bhopal,Online,Groceries,Almond Butter,2,175.76,0.2,351.52,70.3,281.22,121.42,242.84,38.38,Credit Card
103353,2025-05-08,CUST1801,Individual,Central,Bhopal,Online,Stationery,Gel Pens Pack,2,255.8,0.2,511.6,102.32,409.28,160.24,320.48,88.8,Cash on Delivery
100958,11-Oct-2025,CUST4611,Individual,Central,,Online,Groceries,Organic Coffee,1,587.05,0.15,587.05,88.06,498.99,332.34,332.34,166.65,Cash on Delivery
103700,2025-03-15,CUST3062,Individual,East,Patna,Online,Furniture,Desk Lamp,5,12496.92,0.1,62484.6,6248.46,56236.14,8571.13,42855.65,13380.49,Net Banking
101341,2025-02-15,CUST2373,Small Business,South,Chennai,Retail Store,FURNITURE,Filing Cabinet,1,10091.5,0.05,10091.5,504.58,9586.92,6311.19,6311.19,3275.73,UPI
101823,2025-07-16,CUST3642,Individual,North,Delhi,Retail Store,Stationery,Gel Pens Pack,5,691.29,0.15,3456.45,518.47,2937.98,481.1,2405.5,532.48,Debit Card
102330,2025-02-13,CUST2941,Individual,South,Hyderabad,Retail Store,Stationery,Sticky Notes,3,612.03,0.2,1836.09,367.22,1468.87,428.26,1284.78,184.09,Net Banking
101930,2024-05-06,CUST1990,Individual,Central,Nagpur,Online,Furniture,Desk Lamp,1,10491.05,0.15,10491.05,1573.66,8917.39,7745.84,7745.84,1171.55,Credit Card
103881,10-26-2025,CUST2157,,East,,Retail Store,Apparel,Running Shoes,3,1553.59,,4660.77,932.15,3728.62,908.76,2726.28,1002.34,
104985,2025-07-24,CUST3939,Small Business,South,Chennai,Online,Stationery,Desk Organizer,10,379.67,0.0,3796.7,0.0,3796.7,244.37,2443.7,1353.0,UPI
104990,2025-12-28,CUST2603,Small Business,East,Patna,Online,Electronics,Power Bank,8,3732.21,0.0,29857.68,0.0,29857.68,2642.77,21142.16,8715.52,Debit Card
100354,2024-08-19,CUST3817,Small Business,North,Chandigarh,Distributor,Electronics,Laptop Stand,3,5938.87,0.2,17816.61,3563.32,14253.29,3999.31,11997.93,2255.36,UPI
101446,2024-07-26,CUST4764,Small Business,South,Bengaluru,Retail Store,Furniture,Office Chair,2,13861.45,0.0,27722.9,0.0,27722.9,8205.58,16411.16,11311.74,Debit Card
102727,2024-08-14,CUST3488,Individual,North,Chandigarh,Distributor,Furniture,Bookshelf,1,13335.58,0.15,13335.58,2000.34,11335.24,7995.44,7995.44,3339.8,UPI
105565,2024-03-21,CUST2178,Individual,North,Chandigarh,Retail Store,Electronics,USB-C Hub,3,1835.72,0.15,5507.16,826.07,4681.09,1059.27,3177.81,1503.28,Debit Card
104257,2024-09-11,CUST2713,Small Business,South,Hyderabad,Online,Furniture,Bookshelf,3,12744.68,0.2,38234.04,7646.81,30587.23,7189.52,21568.56,9018.67,Credit Card
103201,2025-12-09,CUST2070,Small Business,North,Chandigarh,Distributor,Stationery,Desk Organizer,9,258.51,0.0,2326.59,0.0,2326.59,185.83,1672.47,654.12,Net Banking
104516,2024-07-20,CUST1088,Individual,North,Chandigarh,Distributor,Groceries,Olive Oil,6,747.85,0.05,4487.1,224.36,4262.74,536.07,3216.42,1046.32,Net Banking
105191,2025-09-25,CUST2902,Individual,Central,Raipur,Online,Apparel,Rain Jacket,4,1427.18,0.0,5708.72,0.0,5708.72,978.79,3915.16,1793.56,UPI
101386,2024-07-11,CUST1844,Small Business,North,Chandigarh,Online,Stationery,Whiteboard,6,141.31,0.0,847.86,0.0,847.86,100.18,601.08,246.78,Net Banking
105183,2025-03-31,CUST1021,Individual,East,Patna,Online,Apparel,Running Shoes,1,2922.48,0.2,2922.48,584.5,2337.98,2116.19,2116.19,221.79,Cash on Delivery
103722,2025-12-08,CUST2616,,North,,Retail Store,Groceries,Green Tea Pack,1,664.53,,664.53,33.23,631.3,407.99,407.99,223.31,
100502,2024-03-29,CUST2068,Individual,South,Bengaluru,Online,Groceries,Green Tea Pack,3,307.07,0.0,921.21,0.0,921.21,190.92,572.76,348.45,Cash on Delivery
103525,2025-09-19,CUST2415,Individual,Central,Bhopal,Retail Store,Furniture,Standing Desk,1,8660.79,0.2,8660.79,1732.16,6928.63,5680.3,5680.3,1248.33,Debit Card
105234,2024-05-06,CUST2005,Small Business,East,Patna,Retail Store,Apparel,Denim Jacket,5,448.32,0.0,2241.6,0.0,2241.6,327.24,1636.2,605.4,Debit Card
105984,2025-03-31,CUST4576,Individual,West,Mumbai,Online,Groceries,Green Tea Pack,3,869.57,0.05,2608.71,130.44,2478.27,481.06,1443.18,1035.09,Debit Card
102105,2024-10-12,CUST2905,Individual,West,Pune,Retail Store,Stationery,Sticky Notes,1,417.51,0.0,417.51,0.0,417.51,259.04,259.04,158.47,UPI
102234,2024-01-25,CUST1112,Small Business,East,Kolkata,Online,Stationery,Desk Organizer,1,606.71,0.0,606.71,0.0,606.71,377.78,377.78,228.93,Cash on Delivery
105627,2025-03-16,CUST1045,Enterprise,East,Bhubaneswar,Retail Store,Furniture,Desk Lamp,5,2900.5,0.0,14502.5,0.0,14502.5,1605.05,8025.25,6477.25,Credit Card
101008,2024-06-28,CUST3974,Individual,South,Bengaluru,Retail Store,Electronics,Power Bank,3,2762.61,0.05,8287.83,414.39,7873.44,1823.5,5470.5,2402.94,Credit Card
105684,2024-09-16,CUST4917,Enterprise,South,Chennai,Distributor,Apparel,Denim Jacket,7,2481.92,0.05,17373.44,868.67,16504.77,1792.75,12549.25,3955.52,Debit Card
105138,2025-06-20,CUST1422,Individual,West,Ahmedabad,Online,Stationery,Sticky Notes,3,232.59,0.0,697.77,0.0,697.77,140.65,421.95,275.82,Debit Card
102172,2025-05-21,CUST3161,Small Business,North,Chandigarh,Retail Store,Groceries,Olive Oil,2,693.12,0.15,1386.24,207.94,1178.3,381.35,762.7,415.6,Debit Card
103217,2025-12-23,CUST2206,Small Business,East,Patna,Online,Apparel,Denim Jacket,1,1051.41,0.15,1051.41,157.71,893.7,641.47,641.47,252.23,UPI
105577,03-Dec-2025,CUST2534,Small Business,South,Chennai,Distributor,Furniture,Desk Lamp,9,13953.39,0.1,125580.51,12558.05,113022.46,9611.16,86500.44,26522.02,Net Banking
104368,2024-01-24,CUST2073,Small Business,West,Pune,Retail Store,Apparel,Running Shoes,2,2590.44,0.0,5180.88,0.0,5180.88,1724.26,3448.52,1732.36,Debit Card
101319,2024-05-19,CUST2762,Individual,West,Pune,Distributor,Electronics,Bluetooth Speaker,4,3893.51,0.0,15574.04,0.0,15574.04,2573.9,10295.6,5278.44,Net Banking
103983,2025-09-25,CUST4701,Enterprise,South,Bengaluru,Distributor,Furniture,Standing Desk,4,2736.49,0.1,10945.96,1094.6,9851.36,1951.15,7804.6,2046.76,Net Banking
101476,02-11-2025,CUST3870,Small Business,North,Delhi,Distributor,Apparel,Running Shoes,4,682.69,0.0,2730.76,0.0,2730.76,392.85,1571.4,1159.36,Debit Card
100680,2025-02-09,CUST1628,Individual,South,Hyderabad,Online,Electronics,USB-C Hub,1,5493.9,0.0,5493.9,0.0,5493.9,3038.71,3038.71,2455.19,Net Banking
105914,2024-07-19,CUST3797,Individual,West,Pune,Online,Electronics,Bluetooth Speaker,7,3197.82,0.0,22384.74,0.0,22384.74,1889.7,13227.9,9156.84,Cash on Delivery
103927,2025-01-07,CUST1178,Small Business,Central,Bhopal,Retail Store,Electronics,Bluetooth Speaker,3,5475.73,0.05,16427.19,821.36,15605.83,3126.77,9380.31,6225.52,Net Banking
100381,17/03/2025,CUST1399,Small Business,East,Bhubaneswar,Retail Store,Groceries,Granola Bars,3,514.97,0.05,1544.91,77.25,1467.66,316.75,950.25,517.41,UPI
104968,2025-04-18,CUST3511,Small Business,Central,Raipur,Retail Store,Stationery,Gel Pens Pack,1,698.71,0.15,698.71,104.81,593.9,400.08,400.08,193.82,UPI
104164,2025-11-12,CUST4468,Individual,West,Ahmedabad,Online,Furniture,Desk Lamp,4,2908.26,0.2,11633.04,2326.61,9306.43,2023.16,8092.64,1213.79,Credit Card
101883,2024-12-23,CUST3688,Individual,South,Hyderabad,Online,Groceries,Olive Oil,3,390.74,0.2,1172.22,234.44,937.78,265.63,796.89,140.89,Credit Card
100478,2024-09-29,CUST4998,Small Business,West,Mumbai,Online,Apparel,Wool Sweater,3,2160.69,0.0,6482.07,0.0,6482.07,1200.81,3602.43,2879.64,UPI
105456,2025-01-14,CUST4391,Enterprise,West,Pune,Online,Furniture,Filing Cabinet,2,4465.6,0.05,8931.2,446.56,8484.64,3199.21,6398.42,2086.22,UPI
102383,2025-10-14,CUST1526,Individual,Central,Bhopal,Retail Store,Electronics,Wireless Mouse,2,3341.76,0.0,6683.52,0.0,6683.52,2078.9,4157.8,2525.72,Credit Card
105755,2024-07-08,CUST1886,Individual,North,Delhi,Retail Store,Stationery,Gel Pens Pack,7,564.37,0.1,3950.59,395.06,3555.53,318.75,2231.25,1324.28,UPI
102360,2024-11-20,CUST3063,Individual,South,Chennai,Distributor,Stationery,Whiteboard,3,145.2,0.0,435.6,0.0,435.6,108.79,326.37,109.23,UPI
100426,2025-12-10,CUST4899,Individual,West,Mumbai,Online,Electronics,Bluetooth Speaker,8,5774.46,0.2,46195.68,9239.14,36956.54,3411.85,27294.8,9661.74,UPI
104631,2025-11-08,CUST2178,Individual,North,Lucknow,Online,Furniture,Desk Lamp,14,5807.58,0.0,81306.12,0.0,81306.12,3740.3,52364.2,28941.92,Cash on Delivery
102256,2025-02-18,CUST4968,Individual,North,Chandigarh,Online,Apparel,Cotton T-Shirt,1,1798.39,0.15,1798.39,269.76,1528.63,1085.83,1085.83,442.8,Cash on Delivery
101334,2025-05-11,CUST1417,Individual,South,Hyderabad,Online,Apparel,Cotton T-Shirt,5,1322.9,0.2,6614.5,1322.9,5291.6,756.54,3782.7,1508.9,Credit Card
100200,2025-02-14,CUST3020,Individual,East,Patna,Online,ELECTRONICS,Laptop Stand,1,2718.38,0.0,2718.38,0.0,2718.38,1816.8,1816.8,901.58,Debit Card
104390,2024-05-06,CUST2710,Individual,Central,Raipur,Online,Furniture,Filing Cabinet,1,6671.39,0.1,6671.39,667.14,6004.25,4519.0,4519.0,1485.25,UPI
101939,2025-05-14,CUST2112,Small Business,North,Delhi,Distributor,Apparel,Running Shoes,2,409.43,0.0,818.86,0.0,818.86,255.2,510.4,308.46,UPI
100144,2025-06-25,CUST4584,Small Business,North,Delhi,Distributor,Furniture,Standing Desk,3,8915.14,0.0,26745.42,0.0,26745.42,5239.39,15718.17,11027.25,Cash on Delivery
103821,29-Aug-2024,CUST4969,Individual,East,Bhubaneswar,Retail Store,Stationery,Desk Organizer,3,133.72,0.05,401.16,20.06,381.1,77.11,231.33,149.77,Net Banking
104346,2025-04-30,CUST4792,Individual,West,Pune,Retail Store,Apparel,Rain Jacket,3,2135.31,0.15,6405.93,960.89,5445.04,1433.48,4300.44,1144.6,Net Banking
105276,2024-08-01,CUST4852,Individual,Central,Raipur,Online,Furniture,Office Chair,5,13784.52,0.15,68922.6,10338.39,58584.21,10130.0,50650.0,7934.21,Debit Card
100305,2024-08-28,CUST4130,Small Business,South,Bengaluru,Online,Furniture,Bookshelf,2,12126.2,0.05,24252.4,1212.62,23039.78,8158.09,16316.18,6723.6,UPI
101455,2024-05-25,CUST4854,Small Business,North,Lucknow,Online,Electronics,USB-C Hub,2,5081.95,0.0,10163.9,0.0,10163.9,2842.25,5684.5,4479.4,Cash on Delivery
100912,2024-02-12,CUST3846,Individual,South,Bengaluru,Retail Store,Groceries,Green Tea Pack,3,275.53,0.15,826.59,123.99,702.6,190.94,572.82,129.78,Credit Card
105526,2024-10-10,CUST3059,Small Business,West,Ahmedabad,Online,Electronics,USB-C Hub,4,3708.28,0.1,14833.12,1483.31,13349.81,2364.19,9456.76,3893.05,Net Banking
102597,2025-12-31,CUST3184,Individual,West,Mumbai,Retail Store,Electronics,Laptop Stand,8,4709.04,0.0,37672.32,0.0,37672.32,3296.45,26371.6,11300.72,Cash on Delivery
102310,2024-08-30,CUST3938,Small Business,North,Lucknow,Online,Stationery,Gel Pens Pack,4,456.08,0.1,1824.32,182.43,1641.89,268.1,1072.4,569.49,Credit Card
102113,2025-05-27,CUST1245,Small Business,West,Ahmedabad,Online,Furniture,Office Chair,1,3202.91,0.0,3202.91,0.0,3202.91,1966.37,1966.37,1236.54,Credit Card
105607,2025-06-04,CUST3362,Small Business,West,Pune,Retail Store,Groceries,Almond Butter,2,279.22,0.15,558.44,83.77,474.67,188.82,377.64,97.03,Credit Card
100594,2025-03-30,CUST2203,Individual,West,Pune,Retail Store,Furniture,Desk Lamp,3,14239.21,0.0,42717.63,0.0,42717.63,9922.67,29768.01,12949.62,Credit Card
103571,2024-10-03,CUST4920,Small Business,Central,Bhopal,Online,Electronics,Power Bank,3,3435.51,0.15,10306.53,1545.98,8760.55,1959.71,5879.13,2881.42,Credit Card
103534,2025-07-20,CUST3812,Individual,Central,Raipur,Retail Store,Apparel,Denim Jacket,11,1905.25,0.05,20957.75,1047.89,19909.86,1213.14,13344.54,6565.32,Net Banking
101289,2024-04-24,CUST1148,Small Business,North,Lucknow,Retail Store,Apparel,Cotton T-Shirt,1,2811.69,0.15,2811.69,421.75,2389.94,2099.82,2099.82,290.12,UPI
101656,2025-06-11,CUST2121,Small Business,North,Delhi,Online,Furniture,Filing Cabinet,2,6934.01,0.0,13868.02,0.0,13868.02,5121.44,10242.88,3625.14,Cash on Delivery
104679,2025-02-17,CUST3558,Individual,East,Kolkata,Online,Stationery,Whiteboard,2,688.65,0.2,1377.3,275.46,1101.84,412.7,825.4,276.44,UPI
102132,2025-06-28,CUST2088,Individual,East,Bhubaneswar,Online,Electronics,Wireless Mouse,3,3498.19,0.05,10494.57,524.73,9969.84,2584.27,7752.81,2217.03,Net Banking
100766,2024-09-26,CUST3100,Small Business,East,Bhubaneswar,Retail Store,Electronics,Bluetooth Speaker,2,4670.24,0.05,9340.48,467.02,8873.46,3157.67,6315.34,2558.12,Net Banking
105850,2024-01-27,CUST4656,Small Business,North,Lucknow,Retail Store,Stationery,Notebook Set,1,337.02,0.1,337.02,33.7,303.32,235.28,235.28,68.04,Net Banking
105122,2025-02-24,CUST1966,Enterprise,North,Chandigarh,Online,Apparel,Rain Jacket,1,2324.76,0.05,2324.76,116.24,2208.52,1466.24,1466.24,742.28,UPI
100147,2025-11-07,CUST3749,Enterprise,West,Pune,Online,Stationery,Gel Pens Pack,6,387.28,0.0,2323.68,0.0,2323.68,285.94,1715.64,608.04,Debit Card
100395,2025-06-29,CUST1398,Small Business,West,Pune,Online,Furniture,Filing Cabinet,2,14053.89,0.15,28107.78,4216.17,23891.61,10416.38,20832.76,3058.85,Debit Card
104623,2025-06-17,CUST4628,Individual,South,Bengaluru,Distributor,Stationery,Notebook Set,6,102.47,0.0,614.82,0.0,614.82,59.4,356.4,258.42,Debit Card
103809,2025-04-27,CUST3509,Small Business,South,Bengaluru,Retail Store,Groceries,Almond Butter,1,797.32,0.0,797.32,0.0,797.32,450.93,450.93,346.39,Credit Card
100046,2024-11-19,CUST1931,Small Business,Central,Raipur,Online,Electronics,Power Bank,3,2237.8,0.2,6713.4,1342.68,5370.72,1317.67,3953.01,1417.71,UPI
103495,2025-09-26,CUST4423,Individual,South,Hyderabad,Online,Stationery,Whiteboard,9,541.44,0.15,4872.96,730.94,4142.02,384.6,3461.4,680.62,Net Banking
104412,2025-03-08,CUST3612,Individual,Central,Raipur,Online,Electronics,USB-C Hub,1,5585.66,0.0,5585.66,0.0,5585.66,3299.61,3299.61,2286.05,Debit Card
103337,03-Mar-2025,CUST3433,Small Business,South,Bengaluru,Online,Stationery,Sticky Notes,3,320.48,0.2,961.44,192.29,769.15,205.17,615.51,153.64,Cash on Delivery
102160,2025-02-02,CUST4115,Individual,South,Chennai,Distributor,Apparel,Running Shoes,1,485.82,0.2,485.82,97.16,388.66,292.26,292.26,96.4,UPI
101958,2024-05-07,CUST1946,Small Business,West,Ahmedabad,Online,Groceries,Granola Bars,3,859.57,0.0,2578.71,0.0,2578.71,525.33,1575.99,1002.72,Credit Card
102185,13-Jul-2025,CUST2762,Individual,East,Patna,Online,Electronics,Bluetooth Speaker,3,803.6,0.05,2410.8,120.54,2290.26,486.37,1459.11,831.15,Net Banking
104518,07-02-2025,CUST4485,Individual,East,Kolkata,Retail Store,Furniture,Filing Cabinet,3,5989.43,0.0,17968.29,0.0,17968.29,4118.09,12354.27,5614.02,UPI
105846,2024-11-12,CUST4958,,Central,,Online,Electronics,Bluetooth Speaker,6,2089.77,,12538.62,0.0,12538.62,1363.88,8183.28,4355.34,
104851,2024-10-21,CUST4372,Small Business,West,Mumbai,Online,Apparel,Running Shoes,6,2290.13,0.0,13740.78,0.0,13740.78,1571.24,9427.44,4313.34,Debit Card
103498,2025-12-01,CUST2127,Small Business,South,Hyderabad,Online,Stationery,Sticky Notes,3,87.59,0.15,262.77,39.42,223.35,64.24,192.72,30.63,Credit Card
102072,26/02/2024,CUST3743,Enterprise,North,Chandigarh,Online,Groceries,Almond Butter,1,489.76,0.0,489.76,0.0,489.76,309.75,309.75,180.01,Cash on Delivery
101368,2025-10-08,CUST3724,Individual,East,Bhubaneswar,Online,Furniture,Filing Cabinet,3,14346.02,0.05,43038.06,2151.9,40886.16,9278.86,27836.58,13049.58,UPI
103096,2025-02-24,CUST3604,Individual,East,Patna,Distributor,Stationery,Whiteboard,1,345.19,0.1,345.19,34.52,310.67,213.03,213.03,97.64,Net Banking
102365,2024-01-22,CUST2934,Individual,North,Delhi,Online,Apparel,Wool Sweater,3,1268.29,0.0,3804.87,0.0,3804.87,709.56,2128.68,1676.19,Net Banking
105842,2024-06-04,CUST2050,Individual,Central,Nagpur,Retail Store,Groceries,Almond Butter,3,781.26,0.0,2343.78,0.0,2343.78,441.35,1324.05,1019.73,Net Banking
100931,2024-06-22,CUST2773,Enterprise,South,Hyderabad,Online,Apparel,Running Shoes,6,833.89,0.0,5003.34,0.0,5003.34,533.51,3201.06,1802.28,Debit Card
103513,2025-12-01,CUST4988,,South,,Online,STATIONERY,Whiteboard,8,129.78,,1038.24,51.91,986.33,89.52,716.16,270.17,
102976,08-Mar-2024,CUST2587,Small Business,East,Patna,Online,Stationery,Whiteboard,4,301.22,0.15,1204.88,180.73,1024.15,192.22,768.88,255.27,Credit Card
104475,2025-09-03,CUST4732,Enterprise,North,Lucknow,Online,Furniture,Office Chair,-1,8642.32,0.0,34569.28,0.0,34569.28,5792.95,23171.8,11397.48,UPI
103142,2025-08-10,CUST4020,Small Business,East,Bhubaneswar,Online,Apparel,Wool Sweater,2,1786.36,0.0,3572.72,0.0,3572.72,1122.18,2244.36,1328.36,Net Banking
105101,2025-07-19,CUST3964,Small Business,Central,Nagpur,Online,Stationery,Notebook Set,3,309.44,0.0,928.32,0.0,928.32,206.7,620.1,308.22,Credit Card
102582,2024-04-25,CUST4014,Small Business,North,Delhi,Retail Store,Stationery,Sticky Notes,5,126.23,0.05,631.15,31.56,599.59,80.23,401.15,198.44,Net Banking
100607,2025-04-19,CUST3841,Individual,West,Pune,Online,Groceries,Almond Butter,3,167.27,0.1,501.81,50.18,451.63,108.04,324.12,127.51,Credit Card
100075,2024-05-08,CUST3212,Small Business,North,Lucknow,Online,Stationery,Gel Pens Pack,1,251.91,0.0,251.91,0.0,251.91,188.3,188.3,63.61,UPI
104570,2025-01-25,CUST2274,Individual,West,Pune,Online,Groceries,Almond Butter,2,343.56,0.0,687.12,0.0,687.12,190.88,381.76,305.36,Cash on Delivery
101323,2024-05-24,CUST1153,Small Business,West,Ahmedabad,Distributor,Stationery,Sticky Notes,1,257.35,0.05,257.35,12.87,244.48,155.1,155.1,89.38,UPI
105133,2025-12-07,CUST3762,Individual,East,Patna,Retail Store,Apparel,Rain Jacket,6,623.13,0.05,3738.78,186.94,3551.84,407.33,2443.98,1107.86,UPI
100114,2024-11-23,CUST4244,Small Business,Central,Raipur,Online,Apparel,Cotton T-Shirt,3,2058.02,0.0,6174.06,0.0,6174.06,1537.4,4612.2,1561.86,Net Banking
103914,2024-05-15,CUST3610,Individual,North,Chandigarh,Distributor,Furniture,Standing Desk,1,4249.87,0.2,4249.87,849.97,3399.9,2978.08,2978.08,421.82,UPI
100987,2025-03-18,CUST2665,Individual,West,Mumbai,Online,Electronics,USB-C Hub,1,3953.47,0.2,3953.47,790.69,3162.78,2577.3,2577.3,585.48,Net Banking
105510,2025-08-03,CUST4230,Individual,North,Chandigarh,Online,Groceries,Granola Bars,6,228.3,0.05,1369.8,68.49,1301.31,147.78,886.68,414.63,Credit Card
100223,2024-04-28,CUST2078,Individual,West,Pune,Distributor,Apparel,Wool Sweater,2,2702.28,0.0,5404.56,0.0,5404.56,1723.91,3447.82,1956.74,Net Banking
101993,2025-04-28,CUST3475,Individual,North,Chandigarh,Retail Store,STATIONERY,Sticky Notes,1,439.99,0.1,439.99,44.0,395.99,281.57,281.57,114.42,Credit Card
105135,2025-03-29,CUST1732,Individual,South,Bengaluru,Retail Store,Stationery,Sticky Notes,4,181.84,0.0,727.36,0.0,727.36,107.39,429.56,297.8,Debit Card
104132,2025-02-05,CUST3192,Small Business,North,Lucknow,Online,Apparel,Rain Jacket,1,1263.16,0.0,1263.16,0.0,1263.16,908.21,908.21,354.95,Cash on Delivery
105694,2025-01-07,CUST3458,Individual,South,Chennai,Online,Furniture,Filing Cabinet,2,11441.57,0.0,22883.14,0.0,22883.14,8562.07,17124.14,5759.0,Net Banking
101762,2025-09-16,CUST1244,Enterprise,East,Patna,Online,Stationery,Gel Pens Pack,1,528.92,0.0,528.92,0.0,528.92,324.66,324.66,204.26,Cash on Delivery
104264,2024-12-24,CUST1577,Individual,Central,Bhopal,Online,Groceries,Almond Butter,4,877.92,0.2,3511.68,702.34,2809.34,548.82,2195.28,614.06,Net Banking
104181,2025-04-01,CUST4726,Individual,North,Lucknow,Retail Store,Furniture,Standing Desk,2,4755.22,0.1,9510.44,951.04,8559.4,3088.4,6176.8,2382.6,UPI
104213,2025-03-28,CUST2601,Small Business,North,Delhi,Online,Furniture,Standing Desk,5,6795.31,0.1,33976.55,3397.66,30578.89,3837.38,19186.9,11391.99,Net Banking
104044,2024-02-11,CUST3553,Enterprise,Central,Bhopal,Retail Store,Stationery,Whiteboard,5,383.76,0.2,1918.8,383.76,1535.04,243.89,1219.45,315.59,Debit Card
103457,2025-12-17,CUST2272,Small Business,North,Delhi,Online,Stationery,Desk Organizer,4,378.73,0.0,1514.92,0.0,1514.92,215.82,863.28,651.64,Cash on Delivery
100531,2025-10-26,CUST1511,Individual,North,Lucknow,Online,Electronics,Webcam HD,1,5026.46,0.15,5026.46,753.97,4272.49,3753.55,3753.55,518.94,Credit Card
102591,2024-01-04,CUST2829,Enterprise,East,Patna,Online,Electronics,Bluetooth Speaker,4,1624.27,0.1,6497.08,649.71,5847.37,896.3,3585.2,2262.17,UPI
103955,2024-08-03,CUST2146,Small Business,East,Kolkata,Online,Stationery,Sticky Notes,1,202.93,0.05,202.93,10.15,192.78,128.48,128.48,64.3,Credit Card
103631,2024-10-05,CUST1798,Individual,Central,Bhopal,Distributor,Furniture,Standing Desk,1,11812.37,0.05,11812.37,590.62,11221.75,7085.49,7085.49,4136.26,Credit Card
102522,2025-12-23,CUST2007,Individual,South,Hyderabad,Online,Furniture,Bookshelf,1,11721.88,0.0,11721.88,0.0,11721.88,7379.8,7379.8,4342.08,Credit Card
103052,2025-07-16,CUST3289,Small Business,North,Chandigarh,Online,Groceries,Almond Butter,7,748.39,0.1,5238.73,523.87,4714.86,436.81,3057.67,1657.19,Credit Card
105305,2025-02-25,CUST2295,Individual,South,Bengaluru,Online,Apparel,Rain Jacket,1,2834.96,0.05,2834.96,141.75,2693.21,1916.66,1916.66,776.55,Net Banking
104472,2025-04-26,CUST4075,Individual,Central,Nagpur,Online,Electronics,Laptop Stand,2,2652.59,0.2,5305.18,1061.04,4244.14,1963.89,3927.78,316.36,Cash on Delivery
104961,2024-03-13,CUST2970,Individual,North,Delhi,Retail Store,Stationery,Sticky Notes,2,550.98,0.15,1101.96,165.29,936.67,386.14,772.28,164.39,Cash on Delivery
105497,2025-01-06,CUST3022,Enterprise,Central,Nagpur,Retail Store,Stationery,Whiteboard,4,418.81,0.0,1675.24,0.0,1675.24,306.69,1226.76,448.48,Net Banking
105075,2025-07-23,CUST2539,Individual,Central,Bhopal,Online,Electronics,Laptop Stand,7,1360.6,0.0,9524.2,0.0,9524.2,794.48,5561.36,3962.84,Debit Card
105717,2025-06-26,CUST1510,Small Business,North,Delhi,Distributor,Stationery,Desk Organizer,2,345.74,0.05,691.48,34.57,656.91,239.21,478.42,178.49,Cash on Delivery
103205,2025-11-11,CUST2758,Individual, Central  ,Nagpur,Online,Furniture,Standing Desk,3,2465.12,0.05,7395.36,369.77,7025.59,1499.35,4498.05,2527.54,Debit Card
104610,2024-10-29,CUST3193,Individual,South,Bengaluru,Distributor,Apparel,Rain Jacket,3,1442.65,0.2,4327.95,865.59,3462.36,829.42,2488.26,974.1,Net Banking
101780,2024-08-11,CUST4442,Individual,West,Mumbai,Retail Store,Groceries,Olive Oil,3,632.6,0.1,1897.8,189.78,1708.02,441.62,1324.86,383.16,Net Banking
101026,2025-09-19,CUST3723,Individual,North,Chandigarh,Retail Store,Apparel,Denim Jacket,5,1690.68,0.05,8453.4,422.67,8030.73,1218.02,6090.1,1940.63,Net Banking
103779,2024-12-17,CUST2582,Small Business,North,Delhi,Retail Store,Apparel,Denim Jacket,9,1067.65,0.0,9608.85,0.0,9608.85,742.06,6678.54,2930.31,Debit Card
100082,2024-04-16,CUST4991,Small Business,South,Bengaluru,Retail Store,Stationery,Desk Organizer,4,220.22,0.05,880.88,44.04,836.84,158.35,633.4,203.44,UPI
104561,2025-09-30,CUST4308,Individual,South,Bengaluru,Online,Furniture,Desk Lamp,3,11841.68,0.15,35525.04,5328.76,30196.28,7932.76,23798.28,6398.0,Credit Card
102031,2024-10-21,CUST1392,Individual,Central,Bhopal,Online,Apparel,Running Shoes,4,1473.47,0.1,5893.88,589.39,5304.49,848.6,3394.4,1910.09,Credit Card
104055,2024-07-09,CUST2282,Individual,North,Delhi,Online,Electronics,Bluetooth Speaker,6,1350.74,0.0,8104.44,0.0,8104.44,831.88,4991.28,3113.16,Credit Card
101793,2024-04-23,CUST1848,Small Business, West  ,Mumbai,Retail Store,Electronics,Laptop Stand,3,1331.78,0.1,3995.34,399.53,3595.81,928.82,2786.46,809.35,UPI
102717,2024-07-06,CUST1988,Small Business,East,Kolkata,Online,Groceries,Granola Bars,5,277.99,0.05,1389.95,69.5,1320.45,158.64,793.2,527.25,Debit Card
103820,2025-09-05,CUST2812,Individual,Central,Bhopal,Online,Electronics,Power Bank,4,4357.15,0.15,17428.6,2614.29,14814.31,2675.69,10702.76,4111.55,UPI
102674,2025-12-25,CUST3441,Small Business,South,Bengaluru,Online,Groceries,Granola Bars,11,341.64,0.05,3758.04,187.9,3570.14,233.53,2568.83,1001.31,Debit Card
105791,2025-01-13,CUST2744,Enterprise,Central,Bhopal,Online,Stationery,Notebook Set,1,472.62,0.2,472.62,94.52,378.1,285.96,285.96,92.14,Debit Card
103502,2024-04-11,CUST3615,Small Business,North,Chandigarh,Distributor,Apparel,Rain Jacket,4,1991.55,0.0,7966.2,0.0,7966.2,1413.97,5655.88,2310.32,Debit Card
102564,2025-03-13,CUST1003,Individual,West,Mumbai,Online,Groceries,Olive Oil,5,317.84,0.0,1589.2,0.0,1589.2,201.54,1007.7,581.5,Credit Card
103403,2025-01-28,CUST4634,Small Business,East,Patna,Online,Apparel,Cotton T-Shirt,2,577.37,0.0,1154.74,0.0,1154.74,333.1,666.2,488.54,Cash on Delivery
105890,2025-06-07,CUST1927,Individual,North,Lucknow,Online,Groceries,Granola Bars,1,897.53,0.1,897.53,89.75,807.78,547.94,547.94,259.84,UPI
101957,2025-02-20,CUST2018,Individual,East,Patna,Online,Electronics,Power Bank,1,5178.58,0.0,5178.58,0.0,5178.58,3030.54,3030.54,2148.04,Debit Card
103870,2025-10-19,CUST1385,Individual,West,Ahmedabad,Online,Stationery,Gel Pens Pack,4,414.49,0.0,1657.96,0.0,1657.96,300.44,1201.76,456.2,Debit Card
104137,2025-10-06,CUST4291,Small Business,South,Bengaluru,Distributor,FURNITURE,Standing Desk,1,5606.79,0.1,5606.79,560.68,5046.11,3272.14,3272.14,1773.97,Cash on Delivery
105669,2024-07-15,CUST1623,Individual,East,Patna,Online,Electronics,Wireless Mouse,3,2013.45,0.0,6040.35,0.0,6040.35,1271.54,3814.62,2225.73,Cash on Delivery
105264,2024-12-26,CUST4697,Individual,North,Lucknow,Retail Store,Groceries,Olive Oil,3,821.4,0.0,2464.2,0.0,2464.2,601.97,1805.91,658.29,Credit Card
103137,2024-09-28,CUST3823,Individual,South,Chennai,Online,Apparel,Denim Jacket,4,2937.02,0.0,11748.08,0.0,11748.08,2096.01,8384.04,3364.04,Debit Card
100312,2024-07-22,CUST4918,Individual,Central,Bhopal,Distributor,Stationery,Desk Organizer,5,316.26,0.0,1581.3,0.0,1581.3,203.28,1016.4,564.9,Net Banking
101632,2025-03-09,CUST2203,Individual,West,Pune,Online,Stationery,Gel Pens Pack,2,251.17,0.05,502.34,25.12,477.22,144.19,288.38,188.84,Credit Card
104261,2025-12-12,CUST1537,Enterprise,North,Chandigarh,Online,Groceries,Green Tea Pack,4,779.69,0.15,3118.76,467.81,2650.95,446.43,1785.72,865.23,Net Banking
102068,2025-01-21,CUST1043,Small Business,West,Mumbai,Online,Apparel,Cotton T-Shirt,2,1503.04,0.05,3006.08,150.3,2855.78,989.83,1979.66,876.12,UPI
101427,20/03/2025,CUST4109,Individual,South,Chennai,Online,Electronics,Wireless Mouse,1,1242.85,0.0,1242.85,0.0,1242.85,808.16,808.16,434.69,Credit Card
102003,2025-03-13,CUST3708,Enterprise,Central,Nagpur,Retail Store,Furniture,Bookshelf,-1,11701.23,0.2,35103.69,7020.74,28082.95,7206.95,21620.85,6462.1,UPI
104454,2024-11-13,CUST2951,Individual,Central,Bhopal,Retail Store,Apparel,Rain Jacket,4,1007.45,0.0,4029.8,0.0,4029.8,572.85,2291.4,1738.4,UPI
103811,2024-04-01,CUST1033,Small Business,Central,Raipur,Online,Electronics,Bluetooth Speaker,1,1744.22,0.0,1744.22,0.0,1744.22,1216.71,1216.71,527.51,Cash on Delivery
105933,06-19-2024,CUST3551,Individual,South,Bengaluru,Online,Apparel,Rain Jacket,3,1633.31,0.15,4899.93,734.99,4164.94,1198.06,3594.18,570.76,Debit Card
102338,2025-11-11,CUST1275,Small Business,East,Patna,Online,Electronics,Webcam HD,3,3060.7,0.1,9182.1,918.21,8263.89,2173.17,6519.51,1744.38,UPI
102441,2024-02-06,CUST1985,Small Business,East,Patna,Online,ELECTRONICS,Laptop Stand,1,5924.14,0.05,5924.14,296.21,5627.93,3410.2,3410.2,2217.73,UPI
100129,2025-04-27,CUST4162,Enterprise,South,Hyderabad,Online,Electronics,Power Bank,1,3287.53,0.1,3287.53,328.75,2958.78,2041.09,2041.09,917.69,Net Banking
101010,2024-07-30,CUST1602,Individual,East,Patna,Online,Electronics,Webcam HD,2,2357.49,0.2,4714.98,943.0,3771.98,1597.65,3195.3,576.68,Cash on Delivery
101814,2025-06-11,CUST1788,Small Business,East,Patna,Distributor,Groceries,Organic Coffee,6,294.3,0.15,1765.8,264.87,1500.93,165.69,994.14,506.79,Credit Card
101291,2024-05-06,CUST2600,Enterprise,Central,Raipur,Retail Store,Furniture,Filing Cabinet,1,4579.97,0.0,4579.97,0.0,4579.97,2993.56,2993.56,1586.41,Cash on Delivery
103874,2025-05-21,CUST2525,Individual,Central,Nagpur,Online,Furniture,Bookshelf,3,11512.49,0.15,34537.47,5180.62,29356.85,8418.68,25256.04,4100.81,UPI
102772,2024-09-07,CUST1531,Individual,Central,Nagpur,Online,Apparel,Wool Sweater,1,2130.83,0.0,2130.83,0.0,2130.83,1295.87,1295.87,834.96,Cash on Delivery
100202,2024-11-10,CUST2525,Enterprise,Central,Bhopal,Online,Electronics,Bluetooth Speaker,8,1540.34,0.05,12322.72,616.14,11706.58,1063.1,8504.8,3201.78,Credit Card
105908,2025-12-17,CUST3264,Individual,North,Delhi,Retail Store,Groceries,Olive Oil,9,782.21,0.15,7039.89,1055.98,5983.91,472.87,4255.83,1728.08,Net Banking
105858,2025-01-01,CUST1841,Individual,West,Pune,Distributor,Stationery,Notebook Set,2,490.16,0.0,980.32,0.0,980.32,319.26,638.52,341.8,UPI
100955,2025-12-31,CUST1284,Individual,North,Delhi,Online,Furniture,Filing Cabinet,1,5055.18,0.05,5055.18,252.76,4802.42,3127.71,3127.71,1674.71,Credit Card
102419,2024-01-01,CUST2661,Individual,Central,Bhopal,Online,Apparel,Wool Sweater,2,2744.87,0.0,5489.74,0.0,5489.74,1960.83,3921.66,1568.08,Debit Card
104021,10-21-2024,CUST3271,Enterprise,East,Kolkata,Online,Furniture,Office Chair,2,8223.95,0.0,16447.9,0.0,16447.9,5995.98,11991.96,4455.94,Net Banking
100830,2024-02-01,CUST4768,Individual,West,Pune,Online,Furniture,Desk Lamp,1,4299.41,0.2,4299.41,859.88,3439.53,2649.52,2649.52,790.01,Debit Card
102362,2024-01-20,CUST2833,Small Business,East,Bhubaneswar,Distributor,Furniture,Filing Cabinet,2,3676.86,0.0,7353.72,0.0,7353.72,2422.3,4844.6,2509.12,Credit Card
103908,2024-06-17,CUST3199,Individual,North,Chandigarh,Online,Stationery,Gel Pens Pack,3,431.79,0.0,1295.37,0.0,1295.37,250.58,751.74,543.63,Net Banking
100971,2025-07-07,CUST3254,Individual,South,Bengaluru,Retail Store,Furniture,Desk Lamp,3,3454.44,0.0,10363.32,0.0,10363.32,2075.92,6227.76,4135.56,Cash on Delivery
100203,2025-04-14,CUST2609,Individual,North,Lucknow,Online,Electronics,Webcam HD,3,3752.67,0.0,11258.01,0.0,11258.01,2758.99,8276.97,2981.04,Cash on Delivery
100983,2024-05-20,CUST1474,Individual,South,Bengaluru,Retail Store,Electronics,Wireless Mouse,7,5981.91,0.0,41873.37,0.0,41873.37,3986.49,27905.43,13967.94,UPI
103697,2025-09-20,CUST4698,Individual,Central,Bhopal,Retail Store,Stationery,Gel Pens Pack,2,369.77,0.15,739.54,110.93,628.61,233.88,467.76,160.85,Credit Card
103319,2025-06-11,CUST1255,Enterprise,East,Bhubaneswar,Online,Electronics,Webcam HD,2,4256.93,0.1,8513.86,851.39,7662.47,2819.2,5638.4,2024.07,Cash on Delivery
102381,2025-01-23,CUST3985,Individual,Central,Bhopal,Online,Apparel,Cotton T-Shirt,1,456.09,0.05,456.09,22.8,433.29,275.55,275.55,157.74,Net Banking
102487,2024-03-06,CUST4325,Small Business,West,Ahmedabad,Retail Store,Electronics,Power Bank,7,3268.02,0.1,22876.14,2287.61,20588.53,2027.25,14190.75,6397.78,Net Banking
104956,2025-09-14,CUST3223,Small Business, North  ,Chandigarh,Distributor,Stationery,Whiteboard,7,308.24,0.0,2157.68,0.0,2157.68,195.59,1369.13,788.55,Cash on Delivery
103098,2025-08-09,CUST3967,Individual,West,Ahmedabad,Distributor,Apparel,Cotton T-Shirt,5,1047.8,0.0,5239.0,0.0,5239.0,631.83,3159.15,2079.85,Credit Card
105477,2024-11-11,CUST3852,Enterprise,North,Chandigarh,Online,Stationery,Sticky Notes,6,542.34,0.0,3254.04,0.0,3254.04,331.53,1989.18,1264.86,UPI
103090,2024-01-05,CUST4903,Individual,South,Bengaluru,Online,Apparel,Running Shoes,1,467.71,0.0,467.71,0.0,467.71,271.64,271.64,196.07,UPI
101188,2024-02-21,CUST1725,Individual,Central,Nagpur,Online,Apparel,Cotton T-Shirt,1,1501.16,0.1,1501.16,150.12,1351.04,1018.49,1018.49,332.55,Credit Card
104448,2025-09-21,CUST1812,Small Business,Central,Nagpur,Online,Groceries,Organic Coffee,3,437.88,0.0,1313.64,0.0,1313.64,294.73,884.19,429.45,Net Banking
103920,2024-05-14,CUST2227,Individual,North,Delhi,Online,Electronics,Bluetooth Speaker,1,3965.51,0.1,3965.51,396.55,3568.96,2523.34,2523.34,1045.62,Cash on Delivery
101596,2024-09-18,CUST1825,Individual,South,Bengaluru,Distributor,Apparel,Cotton T-Shirt,3,1628.0,0.2,4884.0,976.8,3907.2,1166.69,3500.07,407.13,Net Banking
104093,2024-03-13,CUST1444,Individual,Central,Bhopal,Online,Furniture,Bookshelf,1,5512.11,0.0,5512.11,0.0,5512.11,3193.87,3193.87,2318.24,Cash on Delivery
100043,2024-03-29,CUST3872,Individual,South,Chennai,Retail Store,Apparel,Wool Sweater,5,1667.63,0.0,8338.15,0.0,8338.15,1210.81,6054.05,2284.1,Cash on Delivery
105944,2024-09-07,CUST3985,Individual,West,Pune,Distributor,Electronics,USB-C Hub,4,848.39,0.0,3393.56,0.0,3393.56,479.67,1918.68,1474.88,Net Banking
103348,2025-04-18,CUST2905,Individual,East,Kolkata,Retail Store,Groceries,Green Tea Pack,1,269.16,0.05,269.16,13.46,255.7,182.31,182.31,73.39,Net Banking
105472,2025-01-14,CUST1123,Enterprise,West,Ahmedabad,Retail Store,Stationery,Desk Organizer,5,667.41,0.05,3337.05,166.85,3170.2,421.9,2109.5,1060.7,Debit Card
101274,2025-02-19,CUST3380,Individual,West,Pune,Online,Stationery,Sticky Notes,5,324.1,0.0,1620.5,0.0,1620.5,182.17,910.85,709.65,Credit Card
102183,2024-06-10,CUST2221,Small Business,South,Bengaluru,Online,Apparel,Cotton T-Shirt,3,1422.53,0.0,4267.59,0.0,4267.59,1047.08,3141.24,1126.35,Debit Card
100575,2025-12-05,CUST4673,Individual,North,Chandigarh,Online,Apparel,Wool Sweater,9,1708.89,0.0,15380.01,0.0,15380.01,1150.54,10354.86,5025.15,Debit Card
101921,2025-07-24,CUST4272,Small Business,West,Pune,Distributor,Groceries,Olive Oil,3,856.31,0.15,2568.93,385.34,2183.59,630.45,1891.35,292.24,Cash on Delivery
105600,2024-05-14,CUST2936,Individual,West,Mumbai,Retail Store,Electronics,Power Bank,1,4685.43,0.0,4685.43,0.0,4685.43,3168.82,3168.82,1516.61,Credit Card
100857,2024-01-07,CUST3352,Individual,North,Delhi,Online,Stationery,Whiteboard,1,485.24,0.0,485.24,0.0,485.24,341.6,341.6,143.64,Cash on Delivery
101809,2025-03-14,CUST4180,Enterprise, Central  ,Raipur,Online,Apparel,Running Shoes,2,1989.33,0.05,3978.66,198.93,3779.73,1286.48,2572.96,1206.77,Net Banking
102621,2024-01-21,CUST3073,Small Business,West,Pune,Online,Apparel,Cotton T-Shirt,2,2770.96,0.1,5541.92,554.19,4987.73,1889.93,3779.86,1207.87,Net Banking
101847,2025-08-27,CUST1068,Individual,West,Ahmedabad,Retail Store,Electronics,USB-C Hub,1,3167.08,0.0,3167.08,0.0,3167.08,1920.53,1920.53,1246.55,Net Banking
104035,2024-06-19,CUST2947,Individual,West,Pune,Retail Store,Stationery,Desk Organizer,2,508.5,0.15,1017.0,152.55,864.45,319.45,638.9,225.55,Debit Card
104200,2025-02-18,CUST2679,Individual,East,Kolkata,Online,Apparel,Denim Jacket,1,582.46,0.0,582.46,0.0,582.46,435.85,435.85,146.61,UPI
104672,2024-05-11,CUST4887,Individual,South,Hyderabad,Retail Store,Groceries,Olive Oil,5,501.1,0.0,2505.5,0.0,2505.5,275.68,1378.4,1127.1,Credit Card
102459,2024-09-28,CUST1235,Individual,West,Ahmedabad,Retail Store,Apparel,Running Shoes,4,1474.35,0.05,5897.4,294.87,5602.53,901.38,3605.52,1997.01,UPI
100989,2025-02-06,CUST3294,Individual,East,Patna,Retail Store,Apparel,Wool Sweater,5,1729.74,0.15,8648.7,1297.31,7351.39,1155.31,5776.55,1574.84,Debit Card
105363,2025-09-02,CUST4056,Enterprise,North,Delhi,Retail Store,Apparel,Rain Jacket,2,2632.09,0.15,5264.18,789.63,4474.55,1463.09,2926.18,1548.37,Net Banking
101434,2025-07-29,CUST2437,Small Business,South,Chennai,Online,Furniture,Desk Lamp,5,4285.15,0.15,21425.75,3213.86,18211.89,2722.97,13614.85,4597.04,Credit Card
104481,2024-08-05,CUST3128,Individual,North,Chandigarh,Retail Store,Electronics,Power Bank,6,5932.5,0.1,35595.0,3559.5,32035.5,3890.2,23341.2,8694.3,Net Banking
104153,2025-09-14,CUST3850,Individual,West,Pune,Retail Store,Stationery,Desk Organizer,3,580.03,0.2,1740.09,348.02,1392.07,421.55,1264.65,127.42,Net Banking
100712,2025-01-21,CUST1168,Individual,Central,Nagpur,Distributor,Electronics,USB-C Hub,1,5533.7,0.0,5533.7,0.0,5533.7,3385.88,3385.88,2147.82,Debit Card
102373,2024-08-12,CUST4591,Small Business,East,Kolkata,Online,Apparel,Running Shoes,6,2216.21,0.2,13297.26,2659.45,10637.81,1479.46,8876.76,1761.05,Debit Card
103851,2025-04-13,CUST4669,Individual,East,Patna,Online,Stationery,Notebook Set,2,91.1,0.2,182.2,36.44,145.76,57.96,115.92,29.84,Credit Card
104452,2025-09-23,CUST1870,Individual,West,Pune,Distributor,Furniture,Desk Lamp,4,11750.55,0.0,47002.2,0.0,47002.2,8811.03,35244.12,11758.08,Net Banking
103566,2024-05-03,CUST2995,Individual,West,Pune,Online,Furniture,Bookshelf,2,13248.32,0.05,26496.64,1324.83,25171.81,7563.08,15126.16,10045.65,Cash on Delivery
101019,2025-11-29,CUST4535,Individual,South,Bengaluru,Retail Store,Apparel,Rain Jacket,6,1697.07,0.1,10182.42,1018.24,9164.18,1035.33,6211.98,2952.2,Cash on Delivery
103888,17-Mar-2025,CUST2994,Individual,South,Bengaluru,Online,Groceries,Granola Bars,2,312.04,0.0,624.08,0.0,624.08,176.64,353.28,270.8,Credit Card
103297,2025-12-04,CUST4009,Small Business,East,Bhubaneswar,Online,Electronics,Power Bank,14,3147.36,0.0,44063.04,0.0,44063.04,2344.31,32820.34,11242.7,Credit Card
102964,2024-10-19,CUST2935,Individual,East,Patna,Distributor,Groceries,Olive Oil,3,327.28,0.1,981.84,98.18,883.66,218.48,655.44,228.22,Debit Card
104404,12-18-2024,CUST4853,Small Business,Central,Bhopal,Distributor,Groceries,Green Tea Pack,4,702.65,0.0,2810.6,0.0,2810.6,444.74,1778.96,1031.64,Debit Card
103462,2024-06-17,CUST4527,Individual,West,Ahmedabad,Online,Groceries,Olive Oil,5,321.51,0.2,1607.55,321.51,1286.04,231.7,1158.5,127.54,Credit Card
104138,2024-12-11,CUST1227,Small Business,East,Kolkata,Online,Stationery,Notebook Set,4,563.54,0.0,2254.16,0.0,2254.16,367.62,1470.48,783.68,Credit Card
105112,2025-03-07,CUST4039,Individual,Central,Bhopal,Retail Store,Groceries,Granola Bars,1,276.58,0.0,276.58,0.0,276.58,169.1,169.1,107.48,Credit Card
104611,2025-01-16,CUST3737,Individual,North,Delhi,Retail Store,Groceries,Organic Coffee,1,563.67,0.05,563.67,28.18,535.49,346.27,346.27,189.22,Debit Card
101682,2025-12-30,CUST2178,Small Business,East,Kolkata,Retail Store,Apparel,Denim Jacket,3,2817.57,0.05,8452.71,422.64,8030.07,2000.4,6001.2,2028.87,UPI
101970,2025-02-04,CUST1187,Enterprise,South,Hyderabad,Online,Electronics,Laptop Stand,1,3260.29,0.05,3260.29,163.01,3097.28,2400.2,2400.2,697.08,Cash on Delivery
104783,2025-04-03,CUST2122,Individual,South,Hyderabad,Online,Apparel,Running Shoes,2,586.98,0.05,1173.96,58.7,1115.26,397.97,795.94,319.32,Credit Card
102052,2024-05-11,CUST1171,Small Business,West,Pune,Online,Furniture,Bookshelf,2,2433.94,0.15,4867.88,730.18,4137.7,1558.44,3116.88,1020.82,Cash on Delivery
104312,2024-08-16,CUST4214,Individual,West,Ahmedabad,Retail Store,Groceries,Olive Oil,5,590.68,0.2,2953.4,590.68,2362.72,434.19,2170.95,191.77,Cash on Delivery
102147,2024-10-22,CUST3920,Small Business,East,Bhubaneswar,Online,Furniture,Standing Desk,3,13595.19,0.1,40785.57,4078.56,36707.01,9678.9,29036.7,7670.31,UPI
102323,2024-02-08,CUST2349,Individual,South,Hyderabad,Online,Furniture,Office Chair,5,8894.8,0.0,44474.0,0.0,44474.0,5305.11,26525.55,17948.45,UPI
102697,2024-09-23,CUST4124,Individual,West,Mumbai,Retail Store,Apparel,Wool Sweater,2,1509.6,0.15,3019.2,452.88,2566.32,919.55,1839.1,727.22,Cash on Delivery
102483,09-22-2024,CUST3683,Individual,South,Hyderabad,Online,Stationery,Sticky Notes,2,385.13,0.15,770.26,115.54,654.72,212.36,424.72,230.0,Cash on Delivery
101371,2024-11-06,CUST4970,Individual,East,Patna,Retail Store,Stationery,Sticky Notes,1,273.77,0.05,273.77,13.69,260.08,196.04,196.04,64.04,Debit Card
101567,2025-07-15,CUST3809,Individual,East,Bhubaneswar,Online,Stationery,Whiteboard,1,177.28,0.0,177.28,0.0,177.28,118.68,118.68,58.6,UPI
103597,2025-01-05,CUST3067,Enterprise,West,Pune,Online,Apparel,Cotton T-Shirt,6,947.93,0.05,5687.58,284.38,5403.2,527.86,3167.16,2236.04,Cash on Delivery
103772,2025-07-29,CUST4941,,Central,,Distributor,Stationery,Sticky Notes,5,613.27,,3066.35,153.32,2913.03,449.7,2248.5,664.53,
105986,2024-11-21,CUST4993,Individual,West,Pune,Online,Furniture,Filing Cabinet,4,6671.4,0.1,26685.6,2668.56,24017.04,3738.13,14952.52,9064.52,Credit Card
104355,04-Mar-2025,CUST4196,Individual, East  ,Patna,Online,Furniture,Office Chair,2,13372.76,0.0,26745.52,0.0,26745.52,7478.59,14957.18,11788.34,Credit Card
101517,2025-04-11,CUST2647,Individual,Central,Nagpur,Retail Store,Electronics,USB-C Hub,3,2887.66,0.0,8662.98,0.0,8662.98,2028.6,6085.8,2577.18,Credit Card
103994,2025-08-20,CUST3367,Individual,South,Bengaluru,Online,Furniture,Desk Lamp,2,9763.21,0.1,19526.42,1952.64,17573.78,6237.98,12475.96,5097.82,Credit Card
105943,2025-05-05,CUST1436,Small Business,East,Bhubaneswar,Online,Stationery,Notebook Set,4,148.16,0.1,592.64,59.26,533.38,103.5,414.0,119.38,Credit Card
102187,2025-07-18,CUST2703,Individual,North,Lucknow,Retail Store,Groceries,Granola Bars,2,316.21,0.0,632.42,0.0,632.42,227.36,454.72,177.7,Credit Card
103309,2024-02-03,CUST4311,Individual,South,Chennai,Online,Apparel,Cotton T-Shirt,5,2357.82,0.0,11789.1,0.0,11789.1,1759.95,8799.75,2989.35,UPI
103732,2025-10-06,CUST4452,Small Business,East,Bhubaneswar,Online,Stationery,Notebook Set,3,219.02,0.1,657.06,65.71,591.35,159.36,478.08,113.27,Credit Card
101038,2025-11-04,CUST1637,Small Business,West,Mumbai,Distributor,Apparel,Running Shoes,1,1150.82,0.15,1150.82,172.62,978.2,648.74,648.74,329.46,UPI
102438,2025-07-03,CUST4595,Individual,West,Ahmedabad,Distributor,Apparel,Denim Jacket,7,1651.6,0.0,11561.2,0.0,11561.2,938.26,6567.82,4993.38,Credit Card
103000,2025-05-06,CUST4627,Individual,West,Ahmedabad,Retail Store,Groceries,Almond Butter,1,193.48,0.15,193.48,29.02,164.46,139.96,139.96,24.5,Cash on Delivery
101511,2024-08-27,CUST1683,Individual,North,Chandigarh,Retail Store,Groceries,Granola Bars,4,853.79,0.05,3415.16,170.76,3244.4,627.45,2509.8,734.6,Credit Card
100412,2025-10-04,CUST3565,Individual,West,Mumbai,Retail Store,Apparel,Running Shoes,5,1340.94,0.0,6704.7,0.0,6704.7,862.01,4310.05,2394.65,UPI
104812,2025-01-13,CUST4908,Small Business,Central,Raipur,Online,Groceries,Granola Bars,2,398.3,0.0,796.6,0.0,796.6,231.37,462.74,333.86,Cash on Delivery
104650,2025-07-27,CUST2979,Enterprise,South,Chennai,Distributor,Apparel,Wool Sweater,3,2516.39,0.15,7549.17,1132.38,6416.79,1563.44,4690.32,1726.47,Cash on Delivery
104076,2025-10-09,CUST4548,Small Business,Central,Bhopal,Online,Electronics,Laptop Stand,2,3270.29,0.15,6540.58,981.09,5559.49,2343.28,4686.56,872.93,Debit Card
101302,01-Oct-2024,CUST3241,Individual,Central,Raipur,Online,Electronics,Wireless Mouse,3,3761.79,0.1,11285.37,1128.54,10156.83,2310.52,6931.56,3225.27,Cash on Delivery
103260,04-09-2024,CUST4734,Small Business,South,Bengaluru,Retail Store,Groceries,Granola Bars,2,744.62,0.0,1489.24,0.0,1489.24,424.4,848.8,640.44,Credit Card
101318,2024-02-13,CUST1436,Enterprise,Central,Nagpur,Retail Store,Apparel,Running Shoes,6,1873.09,0.15,11238.54,1685.78,9552.76,1357.86,8147.16,1405.6,Cash on Delivery
103317,2024-10-22,CUST3042,Small Business,West,Ahmedabad,Online,Groceries,Green Tea Pack,2,616.58,0.0,1233.16,0.0,1233.16,371.18,742.36,490.8,UPI
100778,2025-06-08,CUST4717,Enterprise,East,Patna,Online,Electronics,USB-C Hub,2,3796.25,0.0,7592.5,0.0,7592.5,2454.92,4909.84,2682.66,Net Banking
104935,2025-06-14,CUST3530,Small Business,South,Hyderabad,Online,Groceries,Organic Coffee,6,359.6,0.15,2157.6,323.64,1833.96,259.03,1554.18,279.78,Credit Card
105254,2024-03-23,CUST2033,Individual,West,Ahmedabad,Online,Apparel,Rain Jacket,5,2140.53,0.1,10702.65,1070.27,9632.38,1282.21,6411.05,3221.33,UPI
102368,2025-07-03,CUST2678,Individual,Central,Bhopal,Retail Store,Electronics,Webcam HD,2,3434.73,0.0,6869.46,0.0,6869.46,2396.94,4793.88,2075.58,UPI
102477,2025-11-03,CUST4565,Small Business, Central  ,Raipur,Online,Stationery,Notebook Set,3,87.82,0.0,263.46,0.0,263.46,63.43,190.29,73.17,Debit Card
104170,2025-06-23,CUST4472,Small Business,South,Chennai,Retail Store,Apparel,Running Shoes,2,804.53,0.0,1609.06,0.0,1609.06,597.94,1195.88,413.18,Cash on Delivery
100026,2024-07-16,CUST4942,Individual,East,Kolkata,Distributor,Groceries,Almond Butter,3,398.36,0.0,1195.08,0.0,1195.08,233.32,699.96,495.12,Net Banking
103393,2025-11-22,CUST3109,Small Business,North,Lucknow,Distributor,Furniture,Standing Desk,4,8747.77,0.0,34991.08,0.0,34991.08,5867.52,23470.08,11521.0,UPI
101409,2024-04-12,CUST3673,Individual,Central,Bhopal,Online,Electronics,Webcam HD,3,3044.43,0.05,9133.29,456.66,8676.63,1947.61,5842.83,2833.8,Net Banking
101140,2025-03-14,CUST2145,Individual,East,Bhubaneswar,Online,Groceries,Organic Coffee,3,679.58,0.15,2038.74,305.81,1732.93,495.17,1485.51,247.42,Cash on Delivery
100506,2025-10-24,CUST2525,Enterprise,South,Bengaluru,Retail Store,Apparel,Running Shoes,3,2570.51,0.0,7711.53,0.0,7711.53,1457.6,4372.8,3338.73,Cash on Delivery
101561,2024-05-15,CUST1531,Individual,South,Chennai,Retail Store,Groceries,Green Tea Pack,-1,711.78,0.1,2847.12,284.71,2562.41,434.36,1737.44,824.97,Debit Card
101121,2025-12-20,CUST4522,Individual,West,Pune,Retail Store,STATIONERY,Desk Organizer,1,331.15,0.2,331.15,66.23,264.92,235.62,235.62,29.3,Credit Card
100602,2024-12-07,CUST2382,Small Business,South,Hyderabad,Retail Store,Furniture,Standing Desk,1,5888.32,0.0,5888.32,0.0,5888.32,3883.87,3883.87,2004.45,UPI
103942,2025-04-07,CUST2678,Small Business,South,Bengaluru,Distributor,Apparel,Rain Jacket,1,1178.19,0.15,1178.19,176.73,1001.46,662.48,662.48,338.98,UPI
102738,2024-07-13,CUST4845,Individual,East,Kolkata,Online,Apparel,Denim Jacket,6,2856.11,0.0,17136.66,0.0,17136.66,1875.53,11253.18,5883.48,Net Banking
103852,2025-07-06,CUST3563,Individual,Central,Bhopal,Online,Furniture,Standing Desk,2,9722.97,0.2,19445.94,3889.19,15556.75,6421.57,12843.14,2713.61,Credit Card
102614,2025-06-30,CUST3825,Small Business,North,Chandigarh,Online,Stationery,Sticky Notes,1,283.74,0.05,283.74,14.19,269.55,177.25,177.25,92.3,UPI
100349,2024-10-09,CUST4934,Enterprise,East,Patna,Distributor,Electronics,Power Bank,3,5735.41,0.15,17206.23,2580.93,14625.3,3592.9,10778.7,3846.6,Credit Card
105941,2025-03-21,CUST4014,Individual,North,Lucknow,Online,Stationery,Desk Organizer,3,309.21,0.2,927.63,185.53,742.1,210.9,632.7,109.4,Credit Card
105471,2025-05-16,CUST3024,Individual,Central,Nagpur,Retail Store,Furniture,Desk Lamp,3,3235.34,0.0,9706.02,0.0,9706.02,2263.8,6791.4,2914.62,UPI
105622,2025-08-29,CUST2353,Individual,West,Pune,Retail Store,Stationery,Notebook Set,3,406.85,0.0,1220.55,0.0,1220.55,249.85,749.55,471.0,Credit Card
104876,2024-09-10,CUST1858,Individual,West,Ahmedabad,Online,Furniture,Filing Cabinet,4,5560.76,0.2,22243.04,4448.61,17794.43,3642.24,14568.96,3225.47,Debit Card
100630,2025-03-15,CUST4317,Individual, South  ,Hyderabad,Online,Furniture,Desk Lamp,2,5425.9,0.05,10851.8,542.59,10309.21,3750.88,7501.76,2807.45,UPI
104972,2025-09-09,CUST4165,Individual,North,Delhi,Online,Groceries,Green Tea Pack,5,896.72,0.0,4483.6,0.0,4483.6,583.12,2915.6,1568.0,Cash on Delivery
102549,2024-08-10,CUST1521,Individual,South,Bengaluru,Online,Furniture,Filing Cabinet,3,11222.83,0.15,33668.49,5050.27,28618.22,7954.3,23862.9,4755.32,UPI
104781,2025-07-17,CUST4481,Individual,Central,Nagpur,Online,Groceries,Green Tea Pack,2,820.23,0.15,1640.46,246.07,1394.39,530.88,1061.76,332.63,UPI
100409,2025-02-15,CUST1675,Small Business,Central,Raipur,Online,Apparel,Cotton T-Shirt,1,713.94,0.15,713.94,107.09,606.85,445.49,445.49,161.36,UPI
103392,2024-01-13,CUST1786,Individual,South,Chennai,Online,Groceries,Organic Coffee,1,612.21,0.1,612.21,61.22,550.99,425.44,425.44,125.55,Debit Card
100165,2025-08-08,CUST2010,Individual,West,Mumbai,Online,Stationery,Gel Pens Pack,2,565.25,0.0,1130.5,0.0,1130.5,339.34,678.68,451.82,Net Banking
105613,2025-03-29,CUST4901,Enterprise, East  ,Kolkata,Online,Furniture,Standing Desk,1,12464.2,0.0,12464.2,0.0,12464.2,9299.34,9299.34,3164.86,UPI
102337,2024-05-16,CUST2036,Individual,North,Lucknow,Online,Electronics,USB-C Hub,4,4092.16,0.1,16368.64,1636.86,14731.78,2526.86,10107.44,4624.34,UPI
104050,2024-01-26,CUST1858,Individual,North,Delhi,Retail Store,Stationery,Desk Organizer,1,684.8,0.0,684.8,0.0,684.8,399.58,399.58,285.22,Debit Card
102427,2025-11-13,CUST4025,Individual,West,Ahmedabad,Retail Store,Apparel,Cotton T-Shirt,6,2578.34,0.05,15470.04,773.5,14696.54,1771.64,10629.84,4066.7,Cash on Delivery
101088,2024-12-29,CUST4598,Individual,East,Bhubaneswar,Online,Furniture,Desk Lamp,8,3838.41,0.1,30707.28,3070.73,27636.55,2469.21,19753.68,7882.87,Credit Card
103771,2025-04-24,CUST3089,Individual,North,Delhi,Online,Groceries,Organic Coffee,1,556.57,0.05,556.57,27.83,528.74,307.62,307.62,221.12,Debit Card
104391,2025-09-07,CUST2638,Individual,Central,Raipur,Online,Groceries,Granola Bars,5,527.54,0.0,2637.7,0.0,2637.7,357.95,1789.75,847.95,Credit Card
102915,2024-03-08,CUST2164,Individual,South,Bengaluru,Online,Groceries,Almond Butter,4,731.11,0.2,2924.44,584.89,2339.55,514.19,2056.76,282.79,UPI
102861,2025-05-14,CUST1453,Individual,Central,Raipur,Online,Furniture,Office Chair,2,9620.53,0.1,19241.06,1924.11,17316.95,6822.02,13644.04,3672.91,UPI
102364,2024-01-12,CUST1184,Small Business,North,Chandigarh,Online,Furniture,Standing Desk,2,11415.08,0.0,22830.16,0.0,22830.16,6429.76,12859.52,9970.64,Net Banking
104625,2025-09-30,CUST3797,Individual,South,Hyderabad,Online,Electronics,Webcam HD,2,5054.6,0.15,10109.2,1516.38,8592.82,3236.4,6472.8,2120.02,Net Banking
103882,2025-03-24,CUST1895,Individual,West,Pune,Online,Groceries,Organic Coffee,4,244.25,0.2,977.0,195.4,781.6,152.7,610.8,170.8,Cash on Delivery
104124,2024-01-19,CUST4872,Small Business,Central,Nagpur,Retail Store,Groceries,Almond Butter,5,530.7,0.0,2653.5,0.0,2653.5,389.52,1947.6,705.9,Net Banking
104895,2025-05-31,CUST2744,Individual,East,Patna,Online,Apparel,Cotton T-Shirt,3,1669.58,0.05,5008.74,250.44,4758.3,941.54,2824.62,1933.68,UPI
100275,2024-01-18,CUST2234,Individual,Central,Bhopal,Retail Store,Groceries,Organic Coffee,1,418.28,0.0,418.28,0.0,418.28,295.88,295.88,122.4,Debit Card
101073,2025-09-13,CUST1840,Individual,South,Hyderabad,Retail Store,Stationery,Notebook Set,2,107.29,0.05,214.58,10.73,203.85,77.25,154.5,49.35,Net Banking
104785,2024-01-09,CUST1569,Small Business,South,Hyderabad,Online,Furniture,Standing Desk,1,2769.61,0.0,2769.61,0.0,2769.61,1875.04,1875.04,894.57,Debit Card
100676,2025-01-14,CUST2375,Small Business,East,Patna,Online,Apparel,Cotton T-Shirt,1,1467.01,0.1,1467.01,146.7,1320.31,1092.65,1092.65,227.66,Credit Card
105360,2025-05-11,CUST4957,Individual,Central,Raipur,Online,Apparel,Wool Sweater,1,2951.02,0.0,2951.02,0.0,2951.02,1674.19,1674.19,1276.83,Credit Card
103383,2025-09-06,CUST3335,Individual,North,Delhi,Retail Store,Apparel,Denim Jacket,4,633.49,0.05,2533.96,126.7,2407.26,389.03,1556.12,851.14,UPI
103705,2024-02-11,CUST3339,Individual,South,Bengaluru,Distributor,Stationery,Gel Pens Pack,4,302.8,0.2,1211.2,242.24,968.96,169.53,678.12,290.84,Net Banking
100586,2025-02-11,CUST4082,Small Business,Central,Bhopal,Distributor,Stationery,Notebook Set,1,317.33,0.0,317.33,0.0,317.33,221.11,221.11,96.22,UPI
100838,2025-05-10,CUST3615,Individual,North,Chandigarh,Online,Groceries,Organic Coffee,1,637.5,0.05,637.5,31.88,605.62,423.22,423.22,182.4,UPI
104400,2025-04-14,CUST1799,Individual, West  ,Ahmedabad,Online,Apparel,Running Shoes,1,1551.89,0.0,1551.89,0.0,1551.89,1067.74,1067.74,484.15,Credit Card
102616,2024-03-09,CUST2465,Individual,South,Chennai,Online,Furniture,Bookshelf,1,14308.55,0.1,14308.55,1430.86,12877.69,10052.82,10052.82,2824.87,Net Banking
102966,2025-09-18,CUST2570,Small Business,West,Ahmedabad,Retail Store,Groceries,Almond Butter,1,366.11,0.15,366.11,54.92,311.19,225.35,225.35,85.84,UPI
101438,2024-05-09,CUST2130,Individual,West,Pune,Distributor,Groceries,Green Tea Pack,1,848.91,0.0,848.91,0.0,848.91,612.22,612.22,236.69,Debit Card
101554,2025-03-31,CUST3958,Small Business,North,Delhi,Online,Stationery,Desk Organizer,5,519.76,0.0,2598.8,0.0,2598.8,375.99,1879.95,718.85,UPI
100817,2025-03-17,CUST2564,Individual,West,Ahmedabad,Retail Store,Apparel,Running Shoes,3,499.55,0.2,1498.65,299.73,1198.92,362.88,1088.64,110.28,Debit Card
101244,2024-12-11,CUST4649,Enterprise,Central,Bhopal,Online,Furniture,Filing Cabinet,4,11689.31,0.15,46757.24,7013.59,39743.65,8758.7,35034.8,4708.85,Net Banking
104313,2024-01-08,CUST4976,Small Business,West,Mumbai,Distributor,FURNITURE,Desk Lamp,3,2369.91,0.2,7109.73,1421.95,5687.78,1702.39,5107.17,580.61,Cash on Delivery
100303,2024-01-29,CUST2176,Small Business,East,Kolkata,Online,Groceries,Organic Coffee,5,537.38,0.2,2686.9,537.38,2149.52,323.86,1619.3,530.22,UPI
102620,2024-08-26,CUST3125,Individual,North,Delhi,Retail Store,Stationery,Whiteboard,4,532.17,0.0,2128.68,0.0,2128.68,390.88,1563.52,565.16,Net Banking
105656,2025-07-28,CUST4381,Small Business,North,Delhi,Online,Furniture,Standing Desk,1,5707.84,0.0,5707.84,0.0,5707.84,3576.04,3576.04,2131.8,Debit Card
102679,2024-05-13,CUST1307,Small Business,Central,Nagpur,Online,Groceries,Almond Butter,2,599.45,0.05,1198.9,59.95,1138.95,439.09,878.18,260.77,UPI
102486,2024-06-10,CUST2289,Small Business,East,Kolkata,Online,Electronics,Bluetooth Speaker,5,3577.65,0.0,17888.25,0.0,17888.25,1997.37,9986.85,7901.4,UPI
103937,2025-04-16,CUST3303,Enterprise,East,Patna,Online,Apparel,Cotton T-Shirt,4,512.76,0.15,2051.04,307.66,1743.38,337.91,1351.64,391.74,Net Banking
105934,2024-09-13,CUST4965,Enterprise,West,Mumbai,Retail Store,Stationery,Gel Pens Pack,4,540.27,0.05,2161.08,108.05,2053.03,314.01,1256.04,796.99,Debit Card
103163,2025-05-11,CUST2860,Individual,Central,Nagpur,Distributor,Groceries,Green Tea Pack,1,824.71,0.2,824.71,164.94,659.77,551.91,551.91,107.86,Debit Card
101064,2024-04-09,CUST4240,Small Business,North,Lucknow,Online,Electronics,USB-C Hub,4,5426.97,0.0,21707.88,0.0,21707.88,3859.03,15436.12,6271.76,Net Banking
100873,2025-07-17,CUST4440,Enterprise,East,Patna,Online,Apparel,Denim Jacket,3,1712.28,0.1,5136.84,513.68,4623.16,1008.49,3025.47,1597.69,Debit Card
102820,2024-10-23,CUST4789,Small Business,West,Ahmedabad,Online,Stationery,Desk Organizer,3,577.74,0.2,1733.22,346.64,1386.58,383.87,1151.61,234.97,Cash on Delivery
105249,2024-03-05,CUST2048,Small Business,East,Bhubaneswar,Distributor,Electronics,USB-C Hub,4,5148.43,0.2,20593.72,4118.74,16474.98,3213.58,12854.32,3620.66,Cash on Delivery
100953,2024-04-20,CUST2291,Individual,East,Kolkata,Retail Store,Apparel,Wool Sweater,3,444.09,0.05,1332.27,66.61,1265.66,277.01,831.03,434.63,Cash on Delivery
100160,2025-12-30,CUST3051,Small Business,East,Kolkata,Retail Store,Groceries,Organic Coffee,4,716.71,0.15,2866.84,430.03,2436.81,497.99,1991.96,444.85,Debit Card
100924,2025-01-28,CUST4280,Individual,South,Chennai,Online,Stationery,Whiteboard,1,176.63,0.05,176.63,8.83,167.8,117.46,117.46,50.34,UPI
102771,2024-04-16,CUST4840,Individual,North,Delhi,Retail Store,Furniture,Office Chair,3,3176.17,0.05,9528.51,476.43,9052.08,1850.01,5550.03,3502.05,Cash on Delivery
104156,2024-11-23,CUST1100,Individual,West,Pune,Online,Furniture,Bookshelf,6,14619.61,0.0,87717.66,0.0,87717.66,10051.1,60306.6,27411.06,UPI
105945,2024-07-28,CUST1625,Individual,South,Hyderabad,Distributor,Stationery,Gel Pens Pack,2,250.54,0.0,501.08,0.0,501.08,169.73,339.46,161.62,Cash on Delivery
104335,2024-12-25,CUST3748,Enterprise,West,Mumbai,Online,Apparel,Rain Jacket,4,658.8,0.0,2635.2,0.0,2635.2,372.6,1490.4,1144.8,UPI
101976,2025-10-02,CUST2953,Individual,Central,Bhopal,Online,Groceries,Green Tea Pack,1,718.82,0.2,718.82,143.76,575.06,462.88,462.88,112.18,Credit Card
104120,2024-06-27,CUST2517,Small Business,West,Ahmedabad,Online,Apparel,Denim Jacket,2,1629.09,0.05,3258.18,162.91,3095.27,1045.44,2090.88,1004.39,Credit Card
104889,2025-01-09,CUST1633,Individual,Central,Nagpur,Online,Furniture,Bookshelf,1,13847.55,0.05,13847.55,692.38,13155.17,8609.48,8609.48,4545.69,Credit Card
103736,2025-02-25,CUST2777,Individual,South,Hyderabad,Retail Store,Stationery,Gel Pens Pack,1,508.55,0.15,508.55,76.28,432.27,352.82,352.82,79.45,Cash on Delivery
102395,2024-06-07,CUST2254,Individual,Central,Nagpur,Online,Groceries,Granola Bars,5,577.43,0.0,2887.15,0.0,2887.15,424.58,2122.9,764.25,UPI
105214,2025-12-29,CUST1000,Small Business,Central,Nagpur,Distributor,Electronics,Laptop Stand,6,4147.8,0.0,24886.8,0.0,24886.8,3028.07,18168.42,6718.38,Net Banking
103604,2025-05-05,CUST3823,Small Business,Central,Raipur,Online,Apparel,Denim Jacket,1,846.57,0.0,846.57,0.0,846.57,582.79,582.79,263.78,UPI
102057,2025-09-12,CUST3843,Small Business,South,Hyderabad,Online,Apparel,Denim Jacket,2,560.46,0.0,1120.92,0.0,1120.92,366.49,732.98,387.94,Cash on Delivery
104325,2025-07-21,CUST2523,Individual,Central,Raipur,Online,Electronics,Power Bank,2,1268.3,0.05,2536.6,126.83,2409.77,920.42,1840.84,568.93,Net Banking
100490,2025-01-11,CUST1165,Individual,West,Pune,Distributor,Stationery,Gel Pens Pack,2,195.54,0.15,391.08,58.66,332.42,124.21,248.42,84.0,Cash on Delivery
103714,2024-06-15,CUST4947,Enterprise,Central,Bhopal,Retail Store,Apparel,Wool Sweater,5,1141.45,0.15,5707.25,856.09,4851.16,781.92,3909.6,941.56,UPI
100386,01-03-2025,CUST4301,Individual,East,,Online,Groceries,Green Tea Pack,5,477.55,0.0,2387.75,0.0,2387.75,275.76,1378.8,1008.95,
103489,2025-04-16,CUST2011,Small Business,South,Bengaluru,Online,APPAREL,Rain Jacket,3,2870.47,0.0,8611.41,0.0,8611.41,1775.49,5326.47,3284.94,UPI
102284,2024-01-31,CUST3838,Small Business,Central,Bhopal,Retail Store,Apparel,Wool Sweater,1,1023.01,0.1,1023.01,102.3,920.71,581.67,581.67,339.04,UPI
104112,2025-08-24,CUST3837,Small Business,Central,Raipur,Online,Stationery,Whiteboard,3,322.77,0.1,968.31,96.83,871.48,215.1,645.3,226.18,Net Banking
101825,2025-03-19,CUST2606,Individual,North,Chandigarh,Retail Store,Stationery,Notebook Set,1,669.68,0.05,669.68,33.48,636.2,382.07,382.07,254.13,Credit Card
104366,2024-09-06,CUST4960,Individual,North,Delhi,Distributor,Stationery,Notebook Set,1,287.27,0.15,287.27,43.09,244.18,166.61,166.61,77.57,UPI
104420,15/05/2024,CUST1452,Small Business,East,Bhubaneswar,Online,Groceries,Organic Coffee,4,451.39,0.0,1805.56,0.0,1805.56,252.51,1010.04,795.52,Cash on Delivery
101589,2024-06-16,CUST3851,Enterprise,Central,Raipur,Retail Store,Furniture,Standing Desk,5,12747.24,0.05,63736.2,3186.81,60549.39,8914.2,44571.0,15978.39,Net Banking
100154,2025-07-13,CUST1278,Individual,Central,Raipur,Distributor,Groceries,Green Tea Pack,1,723.25,0.2,723.25,144.65,578.6,489.02,489.02,89.58,Debit Card
103349,2024-01-21,CUST3640,Individual,East,Patna,Online,Furniture,Bookshelf,3,14539.62,0.0,43618.86,0.0,43618.86,8220.46,24661.38,18957.48,UPI
105783,2024-08-03,CUST4711,Individual,Central,Bhopal,Retail Store,Groceries,Organic Coffee,5,661.32,0.0,3306.6,0.0,3306.6,408.49,2042.45,1264.15,Debit Card
101752,2024-05-07,CUST1380,Individual,West,Pune,Online,Groceries,Organic Coffee,4,861.75,0.05,3447.0,172.35,3274.65,534.44,2137.76,1136.89,Debit Card
101232,2025-08-08,CUST2577,Individual,North,Chandigarh,Online,Apparel,Denim Jacket,3,1587.99,0.0,4763.97,0.0,4763.97,1028.47,3085.41,1678.56,Debit Card
104090,2025-10-03,CUST1566,Individual,West,Mumbai,Distributor,Apparel,Wool Sweater,4,2254.75,0.0,9019.0,0.0,9019.0,1351.48,5405.92,3613.08,UPI
103161,2024-06-23,CUST3752,Small Business,North,Delhi,Online,Apparel,Denim Jacket,3,895.77,0.0,2687.31,0.0,2687.31,590.24,1770.72,916.59,UPI
100964,02-24-2024,CUST4818,Individual,South,Chennai,Retail Store,Apparel,Denim Jacket,2,2403.15,0.0,4806.3,0.0,4806.3,1541.35,3082.7,1723.6,Net Banking
104594,2025-12-11,CUST3383,Individual,West,Mumbai,Retail Store,Groceries,Almond Butter,1,256.28,0.0,256.28,0.0,256.28,157.98,157.98,98.3,Debit Card
100353,2025-09-02,CUST1791,Individual,North,Chandigarh,Online,Furniture,Standing Desk,4,8093.93,0.05,32375.72,1618.79,30756.93,4674.27,18697.08,12059.85,Cash on Delivery
101839,2025-10-20,CUST4926,Individual,East,Bhubaneswar,Online,Electronics,Webcam HD,2,2656.76,0.0,5313.52,0.0,5313.52,1740.36,3480.72,1832.8,Cash on Delivery
103946,2024-12-16,CUST1453,Individual,West,Pune,Online,Apparel,Cotton T-Shirt,6,2198.69,0.05,13192.14,659.61,12532.53,1450.4,8702.4,3830.13,Cash on Delivery
104841,2024-07-18,CUST2399,Enterprise,North,Delhi,Distributor,Groceries,Organic Coffee,6,151.63,0.1,909.78,90.98,818.8,105.19,631.14,187.66,Cash on Delivery
100002,2024-07-22,CUST1396,Small Business,South,Chennai,Retail Store,Stationery,Whiteboard,1,553.37,0.0,553.37,0.0,553.37,314.62,314.62,238.75,Credit Card
105155,2024-06-23,CUST4530,Small Business,Central,Raipur,Online,Groceries,Green Tea Pack,1,354.12,0.0,354.12,0.0,354.12,216.39,216.39,137.73,Credit Card
104382,2025-03-21,CUST3721,Enterprise,North,Lucknow,Online,Groceries,Organic Coffee,3,569.87,0.0,1709.61,0.0,1709.61,359.75,1079.25,630.36,Credit Card
105805,2024-05-01,CUST2261,Individual,South,Chennai,Retail Store,Electronics,Laptop Stand,2,839.63,0.0,1679.26,0.0,1679.26,623.27,1246.54,432.72,Net Banking
100784,2025-07-14,CUST3143,Small Business,North,Chandigarh,Online,Groceries,Olive Oil,5,817.16,0.0,4085.8,0.0,4085.8,472.57,2362.85,1722.95,Net Banking
104880,2025-11-19,CUST2048,Small Business,East,Patna,Retail Store,Electronics,Power Bank,4,1535.6,0.0,6142.4,0.0,6142.4,884.7,3538.8,2603.6,Cash on Delivery
102397,2025-03-25,CUST2890,Enterprise,South,Bengaluru,Distributor,Electronics,Webcam HD,4,1639.29,0.05,6557.16,327.86,6229.3,1028.64,4114.56,2114.74,Net Banking
104862,2025-08-29,CUST4904,Small Business,South,Chennai,Retail Store,Furniture,Standing Desk,2,7610.97,0.05,15221.94,761.1,14460.84,4358.48,8716.96,5743.88,UPI
100069,2024-05-15,CUST1308,Individual,Central,Raipur,Distributor,Stationery,Sticky Notes,5,290.0,0.0,1450.0,0.0,1450.0,186.66,933.3,516.7,UPI
100404,2024-12-14,CUST4625,Individual,East,Bhubaneswar,Online,Electronics,Laptop Stand,6,2797.65,0.0,16785.9,0.0,16785.9,1810.92,10865.52,5920.38,Debit Card
103435,2024-09-08,CUST4972,Individual,South,Hyderabad,Retail Store,Groceries,Organic Coffee,1,616.33,0.15,616.33,92.45,523.88,408.55,408.55,115.33,Credit Card
102549,2024-08-10,CUST1521,Individual,South,Bengaluru,Online,Furniture,Filing Cabinet,3,11222.83,0.15,33668.49,5050.27,28618.22,7954.3,23862.9,4755.32,UPI
105412,2025-02-14,CUST3340,Individual,Central,Raipur,Retail Store,Furniture,Desk Lamp,3,2853.13,0.2,8559.39,1711.88,6847.51,2133.49,6400.47,447.04,UPI
104274,2025-06-16,CUST2270,Small Business,West,Mumbai,Retail Store,Furniture,Filing Cabinet,2,3581.42,0.0,7162.84,0.0,7162.84,2255.77,4511.54,2651.3,Net Banking
103429,2024-03-03,CUST2313,Individual,Central,Bhopal,Online,Stationery,Whiteboard,2,479.83,0.0,959.66,0.0,959.66,304.9,609.8,349.86,Debit Card
102140,2024-01-31,CUST1078,Individual,North,Chandigarh,Retail Store,Stationery,Desk Organizer,1,610.8,0.2,610.8,122.16,488.64,430.45,430.45,58.19,Net Banking
101201,2024-11-17,CUST1556,Individual,South,Bengaluru,Online,Furniture,Filing Cabinet,1,6926.78,0.1,6926.78,692.68,6234.1,4226.91,4226.91,2007.19,Net Banking
102916,2025-06-12,CUST2436,Individual,North,Chandigarh,Retail Store,Stationery,Notebook Set,1,241.85,0.0,241.85,0.0,241.85,165.84,165.84,76.01,Cash on Delivery
102301,2024-05-22,CUST4758,Small Business,South,Chennai,Retail Store,Electronics,Power Bank,1,1548.66,0.15,1548.66,232.3,1316.36,1113.63,1113.63,202.73,Cash on Delivery
101757,2024-06-25,CUST4621,Individual, South  ,Chennai,Retail Store,Groceries,Olive Oil,1,366.21,0.2,366.21,73.24,292.97,225.34,225.34,67.63,Debit Card
103487,01-09-2024,CUST3123,Small Business,North,Lucknow,Online,Electronics,Webcam HD,2,2460.92,0.0,4921.84,0.0,4921.84,1416.85,2833.7,2088.14,Cash on Delivery
101578,2025-08-12,CUST3420,Individual,North,Delhi,Online,Electronics,USB-C Hub,3,4951.56,0.15,14854.68,2228.2,12626.48,2793.28,8379.84,4246.64,UPI
102720,2024-09-06,CUST3183,Individual,North,Delhi,Online,Apparel,Running Shoes,2,431.04,0.2,862.08,172.42,689.66,306.3,612.6,77.06,Cash on Delivery
102242,2024-12-21,CUST1615,Enterprise,West,Ahmedabad,Online,Stationery,Whiteboard,3,387.63,0.0,1162.89,0.0,1162.89,242.86,728.58,434.31,UPI
102775,2024-10-27,CUST1609,Individual,North,Chandigarh,Distributor,Furniture,Office Chair,3,12487.02,0.15,37461.06,5619.16,31841.9,7711.83,23135.49,8706.41,Net Banking
101508,2025-05-27,CUST1902,Individual,West,Ahmedabad,Distributor,Apparel,Running Shoes,4,2428.6,0.0,9714.4,0.0,9714.4,1618.2,6472.8,3241.6,UPI
103750,2024-03-07,CUST3738,Individual,South,Chennai,Distributor,APPAREL,Running Shoes,2,568.55,0.0,1137.1,0.0,1137.1,377.6,755.2,381.9,Net Banking
102494,2025-12-01,CUST3186,Individual,East,Kolkata,Distributor,Electronics,Bluetooth Speaker,3,3415.75,0.2,10247.25,2049.45,8197.8,2141.08,6423.24,1774.56,Debit Card
105110,29-Jun-2025,CUST2098,Individual,West,Pune,Retail Store,Electronics,Wireless Mouse,3,4054.23,0.2,12162.69,2432.54,9730.15,2778.15,8334.45,1395.7,Cash on Delivery
100539,2025-04-02,CUST2768,Individual,North,Delhi,Distributor,Stationery,Notebook Set,2,353.99,0.0,707.98,0.0,707.98,237.93,475.86,232.12,Cash on Delivery
101331,2025-07-03,CUST2614,Small Business,West,Ahmedabad,Online,Groceries,Green Tea Pack,1,752.0,0.15,752.0,112.8,639.2,465.22,465.22,173.98,Debit Card
102304,2025-12-18,CUST2621,Small Business,West,Pune,Online,Apparel,Cotton T-Shirt,4,2637.78,0.0,10551.12,0.0,10551.12,1593.96,6375.84,4175.28,Credit Card
102500,2024-03-23,CUST3011,Individual,East,Kolkata,Distributor,Stationery,Desk Organizer,2,156.27,0.05,312.54,15.63,296.91,94.48,188.96,107.95,Net Banking
101613,2024-09-26,CUST1469,Small Business,West,Pune,Online,Stationery,Desk Organizer,1,448.08,0.15,448.08,67.21,380.87,256.19,256.19,124.68,Credit Card
101489,2024-03-05,CUST4487,Individual,East,Patna,Online,Apparel,Denim Jacket,3,1912.91,0.2,5738.73,1147.75,4590.98,1070.99,3212.97,1378.01,Credit Card
102019,2024-09-29,CUST4261,Small Business,West,Mumbai,Online,Groceries,Green Tea Pack,2,259.32,0.0,518.64,0.0,518.64,146.38,292.76,225.88,UPI
101745,2024-09-19,CUST3036,Individual,East,Bhubaneswar,Online,Groceries,Organic Coffee,1,734.82,0.2,734.82,146.96,587.86,494.22,494.22,93.64,Credit Card
104828,2024-09-12,CUST4465,Small Business,West,Mumbai,Online,Furniture,Filing Cabinet,4,11651.59,0.1,46606.36,4660.64,41945.72,6448.4,25793.6,16152.12,Debit Card
105685,2024-09-17,CUST1537,Individual,West,Mumbai,Distributor,Groceries,Organic Coffee,2,588.47,0.1,1176.94,117.69,1059.25,416.31,832.62,226.63,Net Banking
105489,2024-12-05,CUST4033,Small Business,South,Bengaluru,Retail Store,Stationery,Desk Organizer,1,608.49,0.05,608.49,30.42,578.07,346.42,346.42,231.65,Cash on Delivery
105900,2025-07-10,CUST1353,Small Business,East,Bhubaneswar,Online,Groceries,Green Tea Pack,1,806.66,0.2,806.66,161.33,645.33,486.57,486.57,158.76,Credit Card
104607,2025-03-17,CUST1338,Small Business,North,Lucknow,Online,Groceries,Almond Butter,4,187.63,0.15,750.52,112.58,637.94,136.58,546.32,91.62,Net Banking
101394,2025-09-25,CUST1352,Enterprise,North,Lucknow,Online,Electronics,Power Bank,2,5878.18,0.05,11756.36,587.82,11168.54,4015.57,8031.14,3137.4,Net Banking
101509,2025-05-03,CUST1869,Individual,East,Bhubaneswar,Online,Stationery,Notebook Set,6,393.22,0.1,2359.32,235.93,2123.39,236.87,1421.22,702.17,Net Banking
101195,2024-12-06,CUST4226,Individual,East,Patna,Retail Store,Electronics,Bluetooth Speaker,6,1447.76,0.0,8686.56,0.0,8686.56,875.49,5252.94,3433.62,Cash on Delivery
105218,2024-05-24,CUST2407,Small Business,South,Bengaluru,Distributor,Furniture,Office Chair,6,3692.98,0.15,22157.88,3323.68,18834.2,2675.35,16052.1,2782.1,Debit Card
105798,2024-05-16,CUST1549,Individual,Central,Nagpur,Online,Stationery,Notebook Set,1,246.51,0.2,246.51,49.3,197.21,139.11,139.11,58.1,Cash on Delivery
103801,2024-04-19,CUST2912,Individual,Central,Bhopal,Online,Stationery,Sticky Notes,5,337.27,0.0,1686.35,0.0,1686.35,249.66,1248.3,438.05,Net Banking
105137,2024-09-12,CUST4497,Individual,West,Pune,Distributor,Groceries,Green Tea Pack,1,257.01,0.0,257.01,0.0,257.01,191.48,191.48,65.53,UPI
104678,2025-01-07,CUST1249,Individual,West,Pune,Retail Store,Furniture,Bookshelf,3,14341.67,0.0,43025.01,0.0,43025.01,8878.25,26634.75,16390.26,Cash on Delivery
105560,2024-12-22,CUST1890,Small Business,North,Lucknow,Online,Groceries,Green Tea Pack,3,568.07,0.1,1704.21,170.42,1533.79,329.34,988.02,545.77,Debit Card
101932,2024-09-21,CUST1993,Individual,West,Ahmedabad,Online,Furniture,Office Chair,3,13439.41,0.0,40318.23,0.0,40318.23,8751.34,26254.02,14064.21,UPI
102813,2024-02-10,CUST3764,Individual,East,Bhubaneswar,Online,Groceries,Granola Bars,3,414.68,0.0,1244.04,0.0,1244.04,233.04,699.12,544.92,Debit Card
103975,2024-10-15,CUST4238,Small Business,North,Chandigarh,Retail Store,Stationery,Whiteboard,3,166.33,0.0,498.99,0.0,498.99,115.17,345.51,153.48,UPI
102540,2025-11-13,CUST2468,Individual,Central,Nagpur,Online,Furniture,Standing Desk,1,6615.74,0.1,6615.74,661.57,5954.17,3731.59,3731.59,2222.58,Debit Card
102670,2025-10-16,CUST3721,Small Business,East,Patna,Online,Electronics,Bluetooth Speaker,1,4461.2,0.15,4461.2,669.18,3792.02,2857.18,2857.18,934.84,Cash on Delivery
103720,2024-01-01,CUST3277,Small Business,East,Kolkata,Online,Groceries,Organic Coffee,1,797.89,0.2,797.89,159.58,638.31,556.45,556.45,81.86,Debit Card
103249,2025-10-10,CUST4919,Individual,North,Chandigarh,Online,Electronics,Laptop Stand,1,4003.15,0.0,4003.15,0.0,4003.15,2559.53,2559.53,1443.62,Debit Card
104760,2025-11-21,CUST3131,Individual,North,Delhi,Online,Groceries,Green Tea Pack,4,765.36,0.0,3061.44,0.0,3061.44,477.2,1908.8,1152.64,UPI
102823,2025-11-04,CUST1107,Individual,North,Chandigarh,Online,Stationery,Gel Pens Pack,4,611.56,0.0,2446.24,0.0,2446.24,406.71,1626.84,819.4,Debit Card
100574,2025-09-05,CUST4119,Individual,Central,Raipur,Online,Groceries,Organic Coffee,1,879.28,0.0,879.28,0.0,879.28,514.44,514.44,364.84,Credit Card
100697,17-Jan-2025,CUST2510,Individual,North,Delhi,Online,Stationery,Notebook Set,2,134.57,0.15,269.14,40.37,228.77,98.3,196.6,32.17,Credit Card
105635,2024-12-15,CUST3760,Enterprise,South,Chennai,Retail Store,Stationery,Desk Organizer,11,406.92,0.2,4476.12,895.22,3580.9,273.26,3005.86,575.04,Credit Card
105380,2025-09-16,CUST2787,Individual,North,Delhi,Online,Stationery,Whiteboard,1,88.59,0.1,88.59,8.86,79.73,50.32,50.32,29.41,Net Banking
105468,2024-04-30,CUST4542,Individual,East,Bhubaneswar,Retail Store,Apparel,Wool Sweater,3,1507.17,0.1,4521.51,452.15,4069.36,1029.05,3087.15,982.21,Credit Card
105357,2025-06-09,CUST1274,Small Business,Central,Raipur,Online,Furniture,Desk Lamp,5,10045.96,0.05,50229.8,2511.49,47718.31,5990.27,29951.35,17766.96,Credit Card
102188,2025-11-08,CUST1433,Small Business,North,Delhi,Online,Groceries,Organic Coffee,3,739.05,0.2,2217.15,443.43,1773.72,483.14,1449.42,324.3,Net Banking
104023,2024-05-26,CUST4177,Individual,East,Patna,Online,Groceries,Organic Coffee,2,460.58,0.15,921.16,138.17,782.99,319.11,638.22,144.77,Net Banking
105682,2025-03-16,CUST1193,Individual,Central,Bhopal,Online,Groceries,Organic Coffee,3,560.75,0.0,1682.25,0.0,1682.25,395.25,1185.75,496.5,UPI
102046,2024-10-31,CUST4910,Enterprise,Central,Bhopal,Retail Store,Groceries,Almond Butter,5,839.7,0.1,4198.5,419.85,3778.65,548.45,2742.25,1036.4,Credit Card
100283,2024-06-01,CUST3802,Individual,South,Hyderabad,Retail Store,Apparel,Wool Sweater,1,1346.05,0.2,1346.05,269.21,1076.84,1004.65,1004.65,72.19,Net Banking
100259,2024-02-16,CUST2384,Individual,South,Hyderabad,Retail Store,Furniture,Filing Cabinet,1,4438.06,0.2,4438.06,887.61,3550.45,2610.09,2610.09,940.36,Cash on Delivery
102665,2025-10-19,CUST1925,Small Business,West,Ahmedabad,Online,Stationery,Whiteboard,1,168.33,0.0,168.33,0.0,168.33,99.71,99.71,68.62,Debit Card
105020,2025-04-03,CUST4778,Individual,South,Chennai,Online,Furniture,Bookshelf,3,5959.83,0.0,17879.49,0.0,17879.49,3593.42,10780.26,7099.23,Cash on Delivery
103234,2024-08-26,CUST2148,Small Business,South,Bengaluru,Online,Apparel,Running Shoes,3,1024.16,0.2,3072.48,614.5,2457.98,599.49,1798.47,659.51,Debit Card
100726,2024-10-10,CUST2389,Individual,East,Bhubaneswar,Distributor,Electronics,Bluetooth Speaker,3,5493.26,0.15,16479.78,2471.97,14007.81,3811.45,11434.35,2573.46,Debit Card
101637,2025-06-30,CUST2197,Enterprise,Central,Bhopal,Online,STATIONERY,Gel Pens Pack,2,511.37,0.0,1022.74,0.0,1022.74,351.48,702.96,319.78,UPI
104774,2025-08-06,CUST3674,Individual,West,Ahmedabad,Online,Furniture,Standing Desk,1,3636.99,0.1,3636.99,363.7,3273.29,2356.32,2356.32,916.97,Cash on Delivery
100056,2024-11-27,CUST3249,Individual,Central,Bhopal,Retail Store,Electronics,Laptop Stand,4,1081.86,0.0,4327.44,0.0,4327.44,639.07,2556.28,1771.16,Debit Card
104906,2024-04-15,CUST2793,Individual,East,Patna,Online,Groceries,Granola Bars,2,633.98,0.0,1267.96,0.0,1267.96,429.78,859.56,408.4,Debit Card
101412,2024-07-13,CUST1760,Individual,West,Mumbai,Online,Electronics,Power Bank,6,5027.58,0.05,30165.48,1508.27,28657.21,3263.52,19581.12,9076.09,Credit Card
102215,2024-07-09,CUST1943,Enterprise,South,Chennai,Online,Furniture,Bookshelf,2,11843.95,0.0,23687.9,0.0,23687.9,7311.06,14622.12,9065.78,Cash on Delivery
105891,2025-07-04,CUST1032,Enterprise,South,Bengaluru,Distributor,GROCERIES,Green Tea Pack,3,186.15,0.05,558.45,27.92,530.53,129.59,388.77,141.76,Credit Card
102936,2024-07-08,CUST3970,Individual,East,Patna,Online,Groceries,Almond Butter,1,846.09,0.05,846.09,42.3,803.79,614.67,614.67,189.12,Net Banking
100889,2025-07-27,CUST2625,Individual,West,Ahmedabad,Retail Store,Stationery,Gel Pens Pack,5,170.37,0.0,851.85,0.0,851.85,111.86,559.3,292.55,UPI
102955,2024-03-25,CUST2253,Small Business,West,Mumbai,Online,Electronics,Bluetooth Speaker,2,5913.21,0.1,11826.42,1182.64,10643.78,3639.43,7278.86,3364.92,Debit Card
101688,2025-07-19,CUST2883,Individual,East,Kolkata,Retail Store,Electronics,Bluetooth Speaker,2,3290.34,0.0,6580.68,0.0,6580.68,1986.94,3973.88,2606.8,Debit Card
101820,2024-09-17,CUST2101,Individual,West,Pune,Retail Store,Electronics,Webcam HD,3,4582.78,0.0,13748.34,0.0,13748.34,2539.61,7618.83,6129.51,UPI
103704,2024-09-02,CUST1016,Individual,South,Bengaluru,Retail Store,Apparel,Wool Sweater,2,2694.94,0.15,5389.88,808.48,4581.4,1506.01,3012.02,1569.38,Credit Card
101973,08-15-2024,CUST1837,Small Business,Central,Nagpur,Distributor,Electronics,Laptop Stand,2,3836.74,0.0,7673.48,0.0,7673.48,2576.42,5152.84,2520.64,Debit Card
100715,2025-03-16,CUST1805,Small Business, North  ,,Online,Apparel,Cotton T-Shirt,3,1857.95,0.0,5573.85,0.0,5573.85,1391.94,4175.82,1398.03,Net Banking
104702,2025-01-08,CUST1152,Individual,South,Bengaluru,Retail Store,Furniture,Standing Desk,1,13603.09,0.0,13603.09,0.0,13603.09,7849.78,7849.78,5753.31,Cash on Delivery
102287,2025-08-20,CUST1569,Individual,Central,Nagpur,Online,Electronics,Webcam HD,3,2975.16,0.1,8925.48,892.55,8032.93,1744.67,5234.01,2798.92,Debit Card
105660,2024-12-14,CUST2684,Individual,East,Patna,Distributor,Electronics,Laptop Stand,6,3596.86,0.0,21581.16,0.0,21581.16,2352.61,14115.66,7465.5,Credit Card
104598,09-30-2024,CUST3593,Individual,South,Bengaluru,Distributor,Electronics,Wireless Mouse,2,5873.17,0.0,11746.34,0.0,11746.34,4353.71,8707.42,3038.92,Debit Card
104930,2025-10-11,CUST1599,Individual,South,Chennai,Retail Store,Furniture,Bookshelf,4,14675.2,0.1,58700.8,5870.08,52830.72,8349.05,33396.2,19434.52,Debit Card
102849,2025-12-10,CUST1262,Small Business, West  ,Mumbai,Online,Stationery,Whiteboard,6,597.41,0.2,3584.46,716.89,2867.57,384.85,2309.1,558.47,Net Banking
104714,2025-12-05,CUST1498,Individual,West,Mumbai,Online,Stationery,Sticky Notes,6,124.63,0.0,747.78,0.0,747.78,70.65,423.9,323.88,Debit Card
100124,2024-02-22,CUST2613,Individual,South,Chennai,Retail Store,Stationery,Desk Organizer,2,458.85,0.0,917.7,0.0,917.7,341.85,683.7,234.0,Credit Card
104431,2025-06-24,CUST1107,Individual,South,Hyderabad,Retail Store,Groceries,Green Tea Pack,1,701.71,0.1,701.71,70.17,631.54,415.09,415.09,216.45,Net Banking
105582,2024-12-31,CUST3690,Small Business,South,Chennai,Online,Groceries,Organic Coffee,6,871.4,0.2,5228.4,1045.68,4182.72,610.3,3661.8,520.92,Credit Card
104401,2025-11-26,CUST2610,Individual,South,Chennai,Retail Store,Stationery,Whiteboard,4,650.61,0.0,2602.44,0.0,2602.44,411.99,1647.96,954.48,Cash on Delivery
100981,2025-12-18,CUST3226,Individual,South,Bengaluru,Online,Electronics,Wireless Mouse,4,3078.11,0.15,12312.44,1846.87,10465.57,1919.69,7678.76,2786.81,Debit Card
100176,2025-04-13,CUST4279,Individual,West,Ahmedabad,Distributor,Electronics,USB-C Hub,2,3978.8,0.2,7957.6,1591.52,6366.08,2724.36,5448.72,917.36,Net Banking
100582,2025-01-19,CUST4851,Individual,West,Mumbai,Online,Stationery,Desk Organizer,1,312.04,0.05,312.04,15.6,296.44,229.39,229.39,67.05,Cash on Delivery
104839,2025-05-25,CUST4325,Individual,East,Kolkata,Distributor,Stationery,Desk Organizer,3,676.61,0.0,2029.83,0.0,2029.83,495.64,1486.92,542.91,Net Banking
101617,2025-12-31,CUST1054,Small Business,West,Pune,Online,Apparel,Cotton T-Shirt,8,2649.08,0.0,21192.64,0.0,21192.64,1822.84,14582.72,6609.92,Debit Card
105325,2024-08-11,CUST2256,Small Business,Central,Raipur,Distributor,Furniture,Standing Desk,5,6457.46,0.1,32287.3,3228.73,29058.57,4212.55,21062.75,7995.82,Debit Card
102877,2025-10-09,CUST2567,Small Business,East,Kolkata,Online,Electronics,USB-C Hub,3,5156.86,0.0,15470.58,0.0,15470.58,3645.48,10936.44,4534.14,Debit Card
105084,2025-01-27,CUST4943,Individual,North,Lucknow,Retail Store,Groceries,Green Tea Pack,3,365.18,0.0,1095.54,0.0,1095.54,268.29,804.87,290.67,Credit Card
103244,2025-02-04,CUST4021,Small Business,South,Hyderabad,Online,Apparel,Running Shoes,1,421.1,0.0,421.1,0.0,421.1,290.08,290.08,131.02,Cash on Delivery
101862,2025-09-22,CUST4623,Individual,East,Kolkata,Retail Store,Groceries,Green Tea Pack,2,687.91,0.15,1375.82,206.37,1169.45,515.36,1030.72,138.73,Credit Card
103576,2024-09-01,CUST1183,Individual,South,Bengaluru,Online,Furniture,Filing Cabinet,4,13142.39,0.15,52569.56,7885.43,44684.13,8242.48,32969.92,11714.21,Cash on Delivery
103607,2024-06-18,CUST2917,Small Business,West,Pune,Online,Furniture,Bookshelf,6,8979.66,0.1,53877.96,5387.8,48490.16,6307.04,37842.24,10647.92,Net Banking
105714,2025-07-08,CUST3039,Small Business,North,Chandigarh,Online,Apparel,Running Shoes,3,2760.82,0.15,8282.46,1242.37,7040.09,1825.46,5476.38,1563.71,UPI
102975,2025-12-16,CUST1134,Individual,Central,Nagpur,Retail Store,Furniture,Office Chair,1,8663.98,0.1,8663.98,866.4,7797.58,6080.8,6080.8,1716.78,Cash on Delivery
104506,2025-04-28,CUST3886,Small Business, Central  ,Nagpur,Online,Furniture,Bookshelf,4,7390.38,0.2,29561.52,5912.3,23649.22,4466.58,17866.32,5782.9,Credit Card
104772,2025-10-19,CUST2976,Individual,South,Chennai,Online,Apparel,Denim Jacket,3,1169.93,0.0,3509.79,0.0,3509.79,690.53,2071.59,1438.2,Credit Card
100298,2025-04-27,CUST1235,Individual,North,Delhi,Online,Stationery,Whiteboard,2,403.02,0.15,806.04,120.91,685.13,299.33,598.66,86.47,Net Banking
100926,2024-03-07,CUST2292,Individual,North,Delhi,Online,Electronics,Wireless Mouse,1,5489.38,0.0,5489.38,0.0,5489.38,3703.39,3703.39,1785.99,Credit Card
104119,2025-03-05,CUST3116,Individual,West,Ahmedabad,Retail Store,Groceries,Green Tea Pack,3,881.34,0.1,2644.02,264.4,2379.62,557.54,1672.62,707.0,UPI
104951,2024-12-23,CUST3375,Individual,South,Chennai,Retail Store,Electronics,Wireless Mouse,4,2377.66,0.1,9510.64,951.06,8559.58,1396.99,5587.96,2971.62,Credit Card
102116,2024-01-23,CUST1250,Small Business,North,Delhi,Retail Store,Stationery,Sticky Notes,1,376.48,0.0,376.48,0.0,376.48,250.96,250.96,125.52,Credit Card
104825,2024-07-04,CUST1488,Individual,South,Chennai,Online,Furniture,Standing Desk,7,5322.55,0.15,37257.85,5588.68,31669.17,3434.76,24043.32,7625.85,UPI
101308,2024-03-11,CUST4965,Enterprise,East,Patna,Retail Store,Apparel,Cotton T-Shirt,2,2796.32,0.0,5592.64,0.0,5592.64,1616.43,3232.86,2359.78,Net Banking
104768,2025-06-22,CUST1728,Individual,Central,Bhopal,Online,Electronics,Laptop Stand,2,4147.96,0.0,8295.92,0.0,8295.92,2585.37,5170.74,3125.18,Net Banking
101673,2025-08-20,CUST3420,Individual,Central,Nagpur,Online,Stationery,Desk Organizer,3,688.32,0.0,2064.96,0.0,2064.96,429.41,1288.23,776.73,Net Banking
101200,2025-01-04,CUST2725,Individual,North,Chandigarh,Online,Furniture,Filing Cabinet,1,2804.27,0.2,2804.27,560.85,2243.42,1763.82,1763.82,479.6,Cash on Delivery
102230,2024-05-01,CUST3166,Individual,South,Chennai,Retail Store,Electronics,Laptop Stand,4,4479.11,0.0,17916.44,0.0,17916.44,3024.22,12096.88,5819.56,Credit Card
105947,25/09/2024,CUST4135,Individual,West,Mumbai,Online,Electronics,Webcam HD,1,3626.98,0.2,3626.98,725.4,2901.58,2095.57,2095.57,806.01,Cash on Delivery
100294,2025-05-03,CUST3817,Individual,East,Bhubaneswar,Distributor,Furniture,Office Chair,4,11667.39,0.05,46669.56,2333.48,44336.08,7944.43,31777.72,12558.36,Cash on Delivery
102691,2025-05-26,CUST2937,Individual,South,Hyderabad,Retail Store,Groceries,Organic Coffee,4,691.82,0.05,2767.28,138.36,2628.92,484.67,1938.68,690.24,Credit Card
104223,2024-05-23,CUST1900,Small Business,South,Hyderabad,Online,FURNITURE,Office Chair,4,9969.41,0.05,39877.64,1993.88,37883.76,5672.77,22691.08,15192.68,UPI
102580,2024-11-27,CUST2459,Individual,North,,Distributor,Apparel,Wool Sweater,1,2214.84,0.0,2214.84,0.0,2214.84,1319.55,1319.55,895.29,Net Banking
104883,2025-10-23,CUST2329,Individual,Central,Bhopal,Retail Store,Furniture,Office Chair,1,9948.02,0.0,9948.02,0.0,9948.02,6950.27,6950.27,2997.75,Cash on Delivery
100693,2024-08-26,CUST2727,Individual,West,Pune,Retail Store,Stationery,Notebook Set,5,496.23,0.1,2481.15,248.12,2233.03,361.52,1807.6,425.43,Debit Card
100687,2025-11-06,CUST3195,Individual,North,Delhi,Distributor,STATIONERY,Desk Organizer,1,654.48,0.0,654.48,0.0,654.48,439.3,439.3,215.18,Net Banking
100818,2025-06-08,CUST3338,Enterprise,East,Patna,Online,Electronics,USB-C Hub,1,2135.66,0.0,2135.66,0.0,2135.66,1513.6,1513.6,622.06,UPI
100217,2025-09-18,CUST2375,Individual,North,Chandigarh,Online,Furniture,Desk Lamp,1,4182.54,0.15,4182.54,627.38,3555.16,2910.45,2910.45,644.71,Credit Card
103326,2025-09-26,CUST4248,Individual,North,Lucknow,Online,Stationery,Desk Organizer,3,689.73,0.1,2069.19,206.92,1862.27,477.19,1431.57,430.7,Cash on Delivery
104249,27/03/2025,CUST4189,Individual,North,Delhi,Online,Apparel,Rain Jacket,1,2439.89,0.0,2439.89,0.0,2439.89,1422.96,1422.96,1016.93,Debit Card
105401,2025-03-01,CUST2912,Individual,Central,Nagpur,Distributor,Stationery,Notebook Set,1,275.87,0.2,275.87,55.17,220.7,180.01,180.01,40.69,Net Banking
103890,2025-09-30,CUST3210,Small Business,Central,Raipur,Distributor,Furniture,Office Chair,2,12261.57,0.0,24523.14,0.0,24523.14,9039.54,18079.08,6444.06,Debit Card
105550,2025-11-12,CUST1868,Small Business,West,Pune,Retail Store,Apparel,Denim Jacket,3,2530.69,0.0,7592.07,0.0,7592.07,1479.81,4439.43,3152.64,Credit Card
105772,2024-08-31,CUST1192,Small Business,East,Patna,Retail Store,Furniture,Bookshelf,5,10510.08,0.05,52550.4,2627.52,49922.88,7146.28,35731.4,14191.48,Cash on Delivery
100479,2024-09-25,CUST4015,Individual,West,Mumbai,Online,Furniture,Desk Lamp,5,13328.77,0.05,66643.85,3332.19,63311.66,9219.39,46096.95,17214.71,Cash on Delivery
104934,2025-02-17,CUST1495,Individual,East,Bhubaneswar,Online,Apparel,Rain Jacket,3,2787.18,0.2,8361.54,1672.31,6689.23,1608.44,4825.32,1863.91,Net Banking
105364,2024-10-24,CUST4642,Individual, North  ,Chandigarh,Online,APPAREL,Denim Jacket,5,622.11,0.0,3110.55,0.0,3110.55,356.4,1782.0,1328.55,Credit Card
103199,2024-01-22,CUST3932,,South,,Online,Stationery,Whiteboard,1,698.37,,698.37,34.92,663.45,385.3,385.3,278.15,
100813,2025-10-31,CUST1457,Small Business,North,Chandigarh,Online,Groceries,Olive Oil,7,505.16,0.1,3536.12,353.61,3182.51,376.02,2632.14,550.37,Credit Card
104347,2025-12-30,CUST4748,Individual,North,Delhi,Online,Apparel,Wool Sweater,3,857.33,0.0,2571.99,0.0,2571.99,624.88,1874.64,697.35,Cash on Delivery
100844,2025-06-28,CUST1668,Small Business,East,Bhubaneswar,Retail Store,Furniture,Bookshelf,3,11835.96,0.1,35507.88,3550.79,31957.09,7623.56,22870.68,9086.41,Net Banking
103057,2024-11-06,CUST2051,Individual,East,Patna,Online,ELECTRONICS,Webcam HD,1,3153.04,0.2,3153.04,630.61,2522.43,1890.84,1890.84,631.59,Net Banking
102376,2025-05-10,CUST2697,Enterprise,West,Pune,Distributor,Electronics,Webcam HD,4,1455.63,0.0,5822.52,0.0,5822.52,964.49,3857.96,1964.56,UPI
104070,2025-10-25,CUST1478,Individual,North,Chandigarh,Online,Stationery,Whiteboard,3,156.57,0.1,469.71,46.97,422.74,97.67,293.01,129.73,Net Banking
102033,2025-01-16,CUST4773,Enterprise,South,Bengaluru,Retail Store,Furniture,Standing Desk,3,12886.89,0.0,38660.67,0.0,38660.67,7693.5,23080.5,15580.17,Debit Card
100968,2025-07-26,CUST4011,Individual,North,Chandigarh,Online,GROCERIES,Green Tea Pack,3,826.37,0.1,2479.11,247.91,2231.2,478.58,1435.74,795.46,Debit Card
105450,2024-07-10,CUST1360,Individual,West,Ahmedabad,Distributor,Apparel,Running Shoes,3,1029.79,0.0,3089.37,0.0,3089.37,736.48,2209.44,879.93,Cash on Delivery
105294,2025-11-01,CUST1539,Individual,South,Chennai,Retail Store,STATIONERY,Desk Organizer,9,159.4,0.05,1434.6,71.73,1362.87,113.51,1021.59,341.28,Credit Card
100973,2024-08-19,CUST3219,Small Business,South,Hyderabad,Online,Groceries,Green Tea Pack,4,379.92,0.0,1519.68,0.0,1519.68,271.66,1086.64,433.04,Debit Card
101897,2025-03-24,CUST4702,Individual,West,Ahmedabad,Retail Store,Electronics,Laptop Stand,3,3342.18,0.15,10026.54,1503.98,8522.56,1903.62,5710.86,2811.7,Net Banking
104343,2024-06-05,CUST4089,Individual,Central,Raipur,Online,Apparel,Rain Jacket,5,2609.89,0.15,13049.45,1957.42,11092.03,1786.8,8934.0,2158.03,Net Banking
102705,2024-03-15,CUST1165,Individual,Central,Raipur,Retail Store,Stationery,Notebook Set,3,158.64,0.0,475.92,0.0,475.92,113.08,339.24,136.68,Cash on Delivery
105939,2025-06-07,CUST3913,Small Business,South,Chennai,Online,Stationery,Sticky Notes,5,518.91,0.2,2594.55,518.91,2075.64,292.86,1464.3,611.34,Cash on Delivery
105002,2025-07-31,CUST2194,Small Business, West  ,Mumbai,Retail Store,Stationery,Desk Organizer,5,384.69,0.05,1923.45,96.17,1827.28,213.15,1065.75,761.53,UPI
103375,2025-07-12,CUST4125,Individual,West,Pune,Retail Store,Electronics,USB-C Hub,5,4461.44,0.0,22307.2,0.0,22307.2,2826.35,14131.75,8175.45,Cash on Delivery
104955,2024-06-23,CUST4251,Individual,Central,Nagpur,Distributor,Electronics,Webcam HD,3,979.86,0.0,2939.58,0.0,2939.58,557.05,1671.15,1268.43,UPI
105000,2025-07-23,CUST4999,Small Business,East,Bhubaneswar,Online,Electronics,Bluetooth Speaker,5,3124.12,0.05,15620.6,781.03,14839.57,1953.54,9767.7,5071.87,Net Banking
105260,2025-07-31,CUST1641,Enterprise,North,Lucknow,Online,Furniture,Office Chair,5,11130.54,0.05,55652.7,2782.64,52870.06,7184.23,35921.15,16948.91,Credit Card
102952,2024-12-16,CUST1027,Individual,Central,Bhopal,Online,Stationery,Sticky Notes,1,279.83,0.05,279.83,13.99,265.84,163.79,163.79,102.05,Credit Card
101346,2025-10-15,CUST1733,Individual,West,Ahmedabad,Online,Groceries,Almond Butter,5,233.84,0.05,1169.2,58.46,1110.74,166.43,832.15,278.59,Credit Card
103689,2025-06-21,CUST1602,Small Business,Central,Raipur,Distributor,Apparel,Running Shoes,2,473.05,0.0,946.1,0.0,946.1,337.41,674.82,271.28,Credit Card
100976,2024-02-01,CUST4109,Small Business,West,Ahmedabad,Retail Store,Apparel,Wool Sweater,4,2925.54,0.0,11702.16,0.0,11702.16,2172.37,8689.48,3012.68,Cash on Delivery
105103,25/05/2024,CUST1408,Individual,West,Mumbai,Retail Store,Apparel,Rain Jacket,5,2631.59,0.2,13157.95,2631.59,10526.36,1458.99,7294.95,3231.41,Cash on Delivery
100510,2025-02-17,CUST2597,Small Business,Central,Raipur,Retail Store,Groceries,Green Tea Pack,2,297.97,0.0,595.94,0.0,595.94,195.91,391.82,204.12,Cash on Delivery
100123,2025-08-20,CUST2640,Individual,North,Chandigarh,Online,Apparel,Cotton T-Shirt,1,748.23,0.05,748.23,37.41,710.82,466.29,466.29,244.53,Cash on Delivery
105390,2025-10-24,CUST2435,Individual,South,Chennai,Online,Groceries,Olive Oil,2,234.28,0.05,468.56,23.43,445.13,137.76,275.52,169.61,Debit Card
105779,2024-04-24,CUST2037,Individual,North,Delhi,Online,Stationery,Gel Pens Pack,4,351.69,0.1,1406.76,140.68,1266.08,223.41,893.64,372.44,Credit Card
101711,2024-07-19,CUST2193,Individual,West,Ahmedabad,Distributor,Apparel,Wool Sweater,5,1874.82,0.0,9374.1,0.0,9374.1,1355.13,6775.65,2598.45,Credit Card
102101,2025-03-11,CUST1903,Individual,South,Chennai,Online,Furniture,Standing Desk,4,6415.54,0.0,25662.16,0.0,25662.16,4524.17,18096.68,7565.48,Credit Card
100870,2024-02-05,CUST4346,Small Business,South,Bengaluru,Online,Groceries,Organic Coffee,5,510.58,0.0,2552.9,0.0,2552.9,345.02,1725.1,827.8,Credit Card
105441,2024-10-29,CUST2690,Individual,East,Bhubaneswar,Retail Store,Groceries,Almond Butter,4,391.22,0.1,1564.88,156.49,1408.39,291.08,1164.32,244.07,Cash on Delivery
101031,2024-06-17,CUST1157,Individual,North,Chandigarh,Distributor,Apparel,Wool Sweater,6,1970.2,0.15,11821.2,1773.18,10048.02,1154.74,6928.44,3119.58,Net Banking
103464,2024-04-24,CUST4720,Small Business,Central,Raipur,Online,Apparel,Denim Jacket,4,2242.56,0.1,8970.24,897.02,8073.22,1607.07,6428.28,1644.94,Debit Card
104853,2025-07-08,CUST1444,Individual,South,Bengaluru,Online,Furniture,Office Chair,1,8152.1,0.0,8152.1,0.0,8152.1,5124.7,5124.7,3027.4,Debit Card
101999,2024-04-23,CUST4980,Small Business,North,Lucknow,Retail Store,Electronics,Laptop Stand,2,5962.04,0.0,11924.08,0.0,11924.08,3381.83,6763.66,5160.42,Cash on Delivery
103591,2024-09-30,CUST1411,Individual,Central,Nagpur,Online,Apparel,Cotton T-Shirt,1,2556.98,0.0,2556.98,0.0,2556.98,1795.8,1795.8,761.18,Cash on Delivery
101157,11/02/2024,CUST4907,Small Business,East,Patna,Online,Furniture,Office Chair,2,13117.41,0.2,26234.82,5246.96,20987.86,9501.79,19003.58,1984.28,Cash on Delivery
103157,2025-02-05,CUST1670,Small Business,Central,Raipur,Retail Store,Apparel,Running Shoes,3,2655.54,0.15,7966.62,1194.99,6771.63,1839.0,5517.0,1254.63,Credit Card
104429,2025-08-31,CUST2195,Enterprise,East,Kolkata,Online,Electronics,Bluetooth Speaker,3,1028.16,0.0,3084.48,0.0,3084.48,621.94,1865.82,1218.66,Net Banking
101576,18/02/2025,CUST3673,Individual, North  ,Delhi,Distributor,Apparel,Running Shoes,2,2830.41,0.1,5660.82,566.08,5094.74,2043.25,4086.5,1008.24,UPI
105638,2025-11-08,CUST4805,Individual, South  ,Bengaluru,Online,Furniture,Bookshelf,9,5707.3,0.2,51365.7,10273.14,41092.56,4141.47,37273.23,3819.33,Cash on Delivery
100062,2024-06-07,CUST2998,Small Business,East,Patna,Retail Store,Electronics,Laptop Stand,1,5229.18,0.15,5229.18,784.38,4444.8,3804.16,3804.16,640.64,Cash on Delivery
100473,2025-05-18,CUST3847,Small Business,East,Bhubaneswar,Online,Groceries,Olive Oil,6,601.59,0.15,3609.54,541.43,3068.11,370.19,2221.14,846.97,Credit Card
103455,2025-07-30,CUST2708,Enterprise,South,Hyderabad,Distributor,Apparel,Running Shoes,5,1194.71,0.0,5973.55,0.0,5973.55,740.51,3702.55,2271.0,UPI
100866,2025-06-21,CUST4509,Individual,North,Delhi,Online,Furniture,Standing Desk,3,3461.34,0.1,10384.02,1038.4,9345.62,2208.62,6625.86,2719.76,UPI
103584,2025-02-21,CUST4219,Individual, West  ,Mumbai,Online,Groceries,Almond Butter,4,720.12,0.1,2880.48,288.05,2592.43,467.07,1868.28,724.15,Credit Card
105713,2025-01-19,CUST4971,Small Business,West,Mumbai,Online,Apparel,Wool Sweater,8,1679.46,0.0,13435.68,0.0,13435.68,1181.88,9455.04,3980.64,Debit Card
103615,2024-11-24,CUST1488,Individual,West,Ahmedabad,Retail Store,FURNITURE,Desk Lamp,3,14655.8,0.0,43967.4,0.0,43967.4,9076.41,27229.23,16738.17,Net Banking
104838,2024-11-02,CUST3951,Small Business,Central,Bhopal,Retail Store,Furniture,Office Chair,1,3412.52,0.2,3412.52,682.5,2730.02,2410.98,2410.98,319.04,Debit Card
105811,2024-04-07,CUST2377,Small Business,Central,Bhopal,Retail Store,Electronics,Power Bank,3,4247.13,0.05,12741.39,637.07,12104.32,2679.51,8038.53,4065.79,UPI
103389,2025-08-20,CUST3096,Individual,West,Mumbai,Retail Store,Electronics,USB-C Hub,7,1812.3,0.0,12686.1,0.0,12686.1,1202.31,8416.17,4269.93,Debit Card
102181,2025-12-29,CUST2812,Individual,Central,Raipur,Online,APPAREL,Denim Jacket,8,1838.13,0.0,14705.04,0.0,14705.04,1283.07,10264.56,4440.48,Net Banking
104744,2025-07-06,CUST1008,Small Business,West,Pune,Retail Store,Groceries,Olive Oil,1,697.16,0.0,697.16,0.0,697.16,414.21,414.21,282.95,UPI
103282,2025-12-18,CUST4198,Individual,South,Bengaluru,Retail Store,Groceries,Olive Oil,4,797.69,0.0,3190.76,0.0,3190.76,543.73,2174.92,1015.84,Debit Card
104975,2024-07-13,CUST3132,Small Business,East,Bhubaneswar,Distributor,Apparel,Rain Jacket,5,1116.03,0.15,5580.15,837.02,4743.13,712.36,3561.8,1181.33,Net Banking
101629,2024-05-11,CUST3973,Enterprise,Central,Nagpur,Online,Stationery,Gel Pens Pack,1,473.34,0.15,473.34,71.0,402.34,263.14,263.14,139.2,UPI
102439,2024-01-05,CUST1413,Individual,North,Lucknow,Retail Store,Furniture,Filing Cabinet,1,10789.26,0.15,10789.26,1618.39,9170.87,6914.18,6914.18,2256.69,Debit Card
101150,2025-03-29,CUST4001,Individual,Central,Bhopal,Distributor,Furniture,Desk Lamp,1,9496.42,0.0,9496.42,0.0,9496.42,7037.5,7037.5,2458.92,Credit Card
101161,17-Apr-2024,CUST4058,Individual,North,Delhi,Retail Store,Furniture,Standing Desk,3,10602.33,0.0,31806.99,0.0,31806.99,7793.74,23381.22,8425.77,Credit Card
100257,2025-07-16,CUST3294,Individual,Central,Raipur,Retail Store,Electronics,Wireless Mouse,5,4203.9,0.2,21019.5,4203.9,16815.6,2694.25,13471.25,3344.35,Debit Card
102599,2025-02-28,CUST3556,Individual,North,Delhi,Distributor,Electronics,Power Bank,1,3873.92,0.1,3873.92,387.39,3486.53,2773.19,2773.19,713.34,Credit Card
104730,2025-01-24,CUST2297,Individual,North,Lucknow,Retail Store,Groceries,Olive Oil,1,199.77,0.0,199.77,0.0,199.77,142.24,142.24,57.53,Net Banking
105406,2025-03-04,CUST3715,Small Business,Central,Raipur,Online,Furniture,Office Chair,4,13882.52,0.0,55530.08,0.0,55530.08,7929.47,31717.88,23812.2,UPI
104874,2024-12-12,CUST3148,Individual,North,Chandigarh,Retail Store,Furniture,Bookshelf,3,6483.67,0.0,19451.01,0.0,19451.01,3745.69,11237.07,8213.94,UPI
101106,2025-11-10,CUST1382,Individual,Central,Raipur,Online,Electronics,Bluetooth Speaker,6,5214.65,0.05,31287.9,1564.4,29723.5,3557.35,21344.1,8379.4,Credit Card
105878,2025-01-08,CUST3161,Individual,South,Bengaluru,Retail Store,Apparel,Rain Jacket,5,1372.74,0.0,6863.7,0.0,6863.7,1017.15,5085.75,1777.95,Debit Card
103408,2024-02-23,CUST1002,Individual,South,Bengaluru,Retail Store,Groceries,Green Tea Pack,1,307.3,0.0,307.3,0.0,307.3,174.97,174.97,132.33,Debit Card
100558,2024-08-02,CUST3808,Small Business,Central,Bhopal,Online,Groceries,Olive Oil,1,644.14,0.0,644.14,0.0,644.14,408.27,408.27,235.87,Debit Card
101851,2025-06-19,CUST3203,Individual,South,Hyderabad,Distributor,Apparel,Cotton T-Shirt,3,2649.91,0.1,7949.73,794.97,7154.76,1551.69,4655.07,2499.69,Net Banking
102089,2025-03-21,CUST2172,Individual,East,Bhubaneswar,Distributor,Furniture,Filing Cabinet,3,5239.54,0.2,15718.62,3143.72,12574.9,3906.03,11718.09,856.81,Debit Card
102900,2025-07-24,CUST2035,Individual,Central,Bhopal,Distributor,Groceries,Granola Bars,5,543.55,0.0,2717.75,0.0,2717.75,369.28,1846.4,871.35,Debit Card
103221,2025-01-02,CUST1356,Small Business,South,Bengaluru,Distributor,Electronics,Webcam HD,1,1166.28,0.0,1166.28,0.0,1166.28,705.22,705.22,461.06,Net Banking
100262,2024-09-11,CUST4831,Individual,East,Patna,Online,Apparel,Wool Sweater,3,1731.97,0.0,5195.91,0.0,5195.91,1199.17,3597.51,1598.4,UPI
105064,2025-09-24,CUST4593,Small Business,East,Kolkata,Online,APPAREL,Cotton T-Shirt,4,1774.78,0.05,7099.12,354.96,6744.16,1293.74,5174.96,1569.2,Credit Card
100628,2025-03-07,CUST1441,Small Business,West,Ahmedabad,Retail Store,Groceries,Granola Bars,5,706.42,0.0,3532.1,0.0,3532.1,404.03,2020.15,1511.95,Net Banking
101890,2024-04-25,CUST2178,Enterprise,East,Bhubaneswar,Online,Apparel,Denim Jacket,5,2869.34,0.2,14346.7,2869.34,11477.36,1709.39,8546.95,2930.41,Credit Card
103043,2025-07-31,CUST1287,Small Business,Central,Bhopal,Distributor,FURNITURE,Filing Cabinet,8,4707.74,0.0,37661.92,0.0,37661.92,3477.85,27822.8,9839.12,UPI
104306,2025-06-08,CUST4951,Individual,West,Ahmedabad,Online,Stationery,Desk Organizer,3,282.08,0.05,846.24,42.31,803.93,199.66,598.98,204.95,Credit Card
102079,2024-02-17,CUST2641,Individual,East,Bhubaneswar,Retail Store,Apparel,Rain Jacket,1,490.64,0.2,490.64,98.13,392.51,302.96,302.96,89.55,Debit Card
103586,2025-12-30,CUST4817,Small Business,West,Ahmedabad,Distributor,Furniture,Desk Lamp,1,6831.43,0.0,6831.43,0.0,6831.43,4699.0,4699.0,2132.43,Debit Card
104305,2024-05-15,CUST3183,Individual,Central,Raipur,Distributor,Groceries,Almond Butter,1,660.33,0.2,660.33,132.07,528.26,363.2,363.2,165.06,Credit Card
101607,17-Dec-2025,CUST2919,Small Business,West,Mumbai,Retail Store,Electronics,Laptop Stand,6,4139.66,0.2,24837.96,4967.59,19870.37,2909.65,17457.9,2412.47,UPI
101021,2025-08-03,CUST2938,Enterprise,North,Delhi,Online,Apparel,Running Shoes,3,2807.92,0.05,8423.76,421.19,8002.57,1630.87,4892.61,3109.96,Cash on Delivery
100609,2025-02-07,CUST3453,Individual,Central,Nagpur,Online,Stationery,Desk Organizer,1,488.32,0.0,488.32,0.0,488.32,286.22,286.22,202.1,Debit Card
101404,2024-09-14,CUST1545,Enterprise,North,Lucknow,Online,Electronics,Bluetooth Speaker,4,2615.35,0.1,10461.4,1046.14,9415.26,1505.25,6021.0,3394.26,Credit Card
104969,2025-03-13,CUST3034,Small Business,South,Hyderabad,Retail Store,Electronics,Bluetooth Speaker,5,1889.67,0.0,9448.35,0.0,9448.35,1162.47,5812.35,3636.0,UPI
103255,2025-11-30,CUST3864,Small Business,North,Lucknow,Online,Groceries,Granola Bars,3,369.59,0.05,1108.77,55.44,1053.33,226.71,680.13,373.2,Debit Card
102097,2024-09-05,CUST1068,Individual,South,Hyderabad,Online,ELECTRONICS,Power Bank,1,5308.65,0.15,5308.65,796.3,4512.35,3088.94,3088.94,1423.41,Debit Card
100210,2025-10-20,CUST1897,Individual,Central,Bhopal,Distributor,Stationery,Gel Pens Pack,2,247.67,0.0,495.34,0.0,495.34,152.01,304.02,191.32,Net Banking
103799,2024-07-26,CUST4785,Individual,North,Delhi,Online,Furniture,Office Chair,3,13301.44,0.05,39904.32,1995.22,37909.1,7565.57,22696.71,15212.39,UPI
103540,2024-02-08,CUST1897,Small Business,North,Delhi,Online,Groceries,Almond Butter,1,424.46,0.0,424.46,0.0,424.46,312.23,312.23,112.23,Debit Card
100154,2025-07-13,CUST1278,Individual,Central,Raipur,Distributor,Groceries,Green Tea Pack,1,723.25,0.2,723.25,144.65,578.6,489.02,489.02,89.58,Debit Card
101591,06-18-2025,CUST2603,Individual,North,Lucknow,Online,Electronics,Laptop Stand,6,2724.4,0.2,16346.4,3269.28,13077.12,2026.16,12156.96,920.16,Net Banking
102443,2024-10-16,CUST3393,Individual,South,,Online,Stationery,Sticky Notes,2,663.83,0.1,1327.66,132.77,1194.89,372.29,744.58,450.31,Net Banking
101148,2024-07-04,CUST3092,Individual,West,Pune,Online,Apparel,Wool Sweater,1,802.36,0.0,802.36,0.0,802.36,540.57,540.57,261.79,Net Banking
103428,2025-08-02,CUST3502,Individual,South,Bengaluru,Online,STATIONERY,Sticky Notes,3,241.89,0.2,725.67,145.13,580.54,163.97,491.91,88.63,Net Banking
101968,2025-01-02,CUST1447,Individual,West,Pune,Distributor,Groceries,Granola Bars,3,849.95,0.2,2549.85,509.97,2039.88,568.25,1704.75,335.13,Net Banking
103207,2025-05-23,CUST1586,Individual,North,Delhi,Online,ELECTRONICS,Webcam HD,5,5097.59,0.0,25487.95,0.0,25487.95,3057.61,15288.05,10199.9,Debit Card
102434,2024-10-23,CUST4839,Individual,Central,Nagpur,Online,Apparel,Denim Jacket,1,1057.67,0.0,1057.67,0.0,1057.67,648.86,648.86,408.81,Credit Card
101634,2024-04-22,CUST2458,Individual,South,Chennai,Retail Store,Stationery,Whiteboard,1,316.46,0.1,316.46,31.65,284.81,214.16,214.16,70.65,Cash on Delivery
103293,2025-03-28,CUST3407,Enterprise,East,Patna,Distributor,Electronics,USB-C Hub,1,1170.43,0.0,1170.43,0.0,1170.43,868.82,868.82,301.61,Credit Card
100598,2025-01-25,CUST2283,Individual,South,Bengaluru,Online,Stationery,Whiteboard,4,151.99,0.0,607.96,0.0,607.96,87.47,349.88,258.08,Net Banking
103138,2025-12-16,CUST3418,Individual,North,Chandigarh,Retail Store,Apparel,Running Shoes,4,1968.73,0.0,7874.92,0.0,7874.92,1288.56,5154.24,2720.68,Cash on Delivery
101657,2025-07-03,CUST1804,Individual,West,Ahmedabad,Distributor,Stationery,Whiteboard,3,687.11,0.0,2061.33,0.0,2061.33,432.64,1297.92,763.41,Credit Card
104777,2025-04-07,CUST1057,Small Business,South,Hyderabad,Online,Apparel,Cotton T-Shirt,3,1739.33,0.05,5217.99,260.9,4957.09,1064.83,3194.49,1762.6,Cash on Delivery
105167,2025-06-28,CUST2382,Individual,West,Ahmedabad,Online,Furniture,Bookshelf,5,11377.09,0.1,56885.45,5688.55,51196.9,7193.74,35968.7,15228.2,Cash on Delivery
103298,2025-08-09,CUST3952,Individual,Central,Bhopal,Retail Store,Apparel,Wool Sweater,1,508.36,0.15,508.36,76.25,432.11,291.14,291.14,140.97,Credit Card
101566,2024-10-06,CUST1494,Enterprise,North,Chandigarh,Online,Stationery,Gel Pens Pack,1,157.1,0.0,157.1,0.0,157.1,106.22,106.22,50.88,Debit Card
101519,2024-05-02,CUST3501,Small Business,West,Ahmedabad,Online,Stationery,Gel Pens Pack,4,411.01,0.2,1644.04,328.81,1315.23,294.32,1177.28,137.95,UPI
105068,2025-11-18,CUST2913,Enterprise,West,Pune,Distributor,Furniture,Bookshelf,3,9380.04,0.15,28140.12,4221.02,23919.1,5292.79,15878.37,8040.73,Debit Card
104318,2024-04-08,CUST4999,Small Business,North,Chandigarh,Retail Store,Groceries,Green Tea Pack,1,196.8,0.1,196.8,19.68,177.12,108.86,108.86,68.26,Cash on Delivery
100226,2025-04-04,CUST4744,Individual,South,Bengaluru,Online,Furniture,Standing Desk,3,4624.95,0.0,13874.85,0.0,13874.85,3386.21,10158.63,3716.22,Cash on Delivery
105356,2024-09-07,CUST3835,Small Business,West,Mumbai,Online,Furniture,Desk Lamp,5,2095.05,0.0,10475.25,0.0,10475.25,1370.49,6852.45,3622.8,Credit Card
102518,2024-12-27,CUST3014,Enterprise,North,Delhi,Online,Furniture,Bookshelf,8,12782.85,0.0,102262.8,0.0,102262.8,7240.95,57927.6,44335.2,Net Banking
105056,2025-10-07,CUST2889,Small Business,South,Bengaluru,Online,Groceries,Almond Butter,2,840.77,0.05,1681.54,84.08,1597.46,466.36,932.72,664.74,Credit Card
102394,2025-02-07,CUST2095,Small Business,South,Chennai,Online,Electronics,Bluetooth Speaker,1,5888.35,0.1,5888.35,588.84,5299.51,3543.2,3543.2,1756.31,UPI
101761,2025-02-05,CUST2673,Individual,East,Kolkata,Online,Apparel,Rain Jacket,3,1720.52,0.2,5161.56,1032.31,4129.25,1250.41,3751.23,378.02,Cash on Delivery
101361,2024-10-18,CUST2632,Small Business,North,Lucknow,Online,Groceries,Almond Butter,6,366.73,0.15,2200.38,330.06,1870.32,226.89,1361.34,508.98,Debit Card
103305,2024-06-17,CUST2634,Individual,West,Pune,Online,Furniture,Standing Desk,6,2389.65,0.1,14337.9,1433.79,12904.11,1639.9,9839.4,3064.71,Net Banking
102325,2025-08-26,CUST4820,Enterprise,East,Kolkata,Online,Furniture,Bookshelf,3,3786.78,0.05,11360.34,568.02,10792.32,2336.93,7010.79,3781.53,Debit Card
103559,2024-04-19,CUST1145,Enterprise,Central,Bhopal,Online,Apparel,Rain Jacket,2,2710.37,0.0,5420.74,0.0,5420.74,1736.88,3473.76,1946.98,Credit Card
105154,2025-01-03,CUST1229,Individual,East,Patna,Retail Store,Apparel,Cotton T-Shirt,1,1921.53,0.0,1921.53,0.0,1921.53,1414.53,1414.53,507.0,Debit Card
101834,2024-09-07,CUST1900,Individual,Central,Bhopal,Retail Store,Furniture,Office Chair,2,10835.16,0.0,21670.32,0.0,21670.32,6931.24,13862.48,7807.84,UPI
103662,2025-06-30,CUST3198,Individual,East,Kolkata,Online,Groceries,Almond Butter,6,864.35,0.2,5186.1,1037.22,4148.88,600.08,3600.48,548.4,UPI
102010,2025-06-10,CUST4130,Individual,North,Delhi,Online,ELECTRONICS,Bluetooth Speaker,5,4206.77,0.1,21033.85,2103.38,18930.47,2839.14,14195.7,4734.77,Debit Card
103658,2024-02-27,CUST3136,Individual,Central,Raipur,Online,Furniture,Filing Cabinet,1,2884.0,0.2,2884.0,576.8,2307.2,1697.47,1697.47,609.73,Cash on Delivery
104302,2024-03-17,CUST4095,Enterprise,South,Chennai,Online,Electronics,Webcam HD,3,964.19,0.0,2892.57,0.0,2892.57,664.34,1993.02,899.55,Debit Card
104188,2024-12-13,CUST1168,Individual,South,Chennai,Retail Store,Electronics,Bluetooth Speaker,4,2355.57,0.2,9422.28,1884.46,7537.82,1564.37,6257.48,1280.34,Cash on Delivery
105734,2024-03-17,CUST3091,Small Business,Central,Raipur,Online,Furniture,Office Chair,3,12765.51,0.0,38296.53,0.0,38296.53,8571.29,25713.87,12582.66,Credit Card
103858,2025-11-28,CUST3653,Small Business, East  ,Patna,Online,Stationery,Whiteboard,4,236.9,0.2,947.6,189.52,758.08,168.48,673.92,84.16,UPI
100694,2025-11-29,CUST1087,Individual, East  ,Kolkata,Online,Groceries,Almond Butter,1,278.35,0.05,278.35,13.92,264.43,166.25,166.25,98.18,Cash on Delivery
105466,2025-06-08,CUST4841,Individual,East,Bhubaneswar,Online,Groceries,Almond Butter,2,558.47,0.1,1116.94,111.69,1005.25,373.91,747.82,257.43,Credit Card
102613,2025-01-22,CUST1543,Individual,West,Pune,Online,Electronics,USB-C Hub,3,3624.8,0.0,10874.4,0.0,10874.4,2602.75,7808.25,3066.15,Credit Card
101187,2025-05-26,CUST3602,Enterprise,South,Hyderabad,Retail Store,Stationery,Sticky Notes,5,495.57,0.2,2477.85,495.57,1982.28,319.85,1599.25,383.03,Debit Card
101370,2025-03-11,CUST2592,Individual, South  ,Bengaluru,Retail Store,Furniture,Standing Desk,3,10417.71,0.0,31253.13,0.0,31253.13,6730.67,20192.01,11061.12,Net Banking
101908,2025-11-08,CUST4598,Small Business,South,Bengaluru,Online,Stationery,Gel Pens Pack,8,87.08,0.0,696.64,0.0,696.64,56.74,453.92,242.72,Credit Card
104089,2025-12-07,CUST4488,Small Business,South,Chennai,Retail Store,Groceries,Almond Butter,9,624.29,0.2,5618.61,1123.72,4494.89,414.69,3732.21,762.68,Debit Card
102478,2025-12-28,CUST4621,Individual,East,Bhubaneswar,Online,Furniture,Standing Desk,9,6553.94,0.15,58985.46,8847.82,50137.64,4743.67,42693.03,7444.61,UPI
100017,2025-03-09,CUST1232,Individual,South,Bengaluru,Online,Stationery,Whiteboard,1,391.77,0.2,391.77,78.35,313.42,257.09,257.09,56.33,Credit Card
102515,2024-11-30,CUST4215,Individual,North,Delhi,Online,Electronics,Bluetooth Speaker,1,1659.01,0.1,1659.01,165.9,1493.11,920.2,920.2,572.91,Net Banking
105563,2024-02-24,CUST4319,Individual,South,Hyderabad,Retail Store,Apparel,Cotton T-Shirt,4,1925.04,0.0,7700.16,0.0,7700.16,1414.26,5657.04,2043.12,UPI
102206,2025-10-08,CUST3036,Individual,North,Delhi,Online,Groceries,Olive Oil,1,183.6,0.0,183.6,0.0,183.6,131.16,131.16,52.44,Cash on Delivery
103596,2024-04-20,CUST1372,Individual,Central,Nagpur,Retail Store,Stationery,Notebook Set,3,490.53,0.0,1471.59,0.0,1471.59,283.72,851.16,620.43,Cash on Delivery
101487,2024-08-25,CUST3542,Small Business,West,Pune,Online,Groceries,Green Tea Pack,3,227.16,0.15,681.48,102.22,579.26,126.09,378.27,200.99,UPI
101677,2025-02-25,CUST4247,Individual,Central,Bhopal,Retail Store,Groceries,Granola Bars,4,294.13,0.0,1176.52,0.0,1176.52,182.43,729.72,446.8,Credit Card
102354,2025-09-18,CUST3502,Small Business,East,Patna,Online,Groceries,Green Tea Pack,1,850.77,0.1,850.77,85.08,765.69,528.91,528.91,236.78,Cash on Delivery
100657,2025-06-24,CUST2735,Individual,West,Ahmedabad,Online,Apparel,Wool Sweater,3,483.51,0.0,1450.53,0.0,1450.53,304.26,912.78,537.75,Credit Card
101572,2025-04-23,CUST4471,Enterprise,East,Bhubaneswar,Online,Stationery,Notebook Set,4,326.67,0.15,1306.68,196.0,1110.68,240.87,963.48,147.2,Debit Card
101738,2024-06-08,CUST3951,Individual,North,Chandigarh,Retail Store,Electronics,Bluetooth Speaker,5,1560.51,0.1,7802.55,780.26,7022.29,1139.68,5698.4,1323.89,Cash on Delivery
103856,04-Nov-2024,CUST1928,Individual,North,Lucknow,Retail Store,Groceries,Olive Oil,6,297.61,0.0,1785.66,0.0,1785.66,177.96,1067.76,717.9,Cash on Delivery
104496,2025-04-29,CUST4484,Small Business,North,Chandigarh,Online,Stationery,Desk Organizer,1,579.15,0.2,579.15,115.83,463.32,412.79,412.79,50.53,UPI
102847,2025-03-31,CUST2694,Small Business,South,Bengaluru,Retail Store,Furniture,Filing Cabinet,2,3084.56,0.0,6169.12,0.0,6169.12,2045.48,4090.96,2078.16,Cash on Delivery
102981,2024-04-03,CUST3010,Individual,North,Delhi,Distributor,Stationery,Sticky Notes,1,660.12,0.05,660.12,33.01,627.11,381.92,381.92,245.19,Net Banking
100619,2024-09-12,CUST3603,Small Business,West,Mumbai,Online,Stationery,Whiteboard,3,626.46,0.2,1879.38,375.88,1503.5,373.22,1119.66,383.84,Net Banking
104605,2025-10-03,CUST4838,Individual,South,Hyderabad,Online,Stationery,Gel Pens Pack,4,561.24,0.1,2244.96,224.5,2020.46,397.92,1591.68,428.78,Net Banking
102848,2024-06-09,CUST4467,Enterprise,Central,Bhopal,Distributor,Electronics,Webcam HD,3,4321.79,0.05,12965.37,648.27,12317.1,2666.23,7998.69,4318.41,UPI
105304,2025-03-30,CUST1038,Individual,North,Lucknow,Online,Apparel,Cotton T-Shirt,1,2628.55,0.0,2628.55,0.0,2628.55,1520.66,1520.66,1107.89,Debit Card
100868,2024-07-19,CUST3990,,Central,,Retail Store,Furniture,Standing Desk,3,3232.26,,9696.78,0.0,9696.78,1939.79,5819.37,3877.41,
102508,2025-07-08,CUST2892,Individual,South,Hyderabad,Online,Groceries,Granola Bars,2,612.82,0.0,1225.64,0.0,1225.64,341.55,683.1,542.54,UPI
104983,2024-06-21,CUST4936,Enterprise,Central,Nagpur,Online,GROCERIES,Organic Coffee,1,786.53,0.0,786.53,0.0,786.53,551.99,551.99,234.54,UPI
102111,2025-01-11,CUST1304,Individual,East,Bhubaneswar,Online,Electronics,USB-C Hub,1,4492.38,0.2,4492.38,898.48,3593.9,2727.98,2727.98,865.92,Cash on Delivery
104696,2025-10-25,CUST2017,Individual,South,Chennai,Distributor,Groceries,Olive Oil,5,745.14,0.1,3725.7,372.57,3353.13,504.61,2523.05,830.08,Debit Card
105073,2024-10-12,CUST1430,Enterprise,West,Ahmedabad,Retail Store,STATIONERY,Gel Pens Pack,6,286.14,0.15,1716.84,257.53,1459.31,208.35,1250.1,209.21,Credit Card
100458,2025-08-20,CUST1268,Enterprise,East,Patna,Online,Electronics,Power Bank,2,2942.03,0.0,5884.06,0.0,5884.06,2153.79,4307.58,1576.48,Net Banking
105451,2024-04-20,CUST3642,Small Business,Central,Raipur,Retail Store,Stationery,Notebook Set,1,407.86,0.0,407.86,0.0,407.86,286.81,286.81,121.05,UPI
104967,2024-02-24,CUST2144,Small Business,North,Delhi,Online,Electronics,Webcam HD,2,1408.43,0.1,2816.86,281.69,2535.17,1011.26,2022.52,512.65,Debit Card
100791,2024-11-15,CUST2026,Enterprise,Central,Bhopal,Distributor,Stationery,Sticky Notes,1,427.5,0.05,427.5,21.38,406.12,294.56,294.56,111.56,UPI
105131,2024-11-11,CUST4723,Individual,North,Chandigarh,Online,Furniture,Desk Lamp,1,2454.38,0.05,2454.38,122.72,2331.66,1693.65,1693.65,638.01,Net Banking
103608,2025-08-24,CUST1554,Small Business,West,Ahmedabad,Online,Electronics,Webcam HD,2,4368.7,0.0,8737.4,0.0,8737.4,2787.11,5574.22,3163.18,Credit Card
103823,2024-10-02,CUST2071,Individual,East,Kolkata,Retail Store,Apparel,Wool Sweater,4,490.93,0.0,1963.72,0.0,1963.72,293.98,1175.92,787.8,Net Banking
102261,2024-07-30,CUST2444,Individual,Central,Raipur,Retail Store,Electronics,Bluetooth Speaker,1,1938.51,0.2,1938.51,387.7,1550.81,1440.05,1440.05,110.76,Cash on Delivery
105522,2025-12-25,CUST1329,Small Business,West,Pune,Online,Furniture,Office Chair,4,6996.24,0.15,27984.96,4197.74,23787.22,5040.65,20162.6,3624.62,Net Banking
102809,2025-02-07,CUST4021,Individual,Central,Raipur,Retail Store,Groceries,Almond Butter,1,798.07,0.2,798.07,159.61,638.46,444.25,444.25,194.21,UPI
103519,2024-10-05,CUST2524,Individual,South,Bengaluru,Online,STATIONERY,Gel Pens Pack,4,481.87,0.0,1927.48,0.0,1927.48,310.37,1241.48,686.0,Debit Card
104747,2024-12-21,CUST2313,Small Business,West,Pune,Distributor,Apparel,Running Shoes,6,2579.29,0.0,15475.74,0.0,15475.74,1634.95,9809.7,5666.04,Cash on Delivery
100734,2024-03-10,CUST2077,Enterprise,North,Lucknow,Retail Store,Furniture,Bookshelf,3,7189.86,0.05,21569.58,1078.48,20491.1,5301.7,15905.1,4586.0,Debit Card
105847,2024-01-17,CUST2792,Individual,North,Chandigarh,Online,Furniture,Office Chair,5,2914.04,0.05,14570.2,728.51,13841.69,1967.36,9836.8,4004.89,UPI
104476,2024-01-18,CUST2605,Individual,East,Kolkata,Online,Stationery,Desk Organizer,1,614.31,0.0,614.31,0.0,614.31,405.99,405.99,208.32,Debit Card
103959,2024-04-25,CUST2067,Individual,South,Chennai,Retail Store,Groceries,Granola Bars,5,580.4,0.15,2902.0,435.3,2466.7,427.41,2137.05,329.65,Cash on Delivery
102134,05-Nov-2024,CUST1280,Individual,North,Delhi,Retail Store,Electronics,Webcam HD,4,1213.25,0.15,4853.0,727.95,4125.05,759.31,3037.24,1087.81,Net Banking
104268,2025-09-24,CUST2507,Individual,East,Kolkata,Distributor,Furniture,Desk Lamp,4,3938.23,0.0,15752.92,0.0,15752.92,2862.55,11450.2,4302.72,UPI
101945,2024-12-27,CUST3430,Individual,South,Hyderabad,Online,Furniture,Standing Desk,1,5492.48,0.0,5492.48,0.0,5492.48,3576.18,3576.18,1916.3,Debit Card
102280,2025-01-12,CUST4004,Individual,South,Hyderabad,Online,Apparel,Rain Jacket,3,1455.33,0.0,4365.99,0.0,4365.99,1000.09,3000.27,1365.72,Credit Card
100660,2024-04-16,CUST1132,Individual,Central,Nagpur,Online,Electronics,USB-C Hub,2,1353.62,0.0,2707.24,0.0,2707.24,917.32,1834.64,872.6,Net Banking
102431,2025-12-17,CUST2556,Individual,North,Chandigarh,Distributor,Stationery,Sticky Notes,4,566.78,0.0,2267.12,0.0,2267.12,315.66,1262.64,1004.48,UPI
103752,2025-04-11,CUST2086,Individual,North,Chandigarh,Retail Store,Electronics,Wireless Mouse,2,1699.46,0.0,3398.92,0.0,3398.92,1263.03,2526.06,872.86,Debit Card
102529,2024-05-18,CUST2902,Individual,South,Hyderabad,Distributor,Furniture,Standing Desk,2,14784.17,0.15,29568.34,4435.25,25133.09,10453.79,20907.58,4225.51,Credit Card
105258,2024-09-13,CUST1689,Enterprise,East,Patna,Online,ELECTRONICS,Wireless Mouse,2,2237.03,0.0,4474.06,0.0,4474.06,1364.42,2728.84,1745.22,Debit Card
100643,2025-10-31,CUST2509,Individual,Central,Bhopal,Retail Store,Apparel,Rain Jacket,5,2631.38,0.15,13156.9,1973.53,11183.37,1829.49,9147.45,2035.92,UPI
100169,2024-10-25,CUST3075,Individual,West,Mumbai,Retail Store,Electronics,Laptop Stand,2,1601.54,0.1,3203.08,320.31,2882.77,1009.23,2018.46,864.31,UPI
101518,2024-06-15,CUST3009,Individual,West,Mumbai,Distributor,Stationery,Notebook Set,5,431.32,0.1,2156.6,215.66,1940.94,317.49,1587.45,353.49,Debit Card
101801,2024-07-01,CUST3416,Individual,West,Ahmedabad,Online,Groceries,Organic Coffee,3,779.39,0.2,2338.17,467.63,1870.54,536.18,1608.54,262.0,Cash on Delivery
103395,2025-10-09,CUST1391,Individual,East,Kolkata,Online,Furniture,Desk Lamp,1,9009.28,0.2,9009.28,1801.86,7207.42,6084.54,6084.54,1122.88,Credit Card
101918,2024-03-31,CUST4532,Individual,South,Bengaluru,Online,Furniture,Desk Lamp,3,9577.79,0.0,28733.37,0.0,28733.37,6815.61,20446.83,8286.54,Net Banking
100273,2025-10-03,CUST1629,Individual,South,Hyderabad,Online,Electronics,Bluetooth Speaker,6,5109.49,0.0,30656.94,0.0,30656.94,3573.47,21440.82,9216.12,Credit Card
102469,2025-03-03,CUST4035,Enterprise,East,Patna,Online,Electronics,Bluetooth Speaker,2,1984.86,0.0,3969.72,0.0,3969.72,1248.49,2496.98,1472.74,Debit Card
105802,2024-10-03,CUST4289,Individual,East,Patna,Online,Apparel,Cotton T-Shirt,4,1763.6,0.0,7054.4,0.0,7054.4,1175.98,4703.92,2350.48,Net Banking
105702,2024-01-13,CUST4160,Small Business,West,Mumbai,Retail Store,Stationery,Gel Pens Pack,4,311.87,0.1,1247.48,124.75,1122.73,195.42,781.68,341.05,Cash on Delivery
101067,2025-08-08,CUST1924,Individual,East,Kolkata,Online,Electronics,Power Bank,1,1035.06,0.0,1035.06,0.0,1035.06,706.25,706.25,328.81,UPI
100495,2024-01-14,CUST2239,Small Business,West,Ahmedabad,Online,Furniture,Filing Cabinet,4,12570.72,0.15,50282.88,7542.43,42740.45,7906.98,31627.92,11112.53,Debit Card
104912,2024-04-26,CUST3513,Individual,Central,Raipur,Distributor,Electronics,Webcam HD,1,5108.11,0.15,5108.11,766.22,4341.89,3483.95,3483.95,857.94,Debit Card
101913,2024-02-03,CUST2530,Small Business,North,Delhi,Online,Stationery,Whiteboard,1,156.5,0.0,156.5,0.0,156.5,109.16,109.16,47.34,Net Banking
103647,2024-10-14,CUST3662,Small Business,North,Chandigarh,Online,Apparel,Running Shoes,2,844.94,0.05,1689.88,84.49,1605.39,608.94,1217.88,387.51,UPI
100039,2024-09-10,CUST3942,Small Business, Central  ,Bhopal,Online,Furniture,Office Chair,4,4833.54,0.1,19334.16,1933.42,17400.74,3590.1,14360.4,3040.34,Cash on Delivery
100307,2025-03-09,CUST2332,Individual,North,Lucknow,Online,Groceries,Granola Bars,6,156.31,0.05,937.86,46.89,890.97,104.13,624.78,266.19,UPI
103741,2025-05-18,CUST2295,Individual, North  ,Lucknow,Online,Apparel,Wool Sweater,8,2228.48,0.1,17827.84,1782.78,16045.06,1461.18,11689.44,4355.62,Net Banking
104103,2024-06-15,CUST2390,Small Business,East,Patna,Online,Stationery,Notebook Set,6,165.53,0.2,993.18,198.64,794.54,119.48,716.88,77.66,Debit Card
103153,2024-03-19,CUST1146,Small Business,Central,Bhopal,Online,Electronics,Bluetooth Speaker,2,5546.25,0.0,11092.5,0.0,11092.5,3612.36,7224.72,3867.78,Net Banking
102830,2025-03-21,CUST4284,Enterprise,Central,Bhopal,Retail Store,Apparel,Running Shoes,1,2199.11,0.1,2199.11,219.91,1979.2,1575.02,1575.02,404.18,Debit Card
100782,2024-01-06,CUST1430,Enterprise,Central,Nagpur,Online,Apparel,Denim Jacket,3,1655.79,0.15,4967.37,745.11,4222.26,937.65,2812.95,1409.31,Net Banking
100535,2024-01-24,CUST2122,Individual,East,Bhubaneswar,Retail Store,Stationery,Desk Organizer,3,280.26,0.2,840.78,168.16,672.62,209.92,629.76,42.86,Cash on Delivery
100584,2024-12-22,CUST3726,Enterprise,East,Bhubaneswar,Online,Stationery,Whiteboard,1,471.19,0.15,471.19,70.68,400.51,261.82,261.82,138.69,Cash on Delivery
105389,2024-08-16,CUST2353,Individual,North,Chandigarh,Online,Electronics,Webcam HD,2,1230.56,0.2,2461.12,492.22,1968.9,874.32,1748.64,220.26,Net Banking
104144,2025-08-15,CUST3774,Individual,South,Hyderabad,Online,Electronics,USB-C Hub,2,4999.83,0.0,9999.66,0.0,9999.66,3739.15,7478.3,2521.36,Debit Card
104419,2024-10-15,CUST2320,Individual,East,Bhubaneswar,Distributor,Apparel,Running Shoes,4,2512.15,0.1,10048.6,1004.86,9043.74,1756.8,7027.2,2016.54,Debit Card
103797,2024-06-24,CUST4675,Individual,South,Chennai,Online,Furniture,Desk Lamp,1,10180.09,0.1,10180.09,1018.01,9162.08,5736.15,5736.15,3425.93,Cash on Delivery
105778,2025-12-31,CUST4100,Small Business,Central,Nagpur,Online,Groceries,Almond Butter,4,182.77,0.1,731.08,73.11,657.97,107.91,431.64,226.33,Debit Card
105906,2025-03-30,CUST4741,Small Business,Central,Raipur,Retail Store,Apparel,Denim Jacket,5,2877.07,0.0,14385.35,0.0,14385.35,1663.92,8319.6,6065.75,Cash on Delivery
102862,2025-01-06,CUST3776,Individual,South,Hyderabad,Online,Furniture,Filing Cabinet,1,14398.57,0.0,14398.57,0.0,14398.57,10497.44,10497.44,3901.13,Cash on Delivery
100317,2025-12-15,CUST2498,Individual,Central,Raipur,Online,Stationery,Gel Pens Pack,9,220.82,0.0,1987.38,0.0,1987.38,140.97,1268.73,718.65,Debit Card
102198,2025-02-18,CUST4178,Individual,East,Patna,Online,Stationery,Notebook Set,1,401.7,0.05,401.7,20.09,381.61,284.08,284.08,97.53,UPI
102565,2025-04-16,CUST4353,Individual,North,Chandigarh,Online,Electronics,Webcam HD,2,2292.41,0.0,4584.82,0.0,4584.82,1380.32,2760.64,1824.18,Net Banking
105445,2024-12-18,CUST3255,Individual,West,Mumbai,Retail Store,Apparel,Cotton T-Shirt,3,976.34,0.1,2929.02,292.9,2636.12,648.68,1946.04,690.08,Net Banking
105775,2025-12-12,CUST2969,Individual,East,Patna,Retail Store,Apparel,Rain Jacket,6,900.98,0.2,5405.88,1081.18,4324.7,553.77,3322.62,1002.08,Credit Card
101795,2024-08-24,CUST1593,Enterprise,East,Bhubaneswar,Online,Electronics,Wireless Mouse,3,1984.75,0.0,5954.25,0.0,5954.25,1388.06,4164.18,1790.07,Debit Card
105618,2025-02-09,CUST2991,Individual,West,Mumbai,Retail Store,Apparel,Running Shoes,4,2863.21,0.1,11452.84,1145.28,10307.56,2130.13,8520.52,1787.04,Credit Card
105119,2024-06-15,CUST2207,Small Business,West,Mumbai,Retail Store,Furniture,Office Chair,5,4350.63,0.1,21753.15,2175.32,19577.83,3123.2,15616.0,3961.83,Debit Card
100272,2024-10-16,CUST1030,Individual,East,Bhubaneswar,Retail Store,Electronics,Webcam HD,7,2341.46,0.2,16390.22,3278.04,13112.18,1539.73,10778.11,2334.07,Cash on Delivery
100549,2024-05-01,CUST4234,Individual,South,Bengaluru,Online,Furniture,Standing Desk,4,10269.86,0.2,41079.44,8215.89,32863.55,6748.26,26993.04,5870.51,Net Banking
101693,2025-09-24,CUST1488,Enterprise,West,Mumbai,Online,Stationery,Notebook Set,5,367.69,0.2,1838.45,367.69,1470.76,215.23,1076.15,394.61,Net Banking
103526,2025-06-09,CUST4391,Enterprise,South,Hyderabad,Distributor,Electronics,Laptop Stand,1,1332.98,0.0,1332.98,0.0,1332.98,864.08,864.08,468.9,Cash on Delivery
103013,2024-12-18,CUST3426,Small Business,East,Patna,Distributor,Apparel,Cotton T-Shirt,3,904.39,0.1,2713.17,271.32,2441.85,593.97,1781.91,659.94,Cash on Delivery
105787,2024-12-14,CUST3026,Individual,Central,Raipur,Online,Apparel,Wool Sweater,1,948.94,0.05,948.94,47.45,901.49,590.88,590.88,310.61,Cash on Delivery
105800,2025-03-18,CUST3275,Individual,West,Ahmedabad,Online,Electronics,USB-C Hub,1,3202.88,0.0,3202.88,0.0,3202.88,1780.52,1780.52,1422.36,Credit Card
102391,2025-11-18,CUST3387,Individual,East,Kolkata,Online,Groceries,Almond Butter,3,638.69,0.2,1916.07,383.21,1532.86,399.8,1199.4,333.46,Debit Card
103877,2025-02-07,CUST2189,Individual,East,Kolkata,Retail Store,Apparel,Wool Sweater,3,1535.3,0.0,4605.9,0.0,4605.9,975.56,2926.68,1679.22,Debit Card
104695,2024-04-17,CUST4711,Individual,South,Bengaluru,Retail Store,Electronics,Wireless Mouse,4,5147.62,0.0,20590.48,0.0,20590.48,3750.32,15001.28,5589.2,UPI
100895,2025-05-24,CUST2130,Individual,North,Delhi,Online,STATIONERY,Whiteboard,1,502.84,0.0,502.84,0.0,502.84,372.58,372.58,130.26,Cash on Delivery
104667,07-16-2024,CUST3965,Individual,North,Lucknow,Distributor,Furniture,Desk Lamp,5,2564.06,0.15,12820.3,1923.04,10897.26,1536.46,7682.3,3214.96,Debit Card
102000,2024-12-31,CUST1662,Individual,West,Pune,Online,Apparel,Rain Jacket,9,1868.08,0.0,16812.72,0.0,16812.72,1167.19,10504.71,6308.01,UPI
102123,2025-11-01,CUST1093,Small Business,Central,Bhopal,Retail Store,Furniture,Desk Lamp,3,2464.94,0.0,7394.82,0.0,7394.82,1741.1,5223.3,2171.52,Debit Card
104158,26-Apr-2024,CUST1505,Small Business,South,Bengaluru,Distributor,Furniture,Standing Desk,1,5489.26,0.0,5489.26,0.0,5489.26,3404.16,3404.16,2085.1,Cash on Delivery
101248,2024-04-12,CUST1097,Individual,West,Mumbai,Retail Store,Groceries,Granola Bars,2,441.8,0.0,883.6,0.0,883.6,257.85,515.7,367.9,Credit Card
104488,2025-06-27,CUST3209,Individual,South,Chennai,Online,Furniture,Filing Cabinet,2,4862.42,0.0,9724.84,0.0,9724.84,3291.95,6583.9,3140.94,UPI
101260,2024-01-15,CUST4589,Small Business,North,Chandigarh,Online,Furniture,Office Chair,1,2084.44,0.05,2084.44,104.22,1980.22,1285.72,1285.72,694.5,UPI
100810,23-Aug-2025,CUST1769,Individual,Central,Bhopal,Retail Store,Electronics,Bluetooth Speaker,6,3407.57,0.0,20445.42,0.0,20445.42,1968.27,11809.62,8635.8,Net Banking
101050,2024-09-10,CUST4538,Small Business,South,Bengaluru,Retail Store,Electronics,USB-C Hub,1,1340.14,0.15,1340.14,201.02,1139.12,993.66,993.66,145.46,Debit Card
101879,2024-06-20,CUST4250,Small Business,West,Ahmedabad,Online,Groceries,Olive Oil,1,753.35,0.0,753.35,0.0,753.35,455.72,455.72,297.63,Debit Card
102880,2025-07-02,CUST4027,Small Business,South,Chennai,Online,Electronics,Webcam HD,6,3039.53,0.15,18237.18,2735.58,15501.6,1857.9,11147.4,4354.2,Net Banking
100108,2024-02-18,CUST4281,Small Business,North,Chandigarh,Online,Apparel,Running Shoes,4,2931.68,0.2,11726.72,2345.34,9381.38,1916.89,7667.56,1713.82,Cash on Delivery
100674,2024-11-20,CUST3598,Individual,West,Mumbai,Online,Electronics,Bluetooth Speaker,6,5843.88,0.2,35063.28,7012.66,28050.62,4216.09,25296.54,2754.08,Net Banking
105719,2024-02-04,CUST2394,,West,,Retail Store,Electronics,Bluetooth Speaker,1,1517.24,,1517.24,0.0,1517.24,929.35,929.35,587.89,
104762,2024-01-31,CUST3707,Individual,Central,Nagpur,Online,Groceries,Organic Coffee,3,843.01,0.15,2529.03,379.35,2149.68,549.24,1647.72,501.96,Debit Card
104606,2025-04-20,CUST1075,Small Business,Central,Bhopal,Retail Store,Furniture,Standing Desk,3,10335.82,0.2,31007.46,6201.49,24805.97,6835.19,20505.57,4300.4,Cash on Delivery
105181,2024-02-23,CUST3101,Individual,West,Ahmedabad,Distributor,Stationery,Notebook Set,3,537.44,0.0,1612.32,0.0,1612.32,345.47,1036.41,575.91,UPI
101533,2025-01-11,CUST2513,Small Business,South,Chennai,Retail Store,Apparel,Cotton T-Shirt,2,709.03,0.05,1418.06,70.9,1347.16,425.24,850.48,496.68,Net Banking
104963,2025-05-30,CUST2005,Enterprise,West,Pune,Online,Apparel,Cotton T-Shirt,5,2819.6,0.15,14098.0,2114.7,11983.3,1652.85,8264.25,3719.05,Net Banking
101856,2024-02-18,CUST3287,Individual,East,Bhubaneswar,Online,Stationery,Whiteboard,3,269.36,0.0,808.08,0.0,808.08,154.6,463.8,344.28,Net Banking
100212,2024-08-12,CUST3306,Individual,East,Kolkata,Online,Stationery,Whiteboard,3,298.04,0.1,894.12,89.41,804.71,197.52,592.56,212.15,Debit Card
103148,2024-07-31,CUST4045,Individual,East,Bhubaneswar,Online,Apparel,Cotton T-Shirt,1,934.39,0.0,934.39,0.0,934.39,538.15,538.15,396.24,Cash on Delivery
102257,2024-07-19,CUST3540,Individual,East,Bhubaneswar,Retail Store,Electronics,Bluetooth Speaker,2,3050.87,0.0,6101.74,0.0,6101.74,2213.49,4426.98,1674.76,Net Banking
102106,2025-12-07,CUST1130,Individual,North,Lucknow,Retail Store,Groceries,Organic Coffee,3,594.62,0.0,1783.86,0.0,1783.86,377.2,1131.6,652.26,UPI
103269,2024-04-20,CUST3772,Individual, North  ,Delhi,Online,Groceries,Olive Oil,4,599.18,0.2,2396.72,479.34,1917.38,345.79,1383.16,534.22,Net Banking
105758,2025-06-12,CUST1825,Small Business,South,Hyderabad,Online,Furniture,Bookshelf,3,7446.81,0.2,22340.43,4468.09,17872.34,4412.11,13236.33,4636.01,Credit Card
101974,2025-02-25,CUST3012,Individual,East,Patna,Online,Groceries,Organic Coffee,1,487.08,0.1,487.08,48.71,438.37,300.78,300.78,137.59,Debit Card
104686,2024-06-07,CUST3121,Individual,Central,Bhopal,Distributor,Apparel,Running Shoes,5,424.54,0.0,2122.7,0.0,2122.7,258.43,1292.15,830.55,Cash on Delivery
101502,2024-07-29,CUST4686,Individual,North,Delhi,Retail Store,Furniture,Filing Cabinet,3,14544.97,0.05,43634.91,2181.75,41453.16,9014.87,27044.61,14408.55,Debit Card
104183,2024-09-11,CUST2077,Small Business,East,Kolkata,Online,Groceries,Organic Coffee,6,568.8,0.0,3412.8,0.0,3412.8,361.32,2167.92,1244.88,UPI
100647,2025-12-25,CUST4378,Small Business,South,Chennai,Retail Store,Electronics,Bluetooth Speaker,6,2398.4,0.1,14390.4,1439.04,12951.36,1378.16,8268.96,4682.4,Cash on Delivery
103634,2024-07-02,CUST1057,Enterprise,Central,Raipur,Online,Apparel,Cotton T-Shirt,6,2094.4,0.0,12566.4,0.0,12566.4,1233.94,7403.64,5162.76,Net Banking
100772,2025-12-04,CUST1223,Individual,East,Patna,Online,Furniture,Office Chair,3,5400.87,0.05,16202.61,810.13,15392.48,3252.08,9756.24,5636.24,Cash on Delivery
100704,2025-07-17,CUST1775,Individual,West,Mumbai,Online,Electronics,USB-C Hub,2,2535.45,0.05,5070.9,253.54,4817.36,1492.84,2985.68,1831.68,Debit Card
103588,2025-12-30,CUST1082,Small Business,West,Mumbai,Distributor,Furniture,Bookshelf,6,3370.18,0.2,20221.08,4044.22,16176.86,1997.4,11984.4,4192.46,Cash on Delivery
101250,2025-08-02,CUST3811,Individual,North,Delhi,Distributor,Apparel,Cotton T-Shirt,6,2270.63,0.2,13623.78,2724.76,10899.02,1546.15,9276.9,1622.12,Credit Card
104805,2024-05-27,CUST4887,Individual,North,Lucknow,Online,Apparel,Rain Jacket,5,1845.99,0.0,9229.95,0.0,9229.95,1071.03,5355.15,3874.8,Cash on Delivery
102473,2024-07-06,CUST4167,Individual,Central,Raipur,Distributor,Furniture,Office Chair,6,4378.12,0.0,26268.72,0.0,26268.72,2493.5,14961.0,11307.72,Cash on Delivery
101861,2025-10-11,CUST2391,Individual,South,Bengaluru,Retail Store,Apparel,Wool Sweater,4,521.23,0.2,2084.92,416.98,1667.94,314.54,1258.16,409.78,Cash on Delivery
100710,2024-12-25,CUST1461,Small Business,West,Pune,Online,Stationery,Sticky Notes,8,616.38,0.2,4931.04,986.21,3944.83,412.45,3299.6,645.23,Credit Card
102673,2025-03-08,CUST1351,Individual,South,Hyderabad,Distributor,Furniture,Filing Cabinet,4,5796.78,0.15,23187.12,3478.07,19709.05,3727.06,14908.24,4800.81,Debit Card
104515,2025-11-05,CUST3820,Individual,East,Kolkata,Online,Furniture,Office Chair,1,4573.49,0.1,4573.49,457.35,4116.14,2569.19,2569.19,1546.95,Debit Card
101462,2025-04-24,CUST3626,Individual,East,Kolkata,Online,Furniture,Office Chair,1,8500.52,0.15,8500.52,1275.08,7225.44,5492.5,5492.5,1732.94,Credit Card
101485,2025-09-18,CUST2572,Enterprise,South,Bengaluru,Online,Stationery,Desk Organizer,3,252.27,0.0,756.81,0.0,756.81,184.48,553.44,203.37,UPI
102546,2024-08-28,CUST3057,Enterprise,South,Chennai,Online,Electronics,Wireless Mouse,5,4783.99,0.0,23919.95,0.0,23919.95,3177.21,15886.05,8033.9,Debit Card
100231,2024-08-04,CUST1789,Small Business,Central,Nagpur,Retail Store,Groceries,Olive Oil,4,735.39,0.1,2941.56,294.16,2647.4,408.72,1634.88,1012.52,Debit Card
101357,2025-10-20,CUST2635,Small Business,East,Patna,Retail Store,Furniture,Desk Lamp,2,11310.48,0.15,22620.96,3393.14,19227.82,8377.31,16754.62,2473.2,UPI
103012,2025-03-23,CUST4002,Individual,West,Mumbai,Online,Stationery,Gel Pens Pack,1,413.98,0.2,413.98,82.8,331.18,289.8,289.8,41.38,Net Banking
100852,2025-11-07,CUST4623,Small Business,Central,Nagpur,Retail Store,Apparel,Rain Jacket,8,2249.65,0.2,17997.2,3599.44,14397.76,1437.9,11503.2,2894.56,UPI
101005,2024-08-25,CUST1275,Individual,North,Lucknow,Retail Store,Electronics,Webcam HD,4,3245.29,0.1,12981.16,1298.12,11683.04,2247.38,8989.52,2693.52,UPI
101997,2025-07-28,CUST2867,Individual,Central,Raipur,Online,Groceries,Granola Bars,3,756.09,0.0,2268.27,0.0,2268.27,555.17,1665.51,602.76,Net Banking
101835,07/05/2024,CUST3515,Individual,East,Patna,Online,Groceries,Almond Butter,3,444.31,0.15,1332.93,199.94,1132.99,248.03,744.09,388.9,Cash on Delivery
103974,2025-06-29,CUST1974,Small Business,West,Ahmedabad,Retail Store,Stationery,Whiteboard,5,255.12,0.0,1275.6,0.0,1275.6,144.42,722.1,553.5,Debit Card
104533,2025-12-11,CUST3168,Individual,South,Bengaluru,Distributor,GROCERIES,Almond Butter,9,885.0,0.0,7965.0,0.0,7965.0,550.92,4958.28,3006.72,Debit Card
101317,2024-02-14,CUST1041,Small Business,East,Bhubaneswar,Online,Groceries,Almond Butter,1,589.2,0.0,589.2,0.0,589.2,328.45,328.45,260.75,Net Banking
103328,24/04/2025,CUST4986,Small Business,East,Kolkata,Online,Groceries,Almond Butter,1,757.56,0.2,757.56,151.51,606.05,489.32,489.32,116.73,Credit Card
101624,2024-06-13,CUST3888,Enterprise,West,Mumbai,Online,Stationery,Gel Pens Pack,3,135.01,0.1,405.03,40.5,364.53,84.2,252.6,111.93,Cash on Delivery
101481,2025-08-09,CUST4710,Enterprise,South,Bengaluru,Distributor,Electronics,Webcam HD,3,2085.78,0.0,6257.34,0.0,6257.34,1484.9,4454.7,1802.64,Net Banking
103834,2024-11-17,CUST3889,Individual,West,Mumbai,Distributor,Furniture,Standing Desk,8,14607.14,0.05,116857.12,5842.86,111014.26,10698.87,85590.96,25423.3,Credit Card
105100,2024-05-25,CUST1362,Individual,West,Pune,Distributor,Electronics,Webcam HD,5,1247.01,0.0,6235.05,0.0,6235.05,813.46,4067.3,2167.75,Debit Card
101279,2024-10-15,CUST4417,Individual,East,Bhubaneswar,Online,Groceries,Green Tea Pack,4,176.05,0.0,704.2,0.0,704.2,99.6,398.4,305.8,Debit Card
103081,2025-02-11,CUST2606,Small Business,Central,Raipur,Distributor,Groceries,Green Tea Pack,4,819.91,0.15,3279.64,491.95,2787.69,578.3,2313.2,474.49,Credit Card
101824,2025-02-15,CUST4536,Small Business,West,Pune,Online,Groceries,Granola Bars,1,493.18,0.15,493.18,73.98,419.2,273.44,273.44,145.76,Debit Card
101054,2024-02-17,CUST2831,Enterprise,West,Mumbai,Distributor,Electronics,Power Bank,4,3787.79,0.0,15151.16,0.0,15151.16,2341.88,9367.52,5783.64,Net Banking
104146,2024-08-03,CUST2748,Individual,South,Bengaluru,Online,Electronics,USB-C Hub,2,917.0,0.15,1834.0,275.1,1558.9,588.51,1177.02,381.88,Cash on Delivery
100476,2025-08-07,CUST1611,Enterprise,North,Lucknow,Retail Store,Furniture,Office Chair,1,4577.46,0.05,4577.46,228.87,4348.59,3067.26,3067.26,1281.33,UPI
102283,2024-05-18,CUST2125,Individual,South,Chennai,Online,Electronics,Webcam HD,2,1769.01,0.2,3538.02,707.6,2830.42,1119.09,2238.18,592.24,Credit Card
103712,2025-11-09,CUST2928,Small Business,South,Chennai,Online,Stationery,Gel Pens Pack,6,107.53,0.0,645.18,0.0,645.18,65.08,390.48,254.7,UPI
103147,2024-07-25,CUST2105,Individual,Central,Bhopal,Distributor,Furniture,Bookshelf,6,8499.25,0.2,50995.5,10199.1,40796.4,5863.55,35181.3,5615.1,UPI
100336,2025-04-08,CUST4160,Individual,North,Lucknow,Online,Groceries,Olive Oil,1,375.25,0.2,375.25,75.05,300.2,230.02,230.02,70.18,Net Banking
102618,2025-12-22,CUST4507,Individual,North,Chandigarh,Retail Store,Electronics,Wireless Mouse,1,4543.0,0.2,4543.0,908.6,3634.4,3093.06,3093.06,541.34,Debit Card
103663,2025-06-29,CUST1330,Individual,Central,Raipur,Retail Store,Groceries,Olive Oil,6,544.17,0.0,3265.02,0.0,3265.02,390.49,2342.94,922.08,Credit Card
100089,03-23-2025,CUST1794,Individual,West,Ahmedabad,Online,Electronics,Bluetooth Speaker,3,2413.43,0.0,7240.29,0.0,7240.29,1583.5,4750.5,2489.79,Credit Card
100875,19/06/2024,CUST4928,Individual,North,Lucknow,Online,Apparel,Denim Jacket,1,1806.14,0.0,1806.14,0.0,1806.14,1093.95,1093.95,712.19,Debit Card
100544,2024-02-25,CUST3318,Small Business,South,Bengaluru,Retail Store,Groceries,Almond Butter,3,886.44,0.0,2659.32,0.0,2659.32,638.59,1915.77,743.55,UPI
103001,2024-11-09,CUST2371,Small Business,Central,Raipur,Online,Furniture,Desk Lamp,6,9526.37,0.1,57158.22,5715.82,51442.4,5895.59,35373.54,16068.86,Cash on Delivery
102761,2024-02-25,CUST1779,Small Business,North,Chandigarh,Retail Store,Stationery,Gel Pens Pack,3,261.56,0.1,784.68,78.47,706.21,193.73,581.19,125.02,UPI
101554,2025-03-31,CUST3958,Small Business,North,Delhi,Online,Stationery,Desk Organizer,5,519.76,0.0,2598.8,0.0,2598.8,375.99,1879.95,718.85,UPI
101881,2024-12-20,CUST2650,Individual,East,Patna,Distributor,Apparel,Running Shoes,1,1999.14,0.15,1999.14,299.87,1699.27,1429.26,1429.26,270.01,Net Banking
105911,2024-05-08,CUST1259,Individual,South,Hyderabad,Online,Stationery,Whiteboard,1,101.82,0.0,101.82,0.0,101.82,61.41,61.41,40.41,UPI
100927,2025-08-20,CUST3300,Individual,East,Bhubaneswar,Online,Groceries,Olive Oil,2,461.39,0.1,922.78,92.28,830.5,291.57,583.14,247.36,Net Banking
100320,2025-10-02,CUST3530,Small Business,Central,Raipur,Retail Store,Furniture,Desk Lamp,2,5494.69,0.0,10989.38,0.0,10989.38,3721.99,7443.98,3545.4,Net Banking
104616,2025-11-19,CUST4803,Enterprise,Central,Nagpur,Retail Store,Stationery,Gel Pens Pack,6,529.98,0.2,3179.88,635.98,2543.9,332.93,1997.58,546.32,Debit Card
100879,2025-06-17,CUST2398,Small Business,North,Lucknow,Retail Store,Apparel,Rain Jacket,1,2331.57,0.2,2331.57,466.31,1865.26,1706.95,1706.95,158.31,UPI
103995,2025-12-21,CUST4123,Enterprise,East,Kolkata,Online,Furniture,Standing Desk,4,6526.56,0.0,26106.24,0.0,26106.24,4786.55,19146.2,6960.04,UPI
104922,2024-06-21,CUST3493,Small Business,North,Delhi,Online,Apparel,Denim Jacket,2,1545.28,0.05,3090.56,154.53,2936.03,1124.67,2249.34,686.69,UPI
103247,2024-08-09,CUST1963,Small Business,East,Patna,Retail Store,Apparel,Running Shoes,3,1740.61,0.05,5221.83,261.09,4960.74,1131.59,3394.77,1565.97,UPI
103079,2025-08-22,CUST4253,Small Business,East,Kolkata,Retail Store,Electronics,Laptop Stand,2,5581.89,0.0,11163.78,0.0,11163.78,3402.58,6805.16,4358.62,Cash on Delivery
103762,2024-09-21,CUST4095,Individual,North,Chandigarh,Online,GROCERIES,Almond Butter,2,650.8,0.15,1301.6,195.24,1106.36,399.82,799.64,306.72,UPI
104731,2025-05-27,CUST1053,Enterprise,South,Bengaluru,Online,Stationery,Notebook Set,3,545.96,0.05,1637.88,81.89,1555.99,313.73,941.19,614.8,Net Banking
105566,2025-02-06,CUST1973,Small Business,Central,Bhopal,Online,Apparel,Rain Jacket,5,539.04,0.1,2695.2,269.52,2425.68,357.01,1785.05,640.63,Debit Card
104235,2025-07-16,CUST3872,Small Business,East,Bhubaneswar,Distributor,Furniture,Filing Cabinet,5,6793.98,0.1,33969.9,3396.99,30572.91,4486.25,22431.25,8141.66,Debit Card
104260,2024-04-19,CUST4776,Individual,South,Bengaluru,Distributor,Furniture,Office Chair,3,10662.78,0.0,31988.34,0.0,31988.34,7911.82,23735.46,8252.88,UPI
101619,2024-04-05,CUST1312,Individual,Central,Raipur,Retail Store,Stationery,Whiteboard,-1,395.64,0.0,791.28,0.0,791.28,225.88,451.76,339.52,UPI
103727,2024-04-01,CUST2273,Individual,North,Chandigarh,Online,Groceries,Olive Oil,7,837.3,0.05,5861.1,293.06,5568.04,471.58,3301.06,2266.98,Credit Card
105854,2025-07-06,CUST1541,Individual,South,Hyderabad,Online,Electronics,Laptop Stand,10,5218.1,0.05,52181.0,2609.05,49571.95,3303.73,33037.3,16534.65,Net Banking
101046,2024-10-14,CUST3150,Individual,North,Lucknow,Online,Apparel,Wool Sweater,2,2951.26,0.2,5902.52,1180.5,4722.02,1704.31,3408.62,1313.4,Cash on Delivery
105057,2024-12-14,CUST3495,Individual,Central,Nagpur,Online,Furniture,Filing Cabinet,4,2842.87,0.05,11371.48,568.57,10802.91,1876.77,7507.08,3295.83,Cash on Delivery
101751,2024-11-26,CUST2191,Enterprise,West,Pune,Online,Stationery,Whiteboard,4,124.91,0.15,499.64,74.95,424.69,92.21,368.84,55.85,UPI
105152,2025-07-21,CUST1069,Enterprise,West,Pune,Online,Apparel,Running Shoes,5,2793.72,0.05,13968.6,698.43,13270.17,1654.96,8274.8,4995.37,Cash on Delivery
103879,2024-01-14,CUST1289,Enterprise,West,Ahmedabad,Online,Electronics,Wireless Mouse,4,1407.95,0.05,5631.8,281.59,5350.21,954.41,3817.64,1532.57,UPI
103918,2024-01-08,CUST2064,Individual,West,Pune,Online,Electronics,Webcam HD,2,4916.34,0.1,9832.68,983.27,8849.41,3262.09,6524.18,2325.23,Cash on Delivery
105190,2025-02-16,CUST4820,Individual,South,Bengaluru,Online,Stationery,Desk Organizer,1,285.91,0.0,285.91,0.0,285.91,174.21,174.21,111.7,Net Banking
101044,2025-04-19,CUST4421,Individual,North,Lucknow,Online,Electronics,Bluetooth Speaker,3,3261.84,0.2,9785.52,1957.1,7828.42,1815.2,5445.6,2382.82,Credit Card
103011,2025-11-08,CUST4296,Enterprise,South,Hyderabad,Online,Furniture,Filing Cabinet,4,5416.32,0.05,21665.28,1083.26,20582.02,3754.32,15017.28,5564.74,UPI
105156,2024-08-05,CUST1776,Small Business,West,Ahmedabad,Online,Stationery,Notebook Set,5,582.94,0.1,2914.7,291.47,2623.23,377.31,1886.55,736.68,Cash on Delivery
103291,2025-06-14,CUST4501,Small Business,South,Chennai,Distributor,Apparel,Running Shoes,1,2556.78,0.05,2556.78,127.84,2428.94,1659.61,1659.61,769.33,UPI
105750,2024-02-18,CUST3406,Individual,West,Mumbai,Online,Stationery,Desk Organizer,1,561.42,0.15,561.42,84.21,477.21,370.85,370.85,106.36,UPI
104752,2024-02-26,CUST1466,Small Business,East,Kolkata,Distributor,Furniture,Desk Lamp,2,2084.71,0.1,4169.42,416.94,3752.48,1229.36,2458.72,1293.76,Debit Card
102065,2024-01-20,CUST3242,Enterprise,West,Mumbai,Retail Store,Groceries,Almond Butter,1,489.79,0.0,489.79,0.0,489.79,315.35,315.35,174.44,Net Banking
102965,2024-01-09,CUST3699,Enterprise,East,Kolkata,Online,Stationery,Notebook Set,1,485.92,0.2,485.92,97.18,388.74,288.93,288.93,99.81,Debit Card
100642,2025-10-02,CUST2564,Individual,South,Hyderabad,Distributor,Electronics,USB-C Hub,4,881.32,0.15,3525.28,528.79,2996.49,616.18,2464.72,531.77,UPI
100138,2024-11-05,CUST3827,Individual, North  ,Chandigarh,Retail Store,Stationery,Desk Organizer,4,634.97,0.15,2539.88,380.98,2158.9,447.0,1788.0,370.9,UPI
100881,2025-09-09,CUST2346,Individual,South,Hyderabad,Online,STATIONERY,Sticky Notes,7,251.04,0.0,1757.28,0.0,1757.28,170.22,1191.54,565.74,Cash on Delivery
101977,2025-05-08,CUST4490,Individual,South,Bengaluru,Online,Furniture,Office Chair,1,4091.55,0.15,4091.55,613.73,3477.82,2376.13,2376.13,1101.69,Debit Card
101582,2025-05-04,CUST1347,Individual,North,Delhi,Retail Store,Electronics,Laptop Stand,4,4947.37,0.0,19789.48,0.0,19789.48,3344.59,13378.36,6411.12,Credit Card
104794,2025-05-10,CUST2821,Individual,North,Chandigarh,Retail Store,Apparel,Rain Jacket,5,1657.11,0.15,8285.55,1242.83,7042.72,1021.04,5105.2,1937.52,UPI
101098,21-Oct-2025,CUST2403,Small Business,South,Hyderabad,Retail Store,Furniture,Desk Lamp,3,5147.3,0.05,15441.9,772.1,14669.8,3634.24,10902.72,3767.08,Net Banking
105639,2025-01-03,CUST2918,Enterprise,Central,Raipur,Retail Store,Apparel,Wool Sweater,1,1226.19,0.0,1226.19,0.0,1226.19,734.67,734.67,491.52,UPI
101393,2024-03-12,CUST1991,Individual,West,Mumbai,Online,Apparel,Rain Jacket,5,1306.57,0.0,6532.85,0.0,6532.85,773.22,3866.1,2666.75,Cash on Delivery
102084,2024-12-05,CUST4980,Enterprise,South,Hyderabad,Online,Apparel,Rain Jacket,1,1985.37,0.2,1985.37,397.07,1588.3,1203.89,1203.89,384.41,Cash on Delivery
101267,2024-05-21,CUST1363,Individual,South,Bengaluru,Online,Furniture,Filing Cabinet,3,3656.99,0.0,10970.97,0.0,10970.97,2054.61,6163.83,4807.14,Debit Card
104232,2025-12-03,CUST4345,Small Business,East,Kolkata,Online,Furniture,Bookshelf,8,3854.86,0.15,30838.88,4625.83,26213.05,2778.12,22224.96,3988.09,UPI
102575,2025-07-31,CUST3328,Individual,Central,Bhopal,Online,STATIONERY,Whiteboard,1,332.63,0.0,332.63,0.0,332.63,228.89,228.89,103.74,Net Banking
102136,2024-12-06,CUST1948,Individual,East,Patna,Distributor,Apparel,Running Shoes,6,1387.41,0.2,8324.46,1664.89,6659.57,1032.5,6195.0,464.57,Net Banking
101504,2024-09-14,CUST4423,Small Business,South,Hyderabad,Distributor,Stationery,Sticky Notes,1,421.3,0.0,421.3,0.0,421.3,315.81,315.81,105.49,Net Banking
105400,2025-11-20,CUST4157,Small Business,West,Ahmedabad,Retail Store,Apparel,Running Shoes,4,918.94,0.0,3675.76,0.0,3675.76,655.18,2620.72,1055.04,Credit Card
103368,2025-09-03,CUST3487,Individual,Central,Nagpur,Retail Store,GROCERIES,Green Tea Pack,2,310.95,0.0,621.9,0.0,621.9,201.74,403.48,218.42,Cash on Delivery
103730,2025-11-07,CUST3995,Enterprise,Central,Bhopal,Online,Stationery,Notebook Set,3,259.18,0.05,777.54,38.88,738.66,146.46,439.38,299.28,Cash on Delivery
100149,2025-02-26,CUST2544,Individual,Central,Bhopal,Online,Groceries,Granola Bars,1,219.35,0.0,219.35,0.0,219.35,122.9,122.9,96.45,Net Banking
100304,2024-04-05,CUST1817,Individual,North,Lucknow,Distributor,Groceries,Almond Butter,2,709.62,0.0,1419.24,0.0,1419.24,461.11,922.22,497.02,Cash on Delivery
105114,2024-07-05,CUST1303,Individual,Central,Nagpur,Distributor,Groceries,Green Tea Pack,2,164.48,0.1,328.96,32.9,296.06,103.7,207.4,88.66,Credit Card
101925,2024-04-30,CUST3315,Individual, North  ,Chandigarh,Distributor,Electronics,Wireless Mouse,2,2394.7,0.05,4789.4,239.47,4549.93,1388.86,2777.72,1772.21,Debit Card
105149,2024-07-18,CUST4180,Individual,East,Kolkata,Online,Groceries,Almond Butter,2,156.2,0.0,312.4,0.0,312.4,96.66,193.32,119.08,Net Banking
105762,2025-12-03,CUST4744,Individual,Central,Raipur,Retail Store,Furniture,Bookshelf,8,9624.87,0.0,76998.96,0.0,76998.96,6788.03,54304.24,22694.72,Cash on Delivery
102638,2025-12-30,CUST4532,Individual,West,Pune,Online,Groceries,Olive Oil,6,358.29,0.15,2149.74,322.46,1827.28,205.22,1231.32,595.96,Net Banking
101905,2024-11-22,CUST3180,Individual,East,Patna,Distributor,Groceries,Almond Butter,3,207.31,0.2,621.93,124.39,497.54,146.05,438.15,59.39,UPI
105628,2024-08-29,CUST3804,Small Business,West,Pune,Distributor,Groceries,Olive Oil,3,491.63,0.2,1474.89,294.98,1179.91,314.67,944.01,235.9,Credit Card
104295,2024-03-31,CUST3114,Small Business,South,Hyderabad,Retail Store,Stationery,Gel Pens Pack,3,464.59,0.0,1393.77,0.0,1393.77,274.31,822.93,570.84,Credit Card
103843,2024-01-11,CUST4037,Individual,North,Delhi,Retail Store,Electronics,Wireless Mouse,2,4406.86,0.0,8813.72,0.0,8813.72,2498.55,4997.1,3816.62,Debit Card
105834,2024-10-04,CUST4723,Individual,East,Bhubaneswar,Retail Store,Electronics,USB-C Hub,4,1032.41,0.1,4129.64,412.96,3716.68,708.81,2835.24,881.44,Cash on Delivery
101769,2025-03-17,CUST3861,Individual,North,Lucknow,Online,Electronics,Webcam HD,6,4260.92,0.0,25565.52,0.0,25565.52,2930.35,17582.1,7983.42,Credit Card
102876,2024-08-01,CUST2057,Individual,Central,Raipur,Online,Stationery,Notebook Set,3,522.17,0.2,1566.51,313.3,1253.21,287.53,862.59,390.62,Debit Card
102241,2025-08-23,CUST1821,Small Business,East,Patna,Online,Groceries,Granola Bars,3,845.92,0.15,2537.76,380.66,2157.1,567.6,1702.8,454.3,Debit Card
104501,2025-09-11,CUST3419,Individual,Central,Nagpur,Online,Electronics,Wireless Mouse,2,1116.0,0.0,2232.0,0.0,2232.0,666.69,1333.38,898.62,Cash on Delivery
106000,2025-07-21,CUST4223,Individual,North,Chandigarh,Distributor,Furniture,Bookshelf,2,7918.34,0.1,15836.68,1583.67,14253.01,5849.78,11699.56,2553.45,UPI
101073,2025-09-13,CUST1840,Individual,South,Hyderabad,Retail Store,Stationery,Notebook Set,2,107.29,0.05,214.58,10.73,203.85,77.25,154.5,49.35,Net Banking
100484,2024-06-01,CUST2874,Small Business,South,Bengaluru,Online,Electronics,Bluetooth Speaker,2,3069.44,0.15,6138.88,920.83,5218.05,2032.49,4064.98,1153.07,UPI
101281,2025-08-23,CUST4305,Individual,South,Chennai,Distributor,Apparel,Running Shoes,3,1421.87,0.1,4265.61,426.56,3839.05,890.75,2672.25,1166.8,Cash on Delivery
105128,2024-04-07,CUST2463,Small Business,South,Chennai,Online,Electronics,Webcam HD,1,5325.17,0.0,5325.17,0.0,5325.17,3287.56,3287.56,2037.61,UPI
103681,2024-10-27,CUST4226,Individual, South  ,Hyderabad,Online,Electronics,Power Bank,3,5177.12,0.1,15531.36,1553.14,13978.22,3289.76,9869.28,4108.94,Debit Card
100792,2025-12-02,CUST1733,Small Business,West,Ahmedabad,Online,Electronics,Webcam HD,3,5247.94,0.0,15743.82,0.0,15743.82,3287.79,9863.37,5880.45,Credit Card
104896,2025-04-18,CUST1910,Individual,West,Pune,Online,Groceries,Organic Coffee,1,582.03,0.1,582.03,58.2,523.83,397.05,397.05,126.78,Credit Card
101202,2024-11-01,CUST1204,Enterprise,East,Kolkata,Online,Stationery,Desk Organizer,4,460.3,0.05,1841.2,92.06,1749.14,298.97,1195.88,553.26,Cash on Delivery
104519,2024-11-16,CUST4392,Individual,North,Delhi,Online,Stationery,Desk Organizer,4,383.7,0.0,1534.8,0.0,1534.8,275.71,1102.84,431.96,Cash on Delivery
103913,2024-10-27,CUST1389,Enterprise,North,Lucknow,Online,Apparel,Wool Sweater,2,2332.75,0.2,4665.5,933.1,3732.4,1711.72,3423.44,308.96,Debit Card
102363,2024-02-16,CUST4530,Individual,East,Patna,Online,Furniture,Desk Lamp,3,12303.03,0.1,36909.09,3690.91,33218.18,8178.91,24536.73,8681.45,Debit Card
103070,2025-10-16,CUST4106,Individual,East,Kolkata,Retail Store,Groceries,Green Tea Pack,1,722.87,0.0,722.87,0.0,722.87,526.54,526.54,196.33,UPI
103430,2024-09-26,CUST1236,Small Business,East,Bhubaneswar,Online,Stationery,Whiteboard,5,180.45,0.1,902.25,90.23,812.02,122.63,613.15,198.87,Debit Card
105972,2024-10-11,CUST1675,Enterprise,East,Patna,Distributor,Electronics,Laptop Stand,1,5674.58,0.0,5674.58,0.0,5674.58,4203.9,4203.9,1470.68,UPI
105839,2024-07-10,CUST1889,Small Business,South,Chennai,Retail Store,Groceries,Almond Butter,1,381.65,0.15,381.65,57.25,324.4,233.45,233.45,90.95,Net Banking
102592,2025-08-16,CUST1707,Individual,East,Patna,Online,Stationery,Whiteboard,2,572.13,0.0,1144.26,0.0,1144.26,374.69,749.38,394.88,Debit Card
102711,2025-08-06,CUST3497,Small Business,East,Patna,Distributor,Groceries,Granola Bars,4,482.77,0.05,1931.08,96.55,1834.53,280.69,1122.76,711.77,Credit Card
101530,2025-05-11,CUST1368,Small Business,South,Bengaluru,Retail Store,Electronics,Wireless Mouse,3,5638.32,0.1,16914.96,1691.5,15223.46,3122.01,9366.03,5857.43,Net Banking
104999,2025-09-01,CUST1662,Small Business,South,Bengaluru,Online,Furniture,Standing Desk,4,3852.4,0.0,15409.6,0.0,15409.6,2378.31,9513.24,5896.36,Cash on Delivery
102810,2025-10-06,CUST1055,Individual,West,Ahmedabad,Online,Stationery,Notebook Set,3,401.87,0.0,1205.61,0.0,1205.61,299.5,898.5,307.11,Debit Card
100686,2025-05-17,CUST1731,Individual,North,Chandigarh,Distributor,Electronics,Laptop Stand,4,2983.52,0.0,11934.08,0.0,11934.08,1646.99,6587.96,5346.12,Credit Card
101552,2024-01-13,CUST1856,Enterprise,East,Kolkata,Online,Apparel,Running Shoes,1,2250.79,0.1,2250.79,225.08,2025.71,1248.8,1248.8,776.91,Credit Card
104256,2024-04-23,CUST3746,Individual,East,Patna,Distributor,Groceries,Olive Oil,5,502.8,0.0,2514.0,0.0,2514.0,331.64,1658.2,855.8,UPI
105096,2024-02-08,CUST4050,Small Business,Central,Nagpur,Retail Store,Groceries,Organic Coffee,2,297.67,0.15,595.34,89.3,506.04,176.22,352.44,153.6,Cash on Delivery
103872,2025-08-08,CUST1491,Small Business,West,Pune,Online,Apparel,Rain Jacket,2,2601.51,0.0,5203.02,0.0,5203.02,1736.04,3472.08,1730.94,Cash on Delivery
105123,2024-04-25,CUST2940,Small Business,East,Bhubaneswar,Distributor,Stationery,Notebook Set,2,204.07,0.0,408.14,0.0,408.14,113.18,226.36,181.78,Credit Card
100561,2025-12-06,CUST4726,Individual,North,Delhi,Online,Stationery,Whiteboard,6,401.49,0.0,2408.94,0.0,2408.94,247.06,1482.36,926.58,Cash on Delivery
102251,2024-02-15,CUST1804,Individual,North,Lucknow,Distributor,Groceries,Granola Bars,1,496.11,0.05,496.11,24.81,471.3,292.92,292.92,178.38,Net Banking
105649,2025-03-25,CUST4120,Small Business, North  ,Lucknow,Online,FURNITURE,Standing Desk,6,11543.6,0.0,69261.6,0.0,69261.6,7450.59,44703.54,24558.06,Net Banking
103501,2025-10-19,CUST1349,Individual,Central,Raipur,Online,Stationery,Whiteboard,2,300.42,0.15,600.84,90.13,510.71,200.14,400.28,110.43,Net Banking
102690,2025-12-13,CUST2473,Individual,South,Chennai,Online,Electronics,Bluetooth Speaker,6,2161.46,0.1,12968.76,1296.88,11671.88,1312.93,7877.58,3794.3,UPI
104209,2024-03-16,CUST3263,Individual,East,Bhubaneswar,Online,Stationery,Notebook Set,5,335.3,0.0,1676.5,0.0,1676.5,218.5,1092.5,584.0,Debit Card
105876,2025-12-02,CUST2958,Small Business,South,Bengaluru,Online,Apparel,Denim Jacket,4,2204.09,0.15,8816.36,1322.45,7493.91,1594.22,6376.88,1117.03,Net Banking
103380,2025-04-29,CUST4660,Individual,South,Bengaluru,Retail Store,Apparel,Cotton T-Shirt,1,2360.57,0.0,2360.57,0.0,2360.57,1335.87,1335.87,1024.7,Credit Card
103194,2024-03-26,CUST1956,Small Business,North,Delhi,Retail Store,Electronics,USB-C Hub,3,3235.3,0.05,9705.9,485.3,9220.6,2178.99,6536.97,2683.63,UPI
101447,2025-05-01,CUST4621,Individual,North,Lucknow,Online,Electronics,Bluetooth Speaker,4,3226.5,0.15,12906.0,1935.9,10970.1,2263.5,9054.0,1916.1,Credit Card
101953,2024-04-12,CUST3341,Small Business,West,Mumbai,Online,Apparel,Denim Jacket,1,1207.92,0.2,1207.92,241.58,966.34,743.66,743.66,222.68,Credit Card
100923,2024-11-10,CUST3701,Individual,South,Chennai,Online,Furniture,Filing Cabinet,6,12069.51,0.1,72417.06,7241.71,65175.35,8786.42,52718.52,12456.83,Cash on Delivery
101625,2025-11-08,CUST4264,Individual,South,Bengaluru,Online,Apparel,Denim Jacket,8,1829.97,0.0,14639.76,0.0,14639.76,1219.89,9759.12,4880.64,Credit Card
100311,2024-08-08,CUST3480,Individual,North,Chandigarh,Retail Store,Apparel,Wool Sweater,3,1070.06,0.2,3210.18,642.04,2568.14,733.97,2201.91,366.23,Net Banking
101320,2024-03-21,CUST1196,Individual,South,Bengaluru,Online,Stationery,Desk Organizer,3,124.94,0.1,374.82,37.48,337.34,82.48,247.44,89.9,Net Banking
103532,2024-07-11,CUST4868,Individual,North,Lucknow,Online,Groceries,Almond Butter,1,308.61,0.0,308.61,0.0,308.61,194.44,194.44,114.17,Debit Card
101664,2024-01-11,CUST2708,Individual,Central,Raipur,Retail Store,Apparel,Rain Jacket,1,820.03,0.1,820.03,82.0,738.03,587.27,587.27,150.76,Credit Card
100816,2024-01-18,CUST3021,Individual,East,Bhubaneswar,Online,Groceries,Almond Butter,1,213.04,0.15,213.04,31.96,181.08,123.34,123.34,57.74,Credit Card
105481,2025-03-26,CUST4893,Individual,West,Mumbai,Online,Stationery,Whiteboard,1,152.32,0.0,152.32,0.0,152.32,99.48,99.48,52.84,UPI
102267,2025-01-06,CUST4402,Individual,West,Ahmedabad,Retail Store,Apparel,Wool Sweater,2,539.46,0.15,1078.92,161.84,917.08,375.11,750.22,166.86,Credit Card
101474,2024-01-20,CUST2039,Small Business,West,Mumbai,Online,Furniture,Office Chair,5,14237.71,0.2,71188.55,14237.71,56950.84,9137.3,45686.5,11264.34,Credit Card
101774,2024-04-12,CUST1234,Enterprise,East,Kolkata,Retail Store,Furniture,Standing Desk,3,2500.22,0.0,7500.66,0.0,7500.66,1700.26,5100.78,2399.88,Debit Card
104776,2024-09-13,CUST2137,Individual,South,Hyderabad,Online,Stationery,Gel Pens Pack,4,117.81,0.05,471.24,23.56,447.68,76.05,304.2,143.48,Credit Card
105580,2024-10-27,CUST2130,Individual,North,Lucknow,Online,Groceries,Organic Coffee,5,360.92,0.15,1804.6,270.69,1533.91,216.29,1081.45,452.46,Net Banking
101094,2024-06-10,CUST1532,Individual,Central,Raipur,Online,Furniture,Desk Lamp,6,7437.5,0.2,44625.0,8925.0,35700.0,5177.58,31065.48,4634.52,UPI
104177,2025-02-15,CUST4922,Individual,North,Lucknow,Online,Apparel,Wool Sweater,5,1216.13,0.1,6080.65,608.06,5472.59,869.41,4347.05,1125.54,Debit Card
101951,2025-03-04,CUST3844,Individual,North,Lucknow,Online,Electronics,Power Bank,3,1142.24,0.0,3426.72,0.0,3426.72,720.87,2162.61,1264.11,Net Banking
103885,2025-07-22,CUST2717,Enterprise,West,Pune,Online,Electronics,USB-C Hub,3,2821.62,0.0,8464.86,0.0,8464.86,1660.24,4980.72,3484.14,UPI
105461,2025-11-25,CUST3653,Individual,North,Delhi,Distributor,Stationery,Sticky Notes,8,171.02,0.0,1368.16,0.0,1368.16,120.32,962.56,405.6,Credit Card
105648,2025-06-11,CUST2650,Individual,Central,Bhopal,Online,Furniture,Desk Lamp,8,6693.39,0.1,53547.12,5354.71,48192.41,4156.44,33251.52,14940.89,Net Banking
102801,2025-12-15,CUST2003,Small Business,South,Bengaluru,Online,Groceries,Green Tea Pack,1,592.71,0.0,592.71,0.0,592.71,329.02,329.02,263.69,Credit Card
101240,2024-03-13,CUST3863,Individual,East,Bhubaneswar,Online,Groceries,Granola Bars,3,528.14,0.1,1584.42,158.44,1425.98,365.62,1096.86,329.12,Cash on Delivery
100330,2024-03-05,CUST1531,Individual,South,Hyderabad,Retail Store,Stationery,Whiteboard,2,488.51,0.0,977.02,0.0,977.02,350.28,700.56,276.46,Debit Card
103103,2024-09-12,CUST2067,Individual,Central,Bhopal,Retail Store,Apparel,Wool Sweater,7,2911.48,0.0,20380.36,0.0,20380.36,2126.61,14886.27,5494.09,Debit Card
100243,2024-07-14,CUST4884,Small Business,North,Lucknow,Retail Store,Electronics,Power Bank,1,2590.62,0.2,2590.62,518.12,2072.5,1448.53,1448.53,623.97,UPI
105658,2025-06-01,CUST4657,Individual,West,Ahmedabad,Retail Store,Electronics,USB-C Hub,1,4138.12,0.1,4138.12,413.81,3724.31,2695.79,2695.79,1028.52,Net Banking
104738,2025-07-06,CUST2399,Enterprise,North,Lucknow,Online,Electronics,Wireless Mouse,1,2039.86,0.0,2039.86,0.0,2039.86,1391.19,1391.19,648.67,Debit Card
104793,2024-12-27,CUST2096,Individual,East,Patna,Retail Store,Apparel,Cotton T-Shirt,3,2729.33,0.0,8187.99,0.0,8187.99,1765.15,5295.45,2892.54,Net Banking
102258,2024-05-12,CUST2006,Individual,Central,Bhopal,Retail Store,Groceries,Green Tea Pack,5,743.9,0.2,3719.5,743.9,2975.6,555.85,2779.25,196.35,UPI
102819,2024-11-02,CUST3639,Small Business,East,Kolkata,Distributor,Stationery,Desk Organizer,9,331.21,0.2,2980.89,596.18,2384.71,220.59,1985.31,399.4,Debit Card
103825,2024-05-11,CUST1675,Individual,Central,Bhopal,Online,Electronics,USB-C Hub,3,4504.96,0.0,13514.88,0.0,13514.88,3119.46,9358.38,4156.5,Debit Card
100754,2024-06-02,CUST3148,Small Business,North,Delhi,Retail Store,Groceries,Organic Coffee,3,808.86,0.1,2426.58,242.66,2183.92,521.28,1563.84,620.08,Debit Card
104532,2024-02-20,CUST2604,Individual,South,Bengaluru,Online,Electronics,Laptop Stand,3,2779.34,0.05,8338.02,416.9,7921.12,1883.59,5650.77,2270.35,Credit Card
101564,2024-03-01,CUST1947,Individual,South,Chennai,Online,Furniture,Office Chair,4,4600.4,0.15,18401.6,2760.24,15641.36,3079.93,12319.72,3321.64,Debit Card
101935,2024-12-07,CUST1307,Individual,Central,Nagpur,Retail Store,Electronics,Laptop Stand,11,942.55,0.0,10368.05,0.0,10368.05,565.36,6218.96,4149.09,Cash on Delivery
105792,2025-10-05,CUST4518,Individual,West,Mumbai,Online,Groceries,Green Tea Pack,3,591.74,0.2,1775.22,355.04,1420.18,443.11,1329.33,90.85,UPI
103494,2025-05-16,CUST2712,Individual,North,Chandigarh,Online,Groceries,Almond Butter,3,190.41,0.05,571.23,28.56,542.67,117.03,351.09,191.58,Credit Card
103023,2025-09-08,CUST2743,Small Business,Central,Bhopal,Distributor,Stationery,Sticky Notes,1,480.67,0.1,480.67,48.07,432.6,273.64,273.64,158.96,Credit Card
104648,2025-11-03,CUST4431,Small Business,North,Chandigarh,Retail Store,APPAREL,Rain Jacket,9,2565.45,0.0,23089.05,0.0,23089.05,1740.19,15661.71,7427.34,Credit Card
102649,2024-01-13,CUST4658,Individual,North,Lucknow,Online,Apparel,Rain Jacket,4,1283.78,0.0,5135.12,0.0,5135.12,884.49,3537.96,1597.16,Credit Card
101857,2024-07-07,CUST4291,Small Business,North,Delhi,Online,Stationery,Desk Organizer,1,130.86,0.1,130.86,13.09,117.77,95.98,95.98,21.79,Debit Card
104698,2025-11-07,CUST2675,Individual,North,Delhi,Online,Stationery,Whiteboard,6,112.91,0.1,677.46,67.75,609.71,83.16,498.96,110.75,Debit Card
103564,2025-03-30,CUST4640,Individual,West,Ahmedabad,Online,Electronics,Bluetooth Speaker,2,3172.45,0.0,6344.9,0.0,6344.9,2233.29,4466.58,1878.32,UPI
101965,2024-11-13,CUST1944,Individual,North,Lucknow,Retail Store,Stationery,Sticky Notes,1,155.19,0.05,155.19,7.76,147.43,98.77,98.77,48.66,Cash on Delivery
101014,2024-01-25,CUST1148,Individual,East,Bhubaneswar,Online,Groceries,Olive Oil,2,812.65,0.05,1625.3,81.27,1544.03,571.07,1142.14,401.89,Debit Card
101428,2025-08-10,CUST3487,Individual,North,Delhi,Retail Store,Apparel,Denim Jacket,2,1122.11,0.05,2244.22,112.21,2132.01,828.89,1657.78,474.23,Credit Card
103323,2025-08-30,CUST2618,Small Business,South,Bengaluru,Retail Store,Apparel,Cotton T-Shirt,1,1286.67,0.15,1286.67,193.0,1093.67,855.63,855.63,238.04,Cash on Delivery
101296,2025-07-25,CUST1536,Enterprise,North,Chandigarh,Retail Store,Stationery,Gel Pens Pack,3,204.19,0.05,612.57,30.63,581.94,143.09,429.27,152.67,Cash on Delivery
100467,2024-03-26,CUST4008,Small Business,East,Kolkata,Distributor,Apparel,Rain Jacket,1,1431.93,0.0,1431.93,0.0,1431.93,819.62,819.62,612.31,Cash on Delivery
104029,2024-11-25,CUST1231,Individual,West,,Online,Apparel,Running Shoes,6,2081.19,0.0,12487.14,0.0,12487.14,1558.63,9351.78,3135.36,Debit Card
100175,2024-07-21,CUST1807,Individual,West,Pune,Online,Groceries,Granola Bars,1,226.31,0.0,226.31,0.0,226.31,141.03,141.03,85.28,UPI
104881,2025-08-23,CUST4336,Small Business,South,Hyderabad,Online,Electronics,Power Bank,3,1784.25,0.1,5352.75,535.27,4817.48,1292.89,3878.67,938.81,Cash on Delivery
100278,2025-10-23,CUST3251,Individual,South,Bengaluru,Online,Stationery,Gel Pens Pack,4,658.07,0.1,2632.28,263.23,2369.05,422.65,1690.6,678.45,Net Banking
101070,2025-06-16,CUST2823,Individual,Central,Raipur,Distributor,Stationery,Desk Organizer,3,343.43,0.1,1030.29,103.03,927.26,246.36,739.08,188.18,Cash on Delivery
101549,2024-11-25,CUST1321,Small Business,North,Chandigarh,Retail Store,Electronics,Webcam HD,1,5869.94,0.1,5869.94,586.99,5282.95,3924.75,3924.75,1358.2,Debit Card
101025,2025-08-19,CUST4407,Small Business,Central,Bhopal,Retail Store,Electronics,Wireless Mouse,4,5464.69,0.2,21858.76,4371.75,17487.01,3580.56,14322.24,3164.77,UPI
105037,2024-01-17,CUST1266,Individual,East,Kolkata,Retail Store,Apparel,Denim Jacket,3,1251.48,0.1,3754.44,375.44,3379.0,734.34,2203.02,1175.98,Cash on Delivery
102835,2025-08-14,CUST3455,Individual,Central,Bhopal,Online,Apparel,Rain Jacket,2,502.51,0.0,1005.02,0.0,1005.02,331.99,663.98,341.04,UPI
101467,2024-01-31,CUST4864,Individual,Central,Nagpur,Retail Store,Apparel,Rain Jacket,5,2421.29,0.0,12106.45,0.0,12106.45,1664.54,8322.7,3783.75,UPI
105485,2024-03-23,CUST3073,Small Business,South,Hyderabad,Distributor,Stationery,Desk Organizer,4,261.51,0.1,1046.04,104.6,941.44,177.22,708.88,232.56,Debit Card
105003,2024-12-11,CUST2455,Individual,North,Chandigarh,Online,Groceries,Green Tea Pack,4,577.26,0.0,2309.04,0.0,2309.04,405.09,1620.36,688.68,UPI
101714,2024-05-23,CUST3061,Small Business,South,Bengaluru,Online,Stationery,Whiteboard,4,630.63,0.15,2522.52,378.38,2144.14,412.18,1648.72,495.42,UPI
103425,2024-05-08,CUST3965,Small Business,West,Pune,Online,Furniture,Filing Cabinet,4,5607.43,0.2,22429.72,4485.94,17943.78,3244.25,12977.0,4966.78,Net Banking
102612,2025-12-05,CUST2612,Small Business,West,Pune,Retail Store,Apparel,Rain Jacket,8,1957.08,0.05,15656.64,782.83,14873.81,1129.27,9034.16,5839.65,Cash on Delivery
100389,2024-10-13,CUST1216,Individual,North,Lucknow,Distributor,Groceries,Granola Bars,2,663.06,0.1,1326.12,132.61,1193.51,406.12,812.24,381.27,Credit Card
102071,2025-06-18,CUST3967,Small Business,North,Chandigarh,Online,Groceries,Organic Coffee,3,425.26,0.05,1275.78,63.79,1211.99,289.08,867.24,344.75,Debit Card
103971,2024-07-02,CUST2639,Individual,North,Delhi,Distributor,Apparel,Wool Sweater,2,1880.81,0.05,3761.62,188.08,3573.54,1373.4,2746.8,826.74,UPI
103496,2025-12-13,CUST2727,Small Business,North,Delhi,Online,Furniture,Bookshelf,4,11494.34,0.2,45977.36,9195.47,36781.89,7201.07,28804.28,7977.61,Cash on Delivery
102822,2025-03-21,CUST3362,Small Business,West,Ahmedabad,Distributor,Groceries,Olive Oil,6,423.59,0.0,2541.54,0.0,2541.54,243.66,1461.96,1079.58,Credit Card
104977,2025-12-13,CUST3382,Small Business,South,Chennai,Retail Store,Furniture,Bookshelf,3,11837.51,0.0,35512.53,0.0,35512.53,7866.57,23599.71,11912.82,Cash on Delivery
101425,2024-06-04,CUST4002,Small Business,West,Mumbai,Distributor,Furniture,Standing Desk,5,9503.21,0.0,47516.05,0.0,47516.05,6256.49,31282.45,16233.6,Debit Card
103543,2024-02-12,CUST1260,Individual,East,Bhubaneswar,Retail Store,Groceries,Organic Coffee,1,762.93,0.0,762.93,0.0,762.93,518.91,518.91,244.02,Cash on Delivery
105926,02-Feb-2024,CUST2599,Small Business,Central,Raipur,Distributor,Groceries,Green Tea Pack,5,633.87,0.2,3169.35,633.87,2535.48,464.39,2321.95,213.53,Credit Card
103575,11-18-2025,CUST2546,Small Business,East,Bhubaneswar,Retail Store,Electronics,USB-C Hub,1,3460.46,0.05,3460.46,173.02,3287.44,2344.91,2344.91,942.53,Debit Card
100051,2025-04-06,CUST1810,Small Business,East,Kolkata,Online,Stationery,Whiteboard,1,467.54,0.15,467.54,70.13,397.41,332.32,332.32,65.09,Net Banking
101888,2024-02-07,CUST3017,Individual,East,Patna,Online,Groceries,Organic Coffee,2,316.99,0.1,633.98,63.4,570.58,204.19,408.38,162.2,Debit Card
103696,2024-10-11,CUST3055,Individual,Central,Nagpur,Online,Apparel,Rain Jacket,5,2129.79,0.0,10648.95,0.0,10648.95,1572.66,7863.3,2785.65,UPI
104230,2024-03-27,CUST4838,Individual, West  ,Mumbai,Online,Stationery,Notebook Set,2,80.95,0.15,161.9,24.29,137.61,56.33,112.66,24.95,Debit Card
105202,18/06/2025,CUST4145,Individual,South,Hyderabad,Online,Apparel,Denim Jacket,5,2551.73,0.05,12758.65,637.93,12120.72,1663.33,8316.65,3804.07,Debit Card
104800,2024-12-26,CUST2616,Individual,South,Chennai,Online,Apparel,Cotton T-Shirt,1,2170.31,0.0,2170.31,0.0,2170.31,1591.18,1591.18,579.13,UPI
100483,2024-09-26,CUST1773,Individual,Central,Nagpur,Online,Stationery,Sticky Notes,3,487.6,0.2,1462.8,292.56,1170.24,311.09,933.27,236.97,UPI
103394,2025-07-29,CUST3880,Small Business,East,Bhubaneswar,Online,Electronics,Laptop Stand,2,978.82,0.1,1957.64,195.76,1761.88,541.69,1083.38,678.5,Credit Card
105242,2025-12-04,CUST1131,Small Business,North,Chandigarh,Online,Furniture,Filing Cabinet,9,14056.32,0.15,126506.88,18976.03,107530.85,9157.04,82413.36,25117.49,Net Banking
102252,2024-08-29,CUST4311,Individual,North,Chandigarh,Online,Electronics,Laptop Stand,6,4207.56,0.0,25245.36,0.0,25245.36,2333.45,14000.7,11244.66,Net Banking
104163,2024-04-26,CUST1673,Enterprise,Central,Raipur,Online,Furniture,Desk Lamp,2,2379.28,0.05,4758.56,237.93,4520.63,1730.3,3460.6,1060.03,Credit Card
102314,2025-10-08,CUST3414,Small Business, North  ,Lucknow,Online,Groceries,Organic Coffee,5,315.21,0.1,1576.05,157.61,1418.44,214.3,1071.5,346.94,Credit Card
102850,2025-07-24,CUST1238,Small Business,East,Patna,Online,Electronics,Wireless Mouse,5,5598.16,0.2,27990.8,5598.16,22392.64,3781.15,18905.75,3486.89,Net Banking
105662,2025-08-04,CUST3208,Individual,West,Ahmedabad,Retail Store,Groceries,Organic Coffee,6,216.99,0.0,1301.94,0.0,1301.94,147.15,882.9,419.04,Cash on Delivery
103104,2024-04-06,CUST2600,Individual,West,Mumbai,Online,Groceries,Olive Oil,6,524.83,0.15,3148.98,472.35,2676.63,309.76,1858.56,818.07,Debit Card
105004,2025-08-03,CUST1601,Individual,Central,Raipur,Online,Apparel,Cotton T-Shirt,3,1182.82,0.2,3548.46,709.69,2838.77,685.21,2055.63,783.14,Net Banking
104128,2024-06-05,CUST3349,Individual,West,Mumbai,Retail Store,Electronics,Webcam HD,1,5260.48,0.2,5260.48,1052.1,4208.38,3141.79,3141.79,1066.59,UPI
103868,2024-07-17,CUST4260,Individual,Central,Bhopal,Online,Electronics,Bluetooth Speaker,8,1348.24,0.15,10785.92,1617.89,9168.03,895.55,7164.4,2003.63,Net Banking
102466,2025-04-29,CUST2221,Individual,East,Patna,Online,Electronics,Power Bank,3,2107.31,0.0,6321.93,0.0,6321.93,1554.07,4662.21,1659.72,UPI
102930,2025-01-29,CUST1548,Individual,West,Ahmedabad,Retail Store,Furniture,Standing Desk,4,11709.19,0.0,46836.76,0.0,46836.76,7702.44,30809.76,16027.0,Cash on Delivery
105864,2025-03-19,CUST4241,Small Business,North,Lucknow,Online,Stationery,Whiteboard,1,153.44,0.1,153.44,15.34,138.1,93.43,93.43,44.67,Cash on Delivery
104107,2025-11-08,CUST1988,Enterprise,West,Ahmedabad,Online,Electronics,Power Bank,1,4313.9,0.2,4313.9,862.78,3451.12,2432.13,2432.13,1018.99,Net Banking
100065,2024-09-03,CUST2415,Individual,South,Bengaluru,Online,Groceries,Granola Bars,6,365.72,0.0,2194.32,0.0,2194.32,233.46,1400.76,793.56,Net Banking
105725,2024-12-19,CUST1157,Individual,Central,Nagpur,Retail Store,Electronics,Bluetooth Speaker,8,5426.63,0.05,43413.04,2170.65,41242.39,4000.81,32006.48,9235.91,Debit Card
100777,2024-03-16,CUST2741,Small Business,North,Delhi,Retail Store,Stationery,Whiteboard,2,455.53,0.0,911.06,0.0,911.06,322.04,644.08,266.98,Debit Card
104174,2025-05-01,CUST3904,Enterprise,East,Kolkata,Online,Furniture,Filing Cabinet,2,6569.81,0.15,13139.62,1970.94,11168.68,4316.92,8633.84,2534.84,Net Banking
104588,2024-09-29,CUST4251,Enterprise,North,Lucknow,Retail Store,Electronics,Webcam HD,2,3741.9,0.0,7483.8,0.0,7483.8,2276.18,4552.36,2931.44,Credit Card
102735,2025-10-10,CUST3284,Individual,West,Ahmedabad,Retail Store,Furniture,Desk Lamp,3,12910.64,0.15,38731.92,5809.79,32922.13,9212.52,27637.56,5284.57,Net Banking
102581,2024-06-30,CUST3896,Individual,East,Patna,Retail Store,Apparel,Wool Sweater,2,2272.78,0.1,4545.56,454.56,4091.0,1689.65,3379.3,711.7,Debit Card
104617,2024-04-26,CUST4818,Individual,West,Mumbai,Retail Store,Stationery,Whiteboard,2,502.85,0.2,1005.7,201.14,804.56,311.17,622.34,182.22,Credit Card
103484,2024-07-19,CUST4693,Individual,Central,Nagpur,Online,Stationery,Whiteboard,5,422.35,0.15,2111.75,316.76,1794.99,245.42,1227.1,567.89,UPI
105895,2025-09-26,CUST4556,Enterprise,East,Patna,Retail Store,Apparel,Running Shoes,3,1252.67,0.15,3758.01,563.7,3194.31,898.04,2694.12,500.19,Net Banking
102345,2025-06-30,CUST1334,Small Business,East,Kolkata,Online,Furniture,Standing Desk,1,11444.86,0.05,11444.86,572.24,10872.62,7385.63,7385.63,3486.99,Credit Card
104688,2025-03-20,CUST1311,Small Business,East,Bhubaneswar,Online,Groceries,Organic Coffee,3,556.5,0.0,1669.5,0.0,1669.5,358.39,1075.17,594.33,Credit Card
102816,2024-05-04,CUST4117,Individual,West,Pune,Online,STATIONERY,Whiteboard,3,315.43,0.05,946.29,47.31,898.98,191.33,573.99,324.99,Net Banking
105680,2025-06-23,CUST3836,Individual,North,Lucknow,Distributor,Furniture,Filing Cabinet,2,14100.15,0.0,28200.3,0.0,28200.3,10474.66,20949.32,7250.98,Cash on Delivery
105382,2024-02-03,CUST2285,Individual,East,Bhubaneswar,Online,Electronics,Wireless Mouse,4,2568.97,0.05,10275.88,513.79,9762.09,1433.07,5732.28,4029.81,UPI
104027,2025-10-13,CUST4386,Individual,North,Lucknow,Retail Store,Apparel,Rain Jacket,2,2765.93,0.0,5531.86,0.0,5531.86,1920.66,3841.32,1690.54,Net Banking
100725,2025-04-13,CUST2877,Small Business,West,Mumbai,Retail Store,Electronics,Webcam HD,3,5444.75,0.05,16334.25,816.71,15517.54,3955.53,11866.59,3650.95,Credit Card
105546,2024-04-07,CUST2484,Enterprise,West,Mumbai,Retail Store,Groceries,Organic Coffee,2,846.17,0.0,1692.34,0.0,1692.34,609.35,1218.7,473.64,Debit Card
105525,2025-07-29,CUST2505,Small Business,West,Ahmedabad,Distributor,Apparel,Cotton T-Shirt,3,2580.72,0.05,7742.16,387.11,7355.05,1795.73,5387.19,1967.86,Cash on Delivery
105992,2025-06-24,CUST3746,Individual,East,Patna,Online,STATIONERY,Whiteboard,1,659.19,0.05,659.19,32.96,626.23,366.5,366.5,259.73,Debit Card
105309,2025-10-09,CUST3903,Individual,West,Mumbai,Retail Store,Stationery,Whiteboard,1,165.29,0.15,165.29,24.79,140.5,96.15,96.15,44.35,Debit Card
105888,2024-11-05,CUST3084,Enterprise,West,Pune,Online,Electronics,Wireless Mouse,1,4438.73,0.05,4438.73,221.94,4216.79,3053.66,3053.66,1163.13,Credit Card
101736,08-08-2025,CUST1441,Enterprise,West,Pune,Retail Store,Furniture,Bookshelf,3,6142.38,0.0,18427.14,0.0,18427.14,4115.55,12346.65,6080.49,Debit Card
103125,2024-02-28,CUST1392,Small Business,North,Chandigarh,Online,Stationery,Sticky Notes,2,394.97,0.15,789.94,118.49,671.45,274.95,549.9,121.55,Net Banking
104941,2024-02-24,CUST4968,Individual,South,Chennai,Retail Store,Furniture,Standing Desk,1,10152.45,0.1,10152.45,1015.25,9137.2,7482.38,7482.38,1654.82,Debit Card
105079,2024-06-19,CUST4808,Individual,North,Lucknow,Retail Store,Apparel,Wool Sweater,3,832.61,0.05,2497.83,124.89,2372.94,600.68,1802.04,570.9,UPI
104803,2024-12-27,CUST4399,Individual,West,Pune,Online,Stationery,Whiteboard,4,652.93,0.1,2611.72,261.17,2350.55,380.87,1523.48,827.07,Net Banking
100274,01-25-2024,CUST2295,Small Business,North,Delhi,Online,GROCERIES,Almond Butter,1,343.99,0.15,343.99,51.6,292.39,217.02,217.02,75.37,UPI
102945,2024-07-18,CUST3190,Individual,West,Mumbai,Retail Store,Furniture,Filing Cabinet,6,7799.01,0.1,46794.06,4679.41,42114.65,4538.06,27228.36,14886.29,Credit Card
105769,2025-10-11,CUST2791,Enterprise,West,Pune,Distributor,Electronics,Wireless Mouse,5,1597.06,0.0,7985.3,0.0,7985.3,932.75,4663.75,3321.55,UPI
105060,2024-01-06,CUST3243,Individual,East,Patna,Online,Stationery,Sticky Notes,2,324.79,0.0,649.58,0.0,649.58,224.46,448.92,200.66,Cash on Delivery
105519,2024-09-12,CUST3906,Small Business,North,Delhi,Online,Furniture,Standing Desk,2,4252.49,0.15,8504.98,1275.75,7229.23,2603.03,5206.06,2023.17,Cash on Delivery
101453,2024-05-18,CUST2631,Individual,South,Bengaluru,Distributor,Furniture,Filing Cabinet,1,14913.08,0.2,14913.08,2982.62,11930.46,9561.95,9561.95,2368.51,Credit Card
102716,2024-01-25,CUST4391,Individual,South,Bengaluru,Online,Apparel,Cotton T-Shirt,1,677.57,0.05,677.57,33.88,643.69,478.55,478.55,165.14,Cash on Delivery
104246,2024-04-09,CUST4671,Enterprise,North,Delhi,Online,Groceries,Almond Butter,3,237.9,0.0,713.7,0.0,713.7,168.28,504.84,208.86,Debit Card
102693,2024-07-18,CUST2534,Small Business,South,Bengaluru,Online,Electronics,Power Bank,1,1958.54,0.1,1958.54,195.85,1762.69,1272.21,1272.21,490.48,UPI
102768,2024-04-11,CUST2800,Individual,East,Kolkata,Online,Groceries,Organic Coffee,2,525.56,0.0,1051.12,0.0,1051.12,390.61,781.22,269.9,Net Banking
100219,2024-12-25,CUST1428,Small Business,North,Chandigarh,Retail Store,Stationery,Whiteboard,4,262.84,0.0,1051.36,0.0,1051.36,158.29,633.16,418.2,Debit Card
100240,2025-08-17,CUST2874,Individual,West,Mumbai,Online,Stationery,Notebook Set,5,292.46,0.1,1462.3,146.23,1316.07,213.08,1065.4,250.67,Cash on Delivery
101132,2024-10-02,CUST3959,Enterprise,South,Hyderabad,Distributor,Groceries,Green Tea Pack,2,660.4,0.1,1320.8,132.08,1188.72,463.8,927.6,261.12,Debit Card
105733,2024-05-23,CUST3308,Individual,East,Bhubaneswar,Online,Stationery,Notebook Set,1,575.71,0.0,575.71,0.0,575.71,396.88,396.88,178.83,Cash on Delivery
103265,2024-12-29,CUST1234,Individual,West,Pune,Online,Furniture,Office Chair,3,14675.71,0.0,44027.13,0.0,44027.13,8113.49,24340.47,19686.66,Debit Card
102240,2024-01-08,CUST4958,Small Business,East,Patna,Retail Store,Electronics,Wireless Mouse,4,3226.03,0.05,12904.12,645.21,12258.91,1777.29,7109.16,5149.75,Credit Card
105350,2024-12-27,CUST4643,Individual,North,Chandigarh,Online,Electronics,Webcam HD,4,935.43,0.0,3741.72,0.0,3741.72,679.32,2717.28,1024.44,Net Banking
105150,2024-04-28,CUST1152,Individual,Central,Nagpur,Retail Store,Groceries,Organic Coffee,1,366.56,0.1,366.56,36.66,329.9,228.52,228.52,101.38,Cash on Delivery
101384,2025-08-19,CUST4451,Small Business,South,Hyderabad,Distributor,Apparel,Wool Sweater,5,2245.94,0.1,11229.7,1122.97,10106.73,1568.52,7842.6,2264.13,Net Banking
103075,2025-03-31,CUST2825,Enterprise,Central,Bhopal,Retail Store,Stationery,Whiteboard,1,618.82,0.1,618.82,61.88,556.94,370.33,370.33,186.61,Debit Card
104861,2024-09-29,CUST3164,Small Business,West,Mumbai,Online,Groceries,Green Tea Pack,5,833.57,0.0,4167.85,0.0,4167.85,562.55,2812.75,1355.1,Net Banking
101358,2025-06-30,CUST3467,Individual,Central,Nagpur,Retail Store,Groceries,Green Tea Pack,6,574.13,0.0,3444.78,0.0,3444.78,353.22,2119.32,1325.46,Credit Card
104872,2025-07-02,CUST1234,Individual,South,Chennai,Online,Stationery,Sticky Notes,2,95.51,0.05,191.02,9.55,181.47,58.79,117.58,63.89,Debit Card
102631,2024-12-29,CUST2053,Individual,West,Ahmedabad,Retail Store,Stationery,Notebook Set,8,374.79,0.0,2998.32,0.0,2998.32,258.65,2069.2,929.12,Cash on Delivery
102833,2024-03-04,CUST1579,Small Business,Central,Bhopal,Online,Groceries,Granola Bars,6,787.48,0.15,4724.88,708.73,4016.15,524.39,3146.34,869.81,Cash on Delivery
100625,2024-12-28,CUST4151,Individual,East,Bhubaneswar,Online,Electronics,Wireless Mouse,9,3040.18,0.05,27361.62,1368.08,25993.54,1676.3,15086.7,10906.84,Net Banking
100840,2024-02-27,CUST2136,Small Business,Central,Bhopal,Online,Groceries,Granola Bars,1,492.05,0.1,492.05,49.21,442.84,296.78,296.78,146.06,UPI
104724,2024-02-21,CUST1540,Individual,East,Kolkata,Online,Stationery,Notebook Set,1,661.01,0.1,661.01,66.1,594.91,396.59,396.59,198.32,Cash on Delivery
100324,2024-07-22,CUST2037,Individual,Central,Raipur,Distributor,Groceries,Organic Coffee,1,696.18,0.1,696.18,69.62,626.56,455.43,455.43,171.13,Cash on Delivery
105611,2025-04-07,CUST1597,Small Business,North,Chandigarh,Online,Furniture,Office Chair,1,14511.74,0.1,14511.74,1451.17,13060.57,10198.01,10198.01,2862.56,Cash on Delivery
101868,2024-03-22,CUST2007,Individual,North,Delhi,Online,Stationery,Desk Organizer,3,574.54,0.2,1723.62,344.72,1378.9,353.07,1059.21,319.69,UPI
105257,2025-06-05,CUST1607,Small Business,East,Patna,Online,Apparel,Rain Jacket,2,2444.68,0.1,4889.36,488.94,4400.42,1394.12,2788.24,1612.18,Debit Card
102827,2024-12-10,CUST4196,Small Business,West,Mumbai,Online,Groceries,Olive Oil,6,400.47,0.0,2402.82,0.0,2402.82,296.51,1779.06,623.76,Net Banking
105173,2025-01-29,CUST4564,Enterprise,West,Ahmedabad,Online,Electronics,Bluetooth Speaker,1,1193.31,0.0,1193.31,0.0,1193.31,751.97,751.97,441.34,UPI
105514,2025-10-26,CUST4461,Enterprise,West,Mumbai,Distributor,Electronics,Wireless Mouse,4,1539.03,0.2,6156.12,1231.22,4924.9,945.13,3780.52,1144.38,Cash on Delivery
100438,2025-04-19,CUST2135,Individual,North,Delhi,Online,Furniture,Office Chair,2,5739.96,0.0,11479.92,0.0,11479.92,3294.0,6588.0,4891.92,Cash on Delivery
100120,2025-05-09,CUST4525,Individual,East,Patna,Online,Furniture,Filing Cabinet,1,8037.75,0.0,8037.75,0.0,8037.75,5601.03,5601.03,2436.72,Credit Card
105475,2025-01-04,CUST1579,Individual,East,Bhubaneswar,Distributor,Stationery,Notebook Set,1,235.65,0.0,235.65,0.0,235.65,148.39,148.39,87.26,Credit Card
105674,2024-03-09,CUST4018,Small Business,South,Hyderabad,Online,Electronics,Laptop Stand,1,2730.39,0.0,2730.39,0.0,2730.39,1857.65,1857.65,872.74,Credit Card
101840,2024-12-07,CUST4529,Small Business,South,Chennai,Distributor,Groceries,Almond Butter,8,623.47,0.15,4987.76,748.16,4239.6,438.01,3504.08,735.52,UPI
101027,2024-06-15,CUST1635,Individual,East,Bhubaneswar,Online,Groceries,Olive Oil,1,649.69,0.05,649.69,32.48,617.21,376.65,376.65,240.56,Cash on Delivery
103302,2024-07-01,CUST4888,Individual,West,Mumbai,Distributor,Furniture,Office Chair,1,14113.01,0.0,14113.01,0.0,14113.01,9506.24,9506.24,4606.77,UPI
104173,2024-04-14,CUST3701,Individual,East,Kolkata,Online,Stationery,Whiteboard,4,241.64,0.15,966.56,144.98,821.58,144.29,577.16,244.42,Net Banking
103102,2025-02-22,CUST2668,Individual,South,Bengaluru,Distributor,Groceries,Organic Coffee,1,347.29,0.2,347.29,69.46,277.83,230.42,230.42,47.41,Debit Card
100901,2024-01-29,CUST3351,Small Business,East,Kolkata,Distributor,Stationery,Desk Organizer,5,503.57,0.0,2517.85,0.0,2517.85,337.36,1686.8,831.05,UPI
104468,2024-07-10,CUST3041,Enterprise,West,Ahmedabad,Online,Groceries,Green Tea Pack,3,398.46,0.0,1195.38,0.0,1195.38,267.59,802.77,392.61,Debit Card
101205,2024-12-10,CUST1623,Small Business,North,Chandigarh,Retail Store,Apparel,Cotton T-Shirt,4,2206.46,0.0,8825.84,0.0,8825.84,1265.81,5063.24,3762.6,Debit Card
105990,07/11/2025,CUST4959,Small Business,East,Kolkata,Retail Store,Furniture,Filing Cabinet,4,14590.99,0.0,58363.96,0.0,58363.96,8592.45,34369.8,23994.16,Debit Card
104033,2024-02-29,CUST2470,Individual,Central,Bhopal,Retail Store,Stationery,Sticky Notes,1,228.63,0.0,228.63,0.0,228.63,133.85,133.85,94.78,Net Banking
105038,2025-10-04,CUST3987,Individual,Central,Nagpur,Distributor,Apparel,Cotton T-Shirt,4,2043.45,0.0,8173.8,0.0,8173.8,1151.93,4607.72,3566.08,Debit Card
104051,2024-11-18,CUST4581,Individual,East,Kolkata,Retail Store,Stationery,Desk Organizer,4,464.6,0.05,1858.4,92.92,1765.48,280.42,1121.68,643.8,Cash on Delivery
100553,2024-03-27,CUST1101,Individual,Central,Nagpur,Online,Apparel,Wool Sweater,1,1615.63,0.0,1615.63,0.0,1615.63,976.82,976.82,638.81,Credit Card
100407,2024-03-14,CUST1398,Enterprise,South,Chennai,Retail Store,Electronics,Power Bank,1,4015.53,0.0,4015.53,0.0,4015.53,2867.68,2867.68,1147.85,Cash on Delivery
105492,30/03/2024,CUST2277,Individual,Central,Bhopal,Online,Groceries,Olive Oil,3,309.03,0.0,927.09,0.0,927.09,173.34,520.02,407.07,Debit Card
101614,2025-10-08,CUST3092,Individual,East,Bhubaneswar,Online,Stationery,Notebook Set,6,605.35,0.2,3632.1,726.42,2905.68,425.25,2551.5,354.18,Debit Card
102935,2024-03-20,CUST1004,Small Business,West,Ahmedabad,Online,Stationery,Whiteboard,5,248.71,0.0,1243.55,0.0,1243.55,175.03,875.15,368.4,Cash on Delivery
105065,2025-02-26,CUST1467,Small Business,North,Chandigarh,Distributor,Furniture,Bookshelf,1,6542.55,0.05,6542.55,327.13,6215.42,4875.61,4875.61,1339.81,Credit Card
103299,2024-12-09,CUST3774,Individual,East,Patna,Retail Store,Stationery,Desk Organizer,1,96.9,0.0,96.9,0.0,96.9,68.7,68.7,28.2,UPI
102834,2024-08-01,CUST3755,Individual,South,Bengaluru,Retail Store,Groceries,Almond Butter,4,361.05,0.0,1444.2,0.0,1444.2,248.89,995.56,448.64,Cash on Delivery
102350,08-30-2025,CUST3361,Individual,West,Ahmedabad,Distributor,Furniture,Filing Cabinet,2,4408.64,0.2,8817.28,1763.46,7053.82,3242.91,6485.82,568.0,UPI
104786,2024-03-03,CUST4660,Small Business,North,Lucknow,Online,Groceries,Organic Coffee,5,521.76,0.05,2608.8,130.44,2478.36,322.16,1610.8,867.56,Credit Card
103110,11-15-2024,CUST3214,Small Business,Central,Nagpur,Online,Stationery,Whiteboard,6,225.62,0.0,1353.72,0.0,1353.72,151.47,908.82,444.9,Debit Card
101739,2025-05-25,CUST1098,Individual,North,Delhi,Retail Store,Furniture,Bookshelf,2,2645.18,0.0,5290.36,0.0,5290.36,1500.35,3000.7,2289.66,UPI
100237,2025-06-13,CUST3343,Small Business,Central,Nagpur,Retail Store,Furniture,Office Chair,5,14967.1,0.0,74835.5,0.0,74835.5,9977.14,49885.7,24949.8,UPI
103164,2025-04-14,CUST1527,Individual,South,Chennai,Online,Stationery,Sticky Notes,2,232.51,0.0,465.02,0.0,465.02,145.4,290.8,174.22,Net Banking
100500,2024-04-29,CUST3466,Individual,East,Patna,Retail Store,Groceries,Granola Bars,2,530.73,0.15,1061.46,159.22,902.24,327.9,655.8,246.44,Credit Card
104919,2025-03-05,CUST4199,Individual,Central,Nagpur,Online,Groceries,Olive Oil,5,732.19,0.0,3660.95,0.0,3660.95,469.42,2347.1,1313.85,UPI
103626,2025-01-06,CUST3266,Small Business,North,Lucknow,Retail Store,Stationery,Sticky Notes,3,569.43,0.0,1708.29,0.0,1708.29,355.52,1066.56,641.73,Debit Card
103128,2025-11-03,CUST2318,Individual,North,Lucknow,Retail Store,Furniture,Office Chair,4,3044.34,0.2,12177.36,2435.47,9741.89,2074.78,8299.12,1442.77,Credit Card
100795,2025-07-12,CUST1255,Small Business,East,Kolkata,Retail Store,Electronics,Wireless Mouse,5,1719.92,0.05,8599.6,429.98,8169.62,1165.24,5826.2,2343.42,UPI
103359,2025-11-27,CUST3791,Small Business,South,Hyderabad,Retail Store,Groceries,Organic Coffee,1,352.82,0.0,352.82,0.0,352.82,236.79,236.79,116.03,Cash on Delivery
103292,2024-10-18,CUST4659,Individual,East,Patna,Retail Store,Electronics,Bluetooth Speaker,4,3078.57,0.15,12314.28,1847.14,10467.14,1730.79,6923.16,3543.98,Net Banking
103973,2025-04-04,CUST2146,Small Business,South,Chennai,Online,Stationery,Notebook Set,1,608.4,0.1,608.4,60.84,547.56,437.87,437.87,109.69,Credit Card
100991,2025-06-09,CUST4147,Enterprise,East,Kolkata,Retail Store,Furniture,Bookshelf,3,6354.98,0.15,19064.94,2859.74,16205.2,4332.97,12998.91,3206.29,Net Banking
104664,2025-01-24,CUST1439,Small Business, North  ,Lucknow,Retail Store,Electronics,USB-C Hub,5,4615.28,0.2,23076.4,4615.28,18461.12,3245.75,16228.75,2232.37,Net Banking
102436,2025-07-09,CUST4071,Individual,Central,Nagpur,Retail Store,Stationery,Sticky Notes,5,108.46,0.0,542.3,0.0,542.3,72.67,363.35,178.95,Credit Card
103377,2024-10-15,CUST3745,Enterprise,South,Chennai,Online,Apparel,Wool Sweater,3,1729.89,0.15,5189.67,778.45,4411.22,983.13,2949.39,1461.83,Net Banking
100391,2024-11-07,CUST4487,Individual,North,Lucknow,Online,Stationery,Sticky Notes,4,380.55,0.0,1522.2,0.0,1522.2,247.78,991.12,531.08,UPI
104840,2024-06-24,CUST1157,Small Business,East,Patna,Online,Groceries,Olive Oil,2,848.49,0.15,1696.98,254.55,1442.43,632.5,1265.0,177.43,UPI
102401,2024-05-16,CUST1277,Individual,South,Hyderabad,Online,Groceries,Granola Bars,3,253.47,0.05,760.41,38.02,722.39,177.76,533.28,189.11,Debit Card
101218,2024-09-03,CUST4180,Individual,South,Hyderabad,Online,Stationery,Notebook Set,3,439.15,0.1,1317.45,131.75,1185.7,287.88,863.64,322.06,Debit Card
100236,2025-01-18,CUST1614,Individual,Central,Nagpur,Online,Stationery,Desk Organizer,1,486.79,0.15,486.79,73.02,413.77,296.82,296.82,116.95,Credit Card
100332,2024-03-13,CUST1166,Individual,West,Mumbai,Online,Electronics,Bluetooth Speaker,1,4666.08,0.1,4666.08,466.61,4199.47,2814.41,2814.41,1385.06,Credit Card
104577,2025-05-01,CUST4770,Small Business,West,Pune,Retail Store,Furniture,Filing Cabinet,8,2617.25,0.0,20938.0,0.0,20938.0,1544.58,12356.64,8581.36,UPI
103189,2025-03-25,CUST3497,Individual,North,Lucknow,Retail Store,Furniture,Bookshelf,1,4298.39,0.2,4298.39,859.68,3438.71,2393.76,2393.76,1044.95,Net Banking
100045,2025-12-09,CUST1788,Individual,Central,Nagpur,Online,Furniture,Bookshelf,4,9155.05,0.0,36620.2,0.0,36620.2,5256.2,21024.8,15595.4,Debit Card
105676,2024-12-02,CUST1863,Individual,South,Bengaluru,Retail Store,Groceries,Organic Coffee,6,338.03,0.05,2028.18,101.41,1926.77,222.01,1332.06,594.71,Debit Card
104217,2025-04-22,CUST1412,Small Business,North,Lucknow,Retail Store,Stationery,Whiteboard,4,537.84,0.15,2151.36,322.7,1828.66,304.39,1217.56,611.1,Credit Card
103437,2025-08-28,CUST2879,Small Business,North,Delhi,Online,Apparel,Cotton T-Shirt,2,1659.8,0.0,3319.6,0.0,3319.6,1049.69,2099.38,1220.22,UPI
103073,2025-02-01,CUST2575,Small Business,East,Bhubaneswar,Online,Furniture,Office Chair,1,11422.74,0.1,11422.74,1142.27,10280.47,7419.81,7419.81,2860.66,Net Banking
103135,2025-05-28,CUST2745,Individual,East,Patna,Online,Groceries,Olive Oil,2,438.13,0.0,876.26,0.0,876.26,304.48,608.96,267.3,Net Banking
105369,2025-08-05,CUST4652,Small Business,Central,Nagpur,Distributor,Apparel,Rain Jacket,2,2007.17,0.05,4014.34,200.72,3813.62,1274.2,2548.4,1265.22,Credit Card
104046,2025-06-06,CUST3036,Individual,Central,Bhopal,Online,Furniture,Desk Lamp,5,9072.43,0.05,45362.15,2268.11,43094.04,6073.53,30367.65,12726.39,Cash on Delivery
105023,2024-03-12,CUST1356,Individual,North,Lucknow,Retail Store,FURNITURE,Desk Lamp,2,14868.98,0.0,29737.96,0.0,29737.96,10253.79,20507.58,9230.38,UPI
101595,2024-10-08,CUST2445,Individual,North,Chandigarh,Online,Electronics,Wireless Mouse,4,5008.33,0.0,20033.32,0.0,20033.32,3170.0,12680.0,7353.32,Net Banking
100224,2024-08-19,CUST3140,Individual,North,Delhi,Retail Store,Apparel,Rain Jacket,5,2923.83,0.2,14619.15,2923.83,11695.32,1834.47,9172.35,2522.97,Credit Card
104863,2025-12-02,CUST4591,Individual,West,Pune,Retail Store,Stationery,Desk Organizer,9,462.6,0.0,4163.4,0.0,4163.4,278.8,2509.2,1654.2,Credit Card
104710,2024-12-09,CUST2908,Individual,North,Lucknow,Online,Furniture,Desk Lamp,3,2366.38,0.1,7099.14,709.91,6389.23,1627.56,4882.68,1506.55,Net Banking
102892,2025-10-11,CUST3621,Small Business,North,Delhi,Online,FURNITURE,Filing Cabinet,5,2384.18,0.0,11920.9,0.0,11920.9,1463.97,7319.85,4601.05,Credit Card
101246,2024-02-18,CUST1748,Small Business,North,Chandigarh,Retail Store,Apparel,Running Shoes,2,1272.47,0.0,2544.94,0.0,2544.94,752.28,1504.56,1040.38,Net Banking
101541,2024-05-15,CUST4971,Small Business,Central,Raipur,Online,Electronics,Webcam HD,4,2795.47,0.0,11181.88,0.0,11181.88,1721.73,6886.92,4294.96,Net Banking
103538,2024-05-31,CUST3306,Small Business, South  ,Chennai,Retail Store,Groceries,Organic Coffee,5,892.27,0.15,4461.35,669.2,3792.15,568.71,2843.55,948.6,Credit Card
104149,2024-06-23,CUST3594,Small Business,East,Patna,Online,Furniture,Standing Desk,7,14400.75,0.1,100805.25,10080.53,90724.72,9666.7,67666.9,23057.82,Net Banking
104626,2024-06-30,CUST4914,Small Business,North,Delhi,Retail Store,Apparel,Rain Jacket,5,1588.82,0.05,7944.1,397.21,7546.89,919.3,4596.5,2950.39,Debit Card
102534,2024-11-03,CUST2222,Small Business,North,Chandigarh,Retail Store,Stationery,Sticky Notes,6,586.23,0.15,3517.38,527.61,2989.77,439.65,2637.9,351.87,Net Banking
105966,2025-04-09,CUST3446,Individual,South,Hyderabad,Retail Store,Stationery,Whiteboard,2,563.78,0.1,1127.56,112.76,1014.8,330.07,660.14,354.66,Credit Card
100819,2024-09-24,CUST2133,Small Business,Central,Raipur,Distributor,Apparel,Rain Jacket,2,959.54,0.15,1919.08,287.86,1631.22,677.11,1354.22,277.0,UPI
103459,2025-04-18,CUST4217,Individual,North,Lucknow,Retail Store,Groceries,Almond Butter,4,426.84,0.15,1707.36,256.1,1451.26,286.45,1145.8,305.46,Cash on Delivery
100156,2025-06-26,CUST2451,Small Business,East,Kolkata,Online,Apparel,Rain Jacket,2,650.42,0.1,1300.84,130.08,1170.76,390.57,781.14,389.62,Cash on Delivery
105912,2025-01-21,CUST2781,Individual,East,Kolkata,Online,GROCERIES,Organic Coffee,1,643.5,0.05,643.5,32.18,611.32,462.67,462.67,148.65,Debit Card
100249,20-May-2025,CUST1161,Enterprise,Central,Bhopal,Retail Store,Furniture,Office Chair,2,7937.77,0.2,15875.54,3175.11,12700.43,4643.12,9286.24,3414.19,Credit Card
104858,2024-09-18,CUST3511,Individual,South,Bengaluru,Online,Apparel,Rain Jacket,1,1396.42,0.1,1396.42,139.64,1256.78,1015.64,1015.64,241.14,Credit Card
103928,2024-05-03,CUST3375,Small Business,East,Kolkata,Online,Electronics,USB-C Hub,3,3836.34,0.0,11509.02,0.0,11509.02,2141.46,6424.38,5084.64,Net Banking
104015,19/05/2024,CUST3091,Small Business,North,Lucknow,Retail Store,Furniture,Bookshelf,4,7639.64,0.2,30558.56,6111.71,24446.85,5015.39,20061.56,4385.29,Credit Card
102637,2025-12-20,CUST1227,Individual,South,Chennai,Distributor,Apparel,Cotton T-Shirt,8,1625.29,0.2,13002.32,2600.46,10401.86,1144.46,9155.68,1246.18,UPI
105227,2024-01-12,CUST1998,Individual, Central  ,Raipur,Retail Store,Stationery,Gel Pens Pack,4,199.92,0.15,799.68,119.95,679.73,133.54,534.16,145.57,Cash on Delivery
104639,2024-06-02,CUST1070,Small Business,South,Chennai,Online,Stationery,Sticky Notes,2,415.97,0.15,831.94,124.79,707.15,238.18,476.36,230.79,Cash on Delivery
100794,05/05/2025,CUST3652,Small Business,East,Patna,Retail Store,Groceries,Organic Coffee,1,624.18,0.05,624.18,31.21,592.97,436.92,436.92,156.05,Debit Card
101726,2024-10-01,CUST2961,Individual,Central,Nagpur,Retail Store,Groceries,Olive Oil,4,536.58,0.2,2146.32,429.26,1717.06,344.7,1378.8,338.26,UPI
103190,14-Mar-2025,CUST4569,Individual,East,Kolkata,Retail Store,Stationery,Gel Pens Pack,1,436.56,0.2,436.56,87.31,349.25,246.6,246.6,102.65,Cash on Delivery
102650,2024-02-19,CUST1280,Small Business,South,Chennai,Distributor,Apparel,Wool Sweater,2,1937.4,0.0,3874.8,0.0,3874.8,1366.99,2733.98,1140.82,Debit Card
100629,2024-01-22,CUST4116,Individual,East,Bhubaneswar,Online,Furniture,Standing Desk,2,7585.65,0.0,15171.3,0.0,15171.3,4909.33,9818.66,5352.64,UPI
105744,2025-01-26,CUST1420,Individual,South,Hyderabad,Online,Furniture,Bookshelf,2,8646.56,0.05,17293.12,864.66,16428.46,5483.81,10967.62,5460.84,Cash on Delivery
102340,2024-07-01,CUST1344,Small Business,Central,Bhopal,Retail Store,Furniture,Office Chair,2,9577.66,0.0,19155.32,0.0,19155.32,5280.81,10561.62,8593.7,Credit Card
105886,2024-11-10,CUST2506,Small Business,West,Ahmedabad,Retail Store,Stationery,Desk Organizer,6,603.41,0.1,3620.46,362.05,3258.41,364.06,2184.36,1074.05,Debit Card
105464,2025-02-21,CUST2183,Small Business,West,Ahmedabad,Online,Electronics,Bluetooth Speaker,1,5088.35,0.0,5088.35,0.0,5088.35,3580.46,3580.46,1507.89,Debit Card
101621,2024-11-28,CUST2239,Small Business,Central,Bhopal,Retail Store,Groceries,Granola Bars,4,190.08,0.0,760.32,0.0,760.32,128.83,515.32,245.0,Debit Card
101452,2024-07-05,CUST1795,Individual,North,Lucknow,Retail Store,Apparel,Rain Jacket,2,1701.3,0.15,3402.6,510.39,2892.21,1231.1,2462.2,430.01,Debit Card
102903,2024-10-19,CUST3428,Small Business,Central,Nagpur,Online,Groceries,Organic Coffee,2,597.97,0.0,1195.94,0.0,1195.94,428.69,857.38,338.56,Debit Card
105168,2024-01-14,CUST3806,Enterprise,North,Lucknow,Retail Store,Furniture,Bookshelf,3,12080.27,0.2,36240.81,7248.16,28992.65,7260.36,21781.08,7211.57,Credit Card
104651,2025-12-15,CUST2576,Individual,South,Bengaluru,Online,Electronics,Bluetooth Speaker,8,2507.11,0.0,20056.88,0.0,20056.88,1565.81,12526.48,7530.4,Credit Card
101829,2025-04-27,CUST3890,Individual,South,Chennai,Retail Store,Stationery,Desk Organizer,6,612.74,0.1,3676.44,367.64,3308.8,376.68,2260.08,1048.72,Credit Card
100827,2024-06-30,CUST3534,Small Business,North,Lucknow,Retail Store,Groceries,Almond Butter,2,463.57,0.0,927.14,0.0,927.14,313.97,627.94,299.2,Cash on Delivery
101640,2024-09-06,CUST4270,Enterprise,South,Hyderabad,Online,Electronics,USB-C Hub,4,2100.89,0.2,8403.56,1680.71,6722.85,1161.7,4646.8,2076.05,Credit Card
103865,2024-04-24,CUST3871,Individual,West,Ahmedabad,Online,Electronics,Laptop Stand,2,3945.23,0.05,7890.46,394.52,7495.94,2918.84,5837.68,1658.26,Net Banking
102914,2024-04-15,CUST2014,Individual,West,Pune,Retail Store,Stationery,Notebook Set,5,460.44,0.0,2302.2,0.0,2302.2,306.56,1532.8,769.4,Credit Card
103792,2024-07-07,CUST4461,Individual, East  ,Patna,Online,Apparel,Running Shoes,3,1947.22,0.1,5841.66,584.17,5257.49,1077.92,3233.76,2023.73,Cash on Delivery
102940,2025-10-26,CUST2102,,East,,Online,Groceries,Organic Coffee,3,785.52,,2356.56,0.0,2356.56,522.56,1567.68,788.88,
103421,2024-03-20,CUST4911,Enterprise,South,Chennai,Online,Stationery,Gel Pens Pack,3,659.22,0.15,1977.66,296.65,1681.01,477.34,1432.02,248.99,Cash on Delivery
103997,2025-03-13,CUST4887,Small Business,South,Hyderabad,Distributor,Stationery,Whiteboard,3,519.84,0.15,1559.52,233.93,1325.59,295.07,885.21,440.38,UPI
103768,2024-04-27,CUST1535,Small Business,Central,Nagpur,Retail Store,Electronics,Power Bank,2,4329.43,0.2,8658.86,1731.77,6927.09,3055.32,6110.64,816.45,UPI
100536,2024-05-04,CUST4604,Small Business, West  ,Pune,Online,Stationery,Whiteboard,5,83.2,0.0,416.0,0.0,416.0,51.33,256.65,159.35,Credit Card
102664,2025-10-23,CUST1347,Individual,North,Delhi,Retail Store,Furniture,Office Chair,3,8620.86,0.05,25862.58,1293.13,24569.45,4772.24,14316.72,10252.73,Credit Card
100155,2025-12-25,CUST1068,Small Business,South,Hyderabad,Online,Furniture,Office Chair,1,10014.75,0.1,10014.75,1001.48,9013.27,6332.0,6332.0,2681.27,Credit Card
103242,2024-12-15,CUST3317,Enterprise,East,Patna,Retail Store,Apparel,Denim Jacket,6,2978.87,0.1,17873.22,1787.32,16085.9,1705.86,10235.16,5850.74,Credit Card
103150,2024-08-01,CUST3953,Small Business,West,Pune,Online,Furniture,Bookshelf,1,9114.68,0.0,9114.68,0.0,9114.68,5185.59,5185.59,3929.09,Cash on Delivery
102953,2024-02-04,CUST2244,Small Business,South,Bengaluru,Online,Furniture,Office Chair,1,6518.14,0.15,6518.14,977.72,5540.42,3989.25,3989.25,1551.17,Debit Card
101312,2024-07-02,CUST3292,Individual,North,Delhi,Online,Apparel,Running Shoes,3,2967.37,0.1,8902.11,890.21,8011.9,2000.46,6001.38,2010.52,Cash on Delivery
100323,2024-03-14,CUST1137,Small Business,South,Bengaluru,Distributor,Stationery,Whiteboard,1,558.16,0.05,558.16,27.91,530.25,334.58,334.58,195.67,Net Banking
104111,2024-10-18,CUST1458,Small Business,North,Chandigarh,Online,Groceries,Green Tea Pack,5,674.9,0.05,3374.5,168.73,3205.77,398.5,1992.5,1213.27,Debit Card
103331,2025-12-26,CUST2069,Small Business,North,Lucknow,Online,Apparel,Denim Jacket,1,2723.94,0.0,2723.94,0.0,2723.94,1912.04,1912.04,811.9,Credit Card
103986,2024-10-19,CUST3473,Small Business,East,Bhubaneswar,Online,Apparel,Wool Sweater,1,1628.5,0.0,1628.5,0.0,1628.5,1215.5,1215.5,413.0,Debit Card
101799,2024-05-18,CUST4651,Small Business, North  ,Delhi,Online,Electronics,Laptop Stand,3,5936.79,0.0,17810.37,0.0,17810.37,4446.54,13339.62,4470.75,Cash on Delivery
100083,2025-09-28,CUST2641,Individual,North,Lucknow,Distributor,Stationery,Desk Organizer,1,192.47,0.0,192.47,0.0,192.47,127.66,127.66,64.81,Net Banking
102561,2025-01-11,CUST1771,Individual,West,Ahmedabad,Online,Stationery,Sticky Notes,1,306.05,0.2,306.05,61.21,244.84,204.51,204.51,40.33,UPI
101944,2024-02-15,CUST3964,Small Business,West,Pune,Retail Store,Electronics,Webcam HD,3,944.09,0.1,2832.27,283.23,2549.04,548.47,1645.41,903.63,Cash on Delivery
101989,2025-11-04,CUST1285,,East,,Online,Stationery,Gel Pens Pack,1,128.67,,128.67,0.0,128.67,75.86,75.86,52.81,
103537,2025-09-11,CUST1042,Individual,South,Bengaluru,Online,Groceries,Olive Oil,6,892.51,0.0,5355.06,0.0,5355.06,660.42,3962.52,1392.54,Cash on Delivery
105480,2025-07-08,CUST1520,Individual,East,Kolkata,Online,Stationery,Sticky Notes,3,664.72,0.0,1994.16,0.0,1994.16,415.28,1245.84,748.32,Cash on Delivery
101575,2024-01-27,CUST4525,Small Business,West,Pune,Online,Stationery,Sticky Notes,1,503.22,0.0,503.22,0.0,503.22,333.69,333.69,169.53,UPI
102978,2024-11-18,CUST2857,Individual,Central,Bhopal,Distributor,Stationery,Desk Organizer,4,152.14,0.0,608.56,0.0,608.56,87.64,350.56,258.0,Debit Card
102724,2025-11-10,CUST4652,Individual,North,Delhi,Distributor,Apparel,Cotton T-Shirt,4,1839.7,0.0,7358.8,0.0,7358.8,1161.27,4645.08,2713.72,Net Banking
103406,2024-05-04,CUST1401,Enterprise,South,Bengaluru,Online,Apparel,Running Shoes,4,403.9,0.0,1615.6,0.0,1615.6,244.36,977.44,638.16,UPI
102059,2024-12-11,CUST1228,Individual,North,Chandigarh,Retail Store,Electronics,Laptop Stand,1,5680.47,0.0,5680.47,0.0,5680.47,3320.4,3320.4,2360.07,Credit Card
101763,2025-01-04,CUST3323,Individual,South,Hyderabad,Online,Electronics,Webcam HD,4,5078.21,0.1,20312.84,2031.28,18281.56,3563.37,14253.48,4028.08,Cash on Delivery
101495,2025-02-05,CUST2228,Individual,South,Bengaluru,Online,Furniture,Desk Lamp,2,4383.56,0.0,8767.12,0.0,8767.12,3074.57,6149.14,2617.98,Net Banking
104928,2024-12-31,CUST1946,Individual,South,Bengaluru,Online,Groceries,Granola Bars,3,237.8,0.05,713.4,35.67,677.73,144.18,432.54,245.19,Cash on Delivery
102081,2025-08-28,CUST3095,Enterprise,North,Delhi,Retail Store,Electronics,Wireless Mouse,2,3494.01,0.15,6988.02,1048.2,5939.82,2218.2,4436.4,1503.42,Credit Card
101175,2024-12-07,CUST4402,Enterprise,Central,Nagpur,Online,Furniture,Standing Desk,6,13565.27,0.0,81391.62,0.0,81391.62,8884.21,53305.26,28086.36,Cash on Delivery
104510,2024-04-28,CUST2017,Enterprise,East,Kolkata,Retail Store,Stationery,Gel Pens Pack,4,276.85,0.0,1107.4,0.0,1107.4,163.57,654.28,453.12,Debit Card
102629,25-Aug-2025,CUST2317,Individual,Central,Bhopal,Distributor,Groceries,Granola Bars,3,296.18,0.15,888.54,133.28,755.26,211.71,635.13,120.13,Net Banking
104262,2024-01-10,CUST1827,Enterprise,East,Bhubaneswar,Retail Store,Apparel,Rain Jacket,1,1506.72,0.1,1506.72,150.67,1356.05,861.55,861.55,494.5,Net Banking
105611,2025-04-07,CUST1597,Small Business,North,Chandigarh,Online,Furniture,Office Chair,1,14511.74,0.1,14511.74,1451.17,13060.57,10198.01,10198.01,2862.56,Cash on Delivery
100615,2025-01-23,CUST4269,Individual,South,Bengaluru,Online,Electronics,Webcam HD,1,3651.52,0.0,3651.52,0.0,3651.52,2115.2,2115.2,1536.32,Debit Card
103094,2025-11-28,CUST2859,Individual,South,Bengaluru,Online,Groceries,Olive Oil,1,824.99,0.2,824.99,165.0,659.99,562.56,562.56,97.43,Cash on Delivery
103451,2024-02-12,CUST2409,Individual,North,Chandigarh,Online,Apparel,Wool Sweater,1,1233.89,0.0,1233.89,0.0,1233.89,903.03,903.03,330.86,Debit Card
101015,2025-11-13,CUST1804,Enterprise,Central,Bhopal,Distributor,Stationery,Desk Organizer,3,245.61,0.0,736.83,0.0,736.83,172.52,517.56,219.27,UPI
103058,2025-07-30,CUST4673,Individual,North,Delhi,Online,Apparel,Running Shoes,3,481.65,0.1,1444.95,144.5,1300.45,324.22,972.66,327.79,Cash on Delivery
105788,2024-06-13,CUST4054,Enterprise,Central,Raipur,Online,Furniture,Office Chair,1,9632.33,0.0,9632.33,0.0,9632.33,5476.34,5476.34,4155.99,UPI
105334,2024-11-27,CUST4649,Individual,North,Chandigarh,Online,Stationery,Desk Organizer,6,578.83,0.0,3472.98,0.0,3472.98,357.33,2143.98,1329.0,Net Banking
103906,2024-08-31,CUST3844,Individual,East,Bhubaneswar,Distributor,Electronics,Laptop Stand,3,4368.39,0.05,13105.17,655.26,12449.91,2695.06,8085.18,4364.73,Credit Card
102182,2024-04-02,CUST2618,Individual,Central,Raipur,Online,STATIONERY,Desk Organizer,5,277.73,0.0,1388.65,0.0,1388.65,180.71,903.55,485.1,Cash on Delivery
103419,2025-04-27,CUST1969,Small Business,North,Delhi,Online,Apparel,Cotton T-Shirt,2,2638.45,0.05,5276.9,263.84,5013.06,1975.53,3951.06,1062.0,Cash on Delivery
104652,2025-05-22,CUST1069,Individual,South,Chennai,Retail Store,Stationery,Sticky Notes,1,598.53,0.0,598.53,0.0,598.53,447.57,447.57,150.96,Debit Card
103101,2024-08-23,CUST3849,Small Business,East,Kolkata,Online,Furniture,Desk Lamp,1,12066.11,0.0,12066.11,0.0,12066.11,7410.79,7410.79,4655.32,Debit Card
101212,2024-05-23,CUST4168,Small Business,West,Pune,Retail Store,Furniture,Standing Desk,4,8386.29,0.05,33545.16,1677.26,31867.9,5347.75,21391.0,10476.9,Debit Card
105825,2024-10-10,CUST4974,Individual, South  ,Chennai,Retail Store,Furniture,Office Chair,5,6220.34,0.0,31101.7,0.0,31101.7,4656.32,23281.6,7820.1,Credit Card
100635,2024-10-09,CUST4790,Small Business,West,Mumbai,Distributor,Furniture,Desk Lamp,2,2533.51,0.0,5067.02,0.0,5067.02,1750.48,3500.96,1566.06,UPI
101056,2025-11-09,CUST1452,Individual,West,Pune,Online,Furniture,Filing Cabinet,1,2798.26,0.0,2798.26,0.0,2798.26,1653.12,1653.12,1145.14,Net Banking
102341,2024-08-09,CUST1442,Individual,West,Ahmedabad,Retail Store,Stationery,Sticky Notes,4,593.89,0.2,2375.56,475.11,1900.45,411.04,1644.16,256.29,Debit Card
100797,2024-01-15,CUST4059,Individual,North,Delhi,Online,Groceries,Olive Oil,2,606.4,0.05,1212.8,60.64,1152.16,354.5,709.0,443.16,Debit Card
105188,2024-06-19,CUST4226,Small Business,North,Delhi,Online,Electronics,USB-C Hub,8,801.43,0.2,6411.44,1282.29,5129.15,500.51,4004.08,1125.07,Debit Card
104271,2024-08-16,CUST3815,Individual,North,Chandigarh,Retail Store,Stationery,Whiteboard,5,263.32,0.15,1316.6,197.49,1119.11,184.06,920.3,198.81,Cash on Delivery
102815,2025-12-01,CUST2013,Small Business,West,Ahmedabad,Retail Store,Apparel,Wool Sweater,11,503.66,0.2,5540.26,1108.05,4432.21,292.76,3220.36,1211.85,UPI
104342,2025-01-25,CUST1593,Individual,East,Kolkata,Retail Store,Apparel,Rain Jacket,1,777.61,0.0,777.61,0.0,777.61,467.44,467.44,310.17,Debit Card
101081,2025-06-22,CUST3562,Enterprise,North,Delhi,Online,Furniture,Standing Desk,5,5286.6,0.15,26433.0,3964.95,22468.05,2912.89,14564.45,7903.6,Credit Card
101655,2025-08-02,CUST4201,Small Business,South,Hyderabad,Retail Store,Groceries,Granola Bars,4,655.36,0.0,2621.44,0.0,2621.44,412.04,1648.16,973.28,Debit Card
101608,2025-07-07,CUST2884,Small Business,East,Kolkata,Distributor,Stationery,Gel Pens Pack,1,658.81,0.0,658.81,0.0,658.81,393.38,393.38,265.43,Net Banking
100145,2024-04-25,CUST2647,Individual,West,Ahmedabad,Retail Store,Electronics,Power Bank,5,1149.91,0.0,5749.55,0.0,5749.55,802.76,4013.8,1735.75,Credit Card
104242,2024-05-20,CUST3996,Individual,North,Lucknow,Distributor,Groceries,Green Tea Pack,1,256.59,0.0,256.59,0.0,256.59,188.91,188.91,67.68,Debit Card
100091,2025-08-16,CUST2891,Individual,Central,Nagpur,Distributor,Groceries,Granola Bars,4,356.01,0.1,1424.04,142.4,1281.64,201.09,804.36,477.28,Net Banking
100683,2025-07-20,CUST4040,Individual,South,Bengaluru,Online,Furniture,Bookshelf,-1,3989.63,0.1,7979.26,797.93,7181.33,2499.43,4998.86,2182.47,Cash on Delivery
104407,2025-05-20,CUST4610,Enterprise,Central,Raipur,Distributor,Groceries,Organic Coffee,2,788.97,0.0,1577.94,0.0,1577.94,538.27,1076.54,501.4,Cash on Delivery
103432,19-Jun-2025,CUST1443,Individual,South,Chennai,Online,Groceries,Olive Oil,2,479.31,0.1,958.62,95.86,862.76,288.69,577.38,285.38,Debit Card
100094,2025-03-25,CUST3778,Individual,Central,Bhopal,Online,Stationery,Desk Organizer,1,287.48,0.0,287.48,0.0,287.48,163.55,163.55,123.93,Net Banking
100835,2024-05-23,CUST2207,Individual,East,Kolkata,Online,Furniture,Desk Lamp,1,5986.62,0.15,5986.62,897.99,5088.63,3819.3,3819.3,1269.33,Net Banking
105021,2025-01-15,CUST1722,Individual,East,Kolkata,Distributor,Furniture,Filing Cabinet,1,5637.68,0.0,5637.68,0.0,5637.68,3696.23,3696.23,1941.45,Net Banking
105785,2025-02-28,CUST2412,Individual,South,Bengaluru,Online,Furniture,Standing Desk,3,14902.79,0.0,44708.37,0.0,44708.37,8762.4,26287.2,18421.17,Credit Card
105132,2024-12-05,CUST1557,Individual,Central,Nagpur,Retail Store,Apparel,Cotton T-Shirt,1,1482.3,0.05,1482.3,74.11,1408.19,939.09,939.09,469.1,Cash on Delivery
101401,2025-04-10,CUST1805,Small Business, East  ,Kolkata,Distributor,Apparel,Running Shoes,2,2721.17,0.05,5442.34,272.12,5170.22,1641.35,3282.7,1887.52,UPI
103980,2025-07-08,CUST1035,Enterprise,East,Bhubaneswar,Online,GROCERIES,Organic Coffee,1,798.76,0.05,798.76,39.94,758.82,556.98,556.98,201.84,Net Banking
102292,2024-07-16,CUST2334,Individual,South,Bengaluru,Online,Apparel,Running Shoes,5,1050.16,0.0,5250.8,0.0,5250.8,588.24,2941.2,2309.6,UPI
101501,2024-10-15,CUST1455,Individual,East,Kolkata,Online,Furniture,Desk Lamp,3,5527.9,0.2,16583.7,3316.74,13266.96,3286.81,9860.43,3406.53,Net Banking
102263,2024-04-30,CUST4499,Individual,East,Kolkata,Online,Furniture,Desk Lamp,7,4606.21,0.2,32243.47,6448.69,25794.78,3451.63,24161.41,1633.37,Net Banking
101469,2024-11-25,CUST1988,Small Business,North,Lucknow,Online,Groceries,Olive Oil,1,477.25,0.15,477.25,71.59,405.66,344.83,344.83,60.83,Debit Card
103929,2025-02-22,CUST2902,Individual, Central  ,Nagpur,Distributor,Electronics,Wireless Mouse,4,4268.14,0.0,17072.56,0.0,17072.56,2505.45,10021.8,7050.76,Cash on Delivery
103246,2025-04-04,CUST4283,Individual,South,Bengaluru,Retail Store,Groceries,Organic Coffee,2,563.89,0.0,1127.78,0.0,1127.78,411.52,823.04,304.74,Cash on Delivery
100999,2025-08-16,CUST2112,Individual,West,Mumbai,Online,Stationery,Whiteboard,3,545.43,0.0,1636.29,0.0,1636.29,359.03,1077.09,559.2,Credit Card
100854,2025-05-13,CUST1274,Individual,North,Lucknow,Online,Electronics,Webcam HD,3,966.84,0.1,2900.52,290.05,2610.47,596.3,1788.9,821.57,Debit Card
103876,2025-03-03,CUST4902,,East,,Online,Groceries,Olive Oil,5,455.54,,2277.7,341.65,1936.05,334.81,1674.05,262.0,
101143,2024-05-14,CUST2164,Individual,East,Kolkata,Online,Electronics,USB-C Hub,1,975.7,0.0,975.7,0.0,975.7,592.04,592.04,383.66,Net Banking
105240,2024-05-10,CUST2445,Individual,East,Bhubaneswar,Online,Stationery,Whiteboard,1,114.32,0.1,114.32,11.43,102.89,81.88,81.88,21.01,Net Banking
102275,2024-03-05,CUST4237,Individual,North,Lucknow,Retail Store,Apparel,Running Shoes,5,528.51,0.0,2642.55,0.0,2642.55,349.42,1747.1,895.45,Net Banking
104498,2024-12-04,CUST4730,Individual,North,Delhi,Online,Stationery,Desk Organizer,1,372.86,0.05,372.86,18.64,354.22,272.89,272.89,81.33,Net Banking
101104,2025-07-25,CUST3485,Enterprise,West,Ahmedabad,Online,Groceries,Green Tea Pack,7,382.13,0.15,2674.91,401.24,2273.67,227.61,1593.27,680.4,Cash on Delivery
100085,2024-06-10,CUST3429,Individual,North,Chandigarh,Online,Stationery,Notebook Set,3,346.55,0.0,1039.65,0.0,1039.65,237.61,712.83,326.82,Cash on Delivery
102211,2024-10-14,CUST4097,Small Business,West,Ahmedabad,Online,Electronics,Webcam HD,4,4102.91,0.2,16411.64,3282.33,13129.31,2505.84,10023.36,3105.95,UPI
104211,2024-08-02,CUST1770,Small Business,West,Ahmedabad,Retail Store,Electronics,Laptop Stand,4,5064.26,0.0,20257.04,0.0,20257.04,3645.78,14583.12,5673.92,Credit Card
105645,2025-05-18,CUST4215,Small Business,South,Bengaluru,Online,Groceries,Almond Butter,4,611.98,0.0,2447.92,0.0,2447.92,346.87,1387.48,1060.44,Cash on Delivery
103441,2024-01-22,CUST1146,Individual,South,Bengaluru,Online,Electronics,Wireless Mouse,1,2857.98,0.0,2857.98,0.0,2857.98,2054.81,2054.81,803.17,Credit Card
101568,2025-01-14,CUST2732,Small Business,West,Ahmedabad,Online,Furniture,Office Chair,2,5051.54,0.0,10103.08,0.0,10103.08,3091.14,6182.28,3920.8,Net Banking
105598,2024-02-15,CUST4980,Individual,South,Chennai,Retail Store,Groceries,Green Tea Pack,1,249.24,0.15,249.24,37.39,211.85,145.89,145.89,65.96,Debit Card
101661,2024-08-13,CUST3396,Individual,North,Delhi,Distributor,Stationery,Notebook Set,2,233.08,0.1,466.16,46.62,419.54,140.88,281.76,137.78,Credit Card
101557,2025-10-06,CUST2635,Small Business,North,Delhi,Online,Apparel,Denim Jacket,1,1796.5,0.0,1796.5,0.0,1796.5,1046.64,1046.64,749.86,UPI
104722,2025-02-16,CUST1118,Small Business,East,Bhubaneswar,Retail Store,Electronics,Bluetooth Speaker,1,4250.73,0.0,4250.73,0.0,4250.73,2920.05,2920.05,1330.68,Debit Card
103765,2025-12-31,CUST3121,Individual,West,Mumbai,Online,Electronics,Wireless Mouse,4,5130.27,0.05,20521.08,1026.05,19495.03,2990.96,11963.84,7531.19,Net Banking
103585,2024-08-03,CUST3156,Individual,North,Chandigarh,Online,Apparel,Denim Jacket,1,2416.33,0.0,2416.33,0.0,2416.33,1601.49,1601.49,814.84,Debit Card
101886,2024-04-12,CUST3753,Individual,North,Chandigarh,Online,Stationery,Desk Organizer,4,454.49,0.0,1817.96,0.0,1817.96,280.79,1123.16,694.8,Net Banking
103145,2025-10-05,CUST3031,Individual,East,Bhubaneswar,Online,Stationery,Sticky Notes,4,337.77,0.0,1351.08,0.0,1351.08,201.12,804.48,546.6,Cash on Delivery
101867,2025-10-24,CUST2831,Small Business,Central,Bhopal,Distributor,Furniture,Standing Desk,4,9228.16,0.0,36912.64,0.0,36912.64,6303.59,25214.36,11698.28,Credit Card
105049,2024-04-19,CUST2350,Enterprise,Central,Nagpur,Online,Groceries,Granola Bars,3,815.27,0.0,2445.81,0.0,2445.81,560.98,1682.94,762.87,Cash on Delivery
104721,2024-06-07,CUST4192,Small Business,North,Delhi,Online,Groceries,Green Tea Pack,5,457.09,0.15,2285.45,342.82,1942.63,306.84,1534.2,408.43,Debit Card
102875,2025-01-13,CUST1500,Individual,South,Chennai,Online,Electronics,Wireless Mouse,2,4965.07,0.0,9930.14,0.0,9930.14,3445.32,6890.64,3039.5,Cash on Delivery
104331,2024-08-05,CUST2469,Individual,South,Bengaluru,Online,Stationery,Whiteboard,6,355.21,0.2,2131.26,426.25,1705.01,263.87,1583.22,121.79,Cash on Delivery
103589,2024-06-15,CUST2062,Individual,South,Bengaluru,Retail Store,Furniture,Office Chair,2,12570.75,0.1,25141.5,2514.15,22627.35,7806.66,15613.32,7014.03,Net Banking
103268,2024-03-21,CUST2047,Individual,North,Delhi,Retail Store,Apparel,Running Shoes,10,552.25,0.0,5522.5,0.0,5522.5,319.82,3198.2,2324.3,Debit Card
102885,2025-03-04,CUST4616,Enterprise,West,Ahmedabad,Online,Groceries,Green Tea Pack,4,730.97,0.0,2923.88,0.0,2923.88,431.45,1725.8,1198.08,UPI
102891,2024-09-21,CUST4015,Small Business,West,Ahmedabad,Retail Store,Apparel,Rain Jacket,4,1482.84,0.15,5931.36,889.7,5041.66,951.35,3805.4,1236.26,Net Banking
103008,2024-09-27,CUST2087,Individual,North,Delhi,Retail Store,Furniture,Filing Cabinet,7,2523.77,0.0,17666.39,0.0,17666.39,1854.43,12981.01,4685.38,Debit Card
101827,2025-11-30,CUST4724,Small Business,East,Bhubaneswar,Online,FURNITURE,Standing Desk,6,7654.19,0.0,45925.14,0.0,45925.14,4706.11,28236.66,17688.48,Net Banking
103924,2024-12-07,CUST4585,Individual,East,Bhubaneswar,Online,Electronics,Laptop Stand,1,920.66,0.05,920.66,46.03,874.63,530.26,530.26,344.37,Net Banking
102641,2025-01-16,CUST2529,Individual,North,Chandigarh,Online,Furniture,Filing Cabinet,1,10652.72,0.0,10652.72,0.0,10652.72,7186.1,7186.1,3466.62,Cash on Delivery
105411,2025-02-23,CUST4290,Individual,North,Lucknow,Distributor,Electronics,USB-C Hub,1,2137.75,0.2,2137.75,427.55,1710.2,1594.18,1594.18,116.02,Cash on Delivery
101526,2024-03-08,CUST1123,Enterprise,West,Mumbai,Online,Groceries,Green Tea Pack,2,774.69,0.0,1549.38,0.0,1549.38,542.63,1085.26,464.12,Debit Card
101563,2025-01-14,CUST1675,Individual,Central,Raipur,Online,Electronics,Bluetooth Speaker,1,841.67,0.1,841.67,84.17,757.5,482.83,482.83,274.67,Cash on Delivery
100344,2025-03-27,CUST4294,Individual,South,Hyderabad,Online,Electronics,Bluetooth Speaker,5,1083.6,0.0,5418.0,0.0,5418.0,670.37,3351.85,2066.15,Credit Card
102543,2024-07-10,CUST4027,Individual,East,Kolkata,Online,Furniture,Bookshelf,1,9714.97,0.1,9714.97,971.5,8743.47,6219.62,6219.62,2523.85,Net Banking
103386,2024-06-24,CUST3839,Individual,Central,Bhopal,Online,Stationery,Sticky Notes,2,179.27,0.05,358.54,17.93,340.61,125.03,250.06,90.55,Debit Card
102413,2025-12-14,CUST1375,Enterprise,East,Patna,Online,Apparel,Rain Jacket,6,2508.72,0.05,15052.32,752.62,14299.7,1525.15,9150.9,5148.8,Credit Card
102708,2024-07-26,CUST3883,Enterprise,East,Bhubaneswar,Distributor,Apparel,Denim Jacket,2,452.35,0.1,904.7,90.47,814.23,265.61,531.22,283.01,Net Banking
105093,2025-06-18,CUST4368,Small Business,North,Chandigarh,Online,Stationery,Whiteboard,3,516.89,0.2,1550.67,310.13,1240.54,322.36,967.08,273.46,UPI
101111,2024-11-25,CUST2106,Individual,West,Mumbai,Distributor,Electronics,Laptop Stand,4,3828.8,0.0,15315.2,0.0,15315.2,2594.01,10376.04,4939.16,Debit Card
103443,2024-03-07,CUST3324,Small Business,East,Bhubaneswar,Online,Electronics,Wireless Mouse,2,5688.71,0.0,11377.42,0.0,11377.42,3541.57,7083.14,4294.28,Credit Card
102214,2025-04-07,CUST2210,Individual,South,Chennai,Online,Apparel,Running Shoes,2,2347.36,0.0,4694.72,0.0,4694.72,1438.73,2877.46,1817.26,Net Banking
101360,2024-03-05,CUST3338,Individual,Central,Nagpur,Online,Groceries,Granola Bars,5,523.52,0.15,2617.6,392.64,2224.96,352.62,1763.1,461.86,Debit Card
102108,2025-05-31,CUST1069,Individual,West,Mumbai,Online,Groceries,Organic Coffee,1,561.09,0.0,561.09,0.0,561.09,369.29,369.29,191.8,UPI
104806,2025-04-19,CUST3480,Small Business,South,Hyderabad,Distributor,Stationery,Whiteboard,3,680.71,0.0,2042.13,0.0,2042.13,468.23,1404.69,637.44,UPI
101379,2025-12-09,CUST3808,Small Business,East,Bhubaneswar,Online,Apparel,Wool Sweater,4,1730.83,0.0,6923.32,0.0,6923.32,1075.27,4301.08,2622.24,Net Banking
102829,2025-07-22,CUST2903,Small Business,South,Hyderabad,Distributor,Stationery,Sticky Notes,5,99.29,0.15,496.45,74.47,421.98,58.33,291.65,130.33,Cash on Delivery
100425,2024-02-25,CUST4872,Small Business,East,Patna,Online,Electronics,USB-C Hub,2,3244.85,0.0,6489.7,0.0,6489.7,2303.78,4607.56,1882.14,Debit Card
100293,2025-01-14,CUST2042,Small Business,Central,Nagpur,Online,Electronics,Power Bank,1,2782.43,0.0,2782.43,0.0,2782.43,1767.12,1767.12,1015.31,Cash on Delivery
101066,2024-04-12,CUST3569,Individual,Central,Bhopal,Distributor,Electronics,Webcam HD,3,4421.17,0.15,13263.51,1989.53,11273.98,2517.87,7553.61,3720.37,Net Banking
102378,2024-01-30,CUST4091,Small Business, South  ,Chennai,Retail Store,Groceries,Green Tea Pack,5,819.11,0.2,4095.55,819.11,3276.44,561.8,2809.0,467.44,Cash on Delivery
105109,2025-09-23,CUST3796,Individual,South,Hyderabad,Online,Furniture,Desk Lamp,5,9846.96,0.0,49234.8,0.0,49234.8,6827.06,34135.3,15099.5,Net Banking
102128,2024-01-28,CUST4187,Individual,North,Chandigarh,Retail Store,Stationery,Whiteboard,2,546.63,0.0,1093.26,0.0,1093.26,397.9,795.8,297.46,Debit Card
101718,2024-01-01,CUST3145,Individual,East,Patna,Online,Electronics,Wireless Mouse,1,5478.08,0.0,5478.08,0.0,5478.08,3250.4,3250.4,2227.68,Cash on Delivery
100938,2025-03-29,CUST2316,Individual,North,Delhi,Online,Furniture,Desk Lamp,5,9480.64,0.0,47403.2,0.0,47403.2,5569.02,27845.1,19558.1,UPI
103780,2024-11-29,CUST4131,Small Business,North,Chandigarh,Online,Stationery,Sticky Notes,1,569.19,0.0,569.19,0.0,569.19,315.7,315.7,253.49,Cash on Delivery
103965,2025-09-19,CUST3147,Small Business,South,Bengaluru,Retail Store,Electronics,Webcam HD,4,4379.69,0.2,17518.76,3503.75,14015.01,3126.87,12507.48,1507.53,Credit Card
103991,2024-08-03,CUST4665,Individual,North,Delhi,Distributor,Furniture,Office Chair,3,2975.56,0.2,8926.68,1785.34,7141.34,1720.87,5162.61,1978.73,Debit Card
104931,2024-01-09,CUST3297,Individual,East,Patna,Retail Store,Furniture,Filing Cabinet,2,2909.1,0.1,5818.2,581.82,5236.38,1874.43,3748.86,1487.52,Net Banking
100255,2024-02-25,CUST2550,Small Business,South,Hyderabad,Retail Store,Electronics,Power Bank,3,1189.3,0.0,3567.9,0.0,3567.9,785.06,2355.18,1212.72,Cash on Delivery
105821,2025-08-13,CUST3665,Individual,South,Hyderabad,Online,Apparel,Cotton T-Shirt,1,1690.39,0.0,1690.39,0.0,1690.39,1074.48,1074.48,615.91,Cash on Delivery
101483,2025-07-27,CUST1109,Individual,Central,Bhopal,Retail Store,APPAREL,Denim Jacket,1,1424.7,0.0,1424.7,0.0,1424.7,1014.91,1014.91,409.79,UPI
100945,2024-06-12,CUST2261,Small Business,East,Kolkata,Online,Groceries,Organic Coffee,7,520.67,0.05,3644.69,182.23,3462.46,287.72,2014.04,1448.42,Net Banking
105504,2025-11-09,CUST3284,Individual,East,Bhubaneswar,Online,Electronics,Wireless Mouse,11,3317.2,0.0,36489.2,0.0,36489.2,1857.35,20430.85,16058.35,Net Banking
103184,2025-02-28,CUST1888,Individual,East,Kolkata,Online,Apparel,Cotton T-Shirt,1,2916.19,0.0,2916.19,0.0,2916.19,2062.24,2062.24,853.95,Credit Card
103267,2024-05-18,CUST2766,Individual,Central,Bhopal,Online,FURNITURE,Bookshelf,2,6138.24,0.0,12276.48,0.0,12276.48,4409.55,8819.1,3457.38,Debit Card
104820,2025-06-14,CUST2550,Enterprise,West,Pune,Online,Apparel,Rain Jacket,6,2189.19,0.1,13135.14,1313.51,11821.63,1637.75,9826.5,1995.13,Credit Card
102908,2024-09-08,CUST3752,Enterprise,East,Bhubaneswar,Online,Apparel,Rain Jacket,4,558.27,0.05,2233.08,111.65,2121.43,406.28,1625.12,496.31,UPI
100970,2024-03-29,CUST2399,Individual,South,Chennai,Distributor,Stationery,Sticky Notes,2,649.35,0.15,1298.7,194.81,1103.89,375.98,751.96,351.93,Cash on Delivery
100497,2025-07-05,CUST1993,Individual, East  ,Patna,Online,Furniture,Office Chair,7,3981.49,0.2,27870.43,5574.09,22296.34,2547.77,17834.39,4461.95,Cash on Delivery
105047,2025-01-07,CUST2335,Small Business,West,Pune,Distributor,Furniture,Office Chair,5,3441.46,0.2,17207.3,3441.46,13765.84,2343.41,11717.05,2048.79,Credit Card
104902,2025-10-22,CUST1643,Individual,South,Hyderabad,Distributor,GROCERIES,Olive Oil,1,530.19,0.15,530.19,79.53,450.66,346.85,346.85,103.81,Credit Card
101830,2025-05-17,CUST4556,Small Business,West,Pune,Online,Groceries,Green Tea Pack,3,579.73,0.05,1739.19,86.96,1652.23,418.5,1255.5,396.73,Credit Card
102178,06-Jun-2024,CUST2764,Small Business,East,Patna,Retail Store,Groceries,Almond Butter,1,418.05,0.0,418.05,0.0,418.05,237.57,237.57,180.48,Debit Card
100338,2024-04-04,CUST1153,Small Business,Central,Bhopal,Retail Store,Stationery,Whiteboard,7,642.75,0.1,4499.25,449.93,4049.32,436.07,3052.49,996.83,Net Banking
104827,2024-08-16,CUST1758,Enterprise,South,Hyderabad,Online,Stationery,Desk Organizer,3,231.53,0.0,694.59,0.0,694.59,147.56,442.68,251.91,UPI
104705,2024-01-13,CUST4789,Enterprise,South,Chennai,Retail Store,Furniture,Filing Cabinet,2,9220.91,0.15,18441.82,2766.27,15675.55,6801.15,13602.3,2073.25,Cash on Delivery
101149,2025-11-16,CUST1812,Individual,Central,Bhopal,Retail Store,Groceries,Olive Oil,12,634.07,0.05,7608.84,380.44,7228.4,435.92,5231.04,1997.36,Cash on Delivery
102244,2024-03-21,CUST3459,Small Business,South,Chennai,Distributor,Apparel,Running Shoes,2,737.24,0.05,1474.48,73.72,1400.76,478.49,956.98,443.78,Net Banking
104545,2025-08-25,CUST2431,Small Business,Central,Raipur,Online,Groceries,Almond Butter,3,479.12,0.0,1437.36,0.0,1437.36,289.92,869.76,567.6,Credit Card
105006,2024-10-02,CUST4276,Individual,Central,Bhopal,Online,Stationery,Desk Organizer,5,347.81,0.05,1739.05,86.95,1652.1,223.42,1117.1,535.0,Credit Card
103969,2024-05-25,CUST3661,Small Business,North,Chandigarh,Online,Groceries,Almond Butter,2,751.46,0.2,1502.92,300.58,1202.34,549.91,1099.82,102.52,UPI
102152,2025-12-28,CUST2395,Individual,West,Ahmedabad,Retail Store,Furniture,Standing Desk,1,11464.12,0.0,11464.12,0.0,11464.12,7755.53,7755.53,3708.59,Net Banking
102011,2025-11-27,CUST2003,Individual,West,Mumbai,Online,Stationery,Whiteboard,3,665.24,0.05,1995.72,99.79,1895.93,492.1,1476.3,419.63,UPI
102492,2025-04-07,CUST3146,Small Business,West,Pune,Retail Store,Stationery,Gel Pens Pack,2,479.49,0.0,958.98,0.0,958.98,314.75,629.5,329.48,Net Banking
105928,2024-03-17,CUST2406,Small Business,East,Kolkata,Distributor,Apparel,Rain Jacket,1,1052.57,0.15,1052.57,157.89,894.68,700.02,700.02,194.66,Debit Card
101811,2025-11-03,CUST4438,Individual,North,Lucknow,Distributor,Furniture,Bookshelf,6,4219.57,0.1,25317.42,2531.74,22785.68,3063.04,18378.24,4407.44,Net Banking
101995,2025-04-06,CUST3637,Individual,North,Lucknow,Retail Store,Apparel,Denim Jacket,1,627.73,0.1,627.73,62.77,564.96,420.9,420.9,144.06,Credit Card
104816,2024-10-22,CUST1681,Small Business,West,Mumbai,Distributor,Electronics,Webcam HD,1,5011.97,0.0,5011.97,0.0,5011.97,3253.35,3253.35,1758.62,Net Banking
102933,2025-11-11,CUST4718,Individual,West,Mumbai,Retail Store,Electronics,USB-C Hub,4,828.8,0.0,3315.2,0.0,3315.2,470.54,1882.16,1433.04,Cash on Delivery
102825,2024-02-04,CUST4402,Enterprise,West,Mumbai,Online,Apparel,Wool Sweater,1,1335.94,0.0,1335.94,0.0,1335.94,744.33,744.33,591.61,Net Banking
105666,2025-04-02,CUST4139,Small Business,Central,Nagpur,Online,Apparel,Rain Jacket,5,1810.97,0.0,9054.85,0.0,9054.85,1169.87,5849.35,3205.5,Debit Card
102898,2025-03-13,CUST2897,Individual,East,Patna,Retail Store,Apparel,Denim Jacket,3,1444.94,0.1,4334.82,433.48,3901.34,810.56,2431.68,1469.66,Net Banking
102276,2024-10-23,CUST4253,Enterprise,Central,Nagpur,Distributor,Apparel,Running Shoes,1,1502.3,0.0,1502.3,0.0,1502.3,887.42,887.42,614.88,Net Banking
100435,2024-10-18,CUST2736,Individual,East,Patna,Distributor,Apparel,Running Shoes,4,1480.59,0.15,5922.36,888.35,5034.01,1101.67,4406.68,627.33,Credit Card
105396,2024-03-19,CUST4142,Individual,South,Hyderabad,Online,Groceries,Organic Coffee,5,886.94,0.2,4434.7,886.94,3547.76,629.29,3146.45,401.31,Credit Card
104502,2024-09-25,CUST3188,Individual,Central,Bhopal,Online,Apparel,Wool Sweater,5,649.01,0.15,3245.05,486.76,2758.29,463.97,2319.85,438.44,UPI
102824,2025-10-05,CUST2112,Individual,South,Hyderabad,Retail Store,APPAREL,Wool Sweater,6,2441.25,0.2,14647.5,2929.5,11718.0,1828.18,10969.08,748.92,Cash on Delivery
104918,2025-11-01,CUST2998,Individual,Central,Raipur,Retail Store,Furniture,Office Chair,3,11646.46,0.15,34939.38,5240.91,29698.47,8352.37,25057.11,4641.36,Credit Card
103756,2025-01-07,CUST4886,Individual,West,Ahmedabad,Online,Electronics,Laptop Stand,3,4346.32,0.05,13038.96,651.95,12387.01,2512.73,7538.19,4848.82,Cash on Delivery
102505,2025-10-12,CUST3486,Individual,West,Mumbai,Online,Electronics,USB-C Hub,3,4572.05,0.05,13716.15,685.81,13030.34,3349.61,10048.83,2981.51,Debit Card
103212,2024-09-13,CUST2805,Enterprise,South,Bengaluru,Retail Store,Stationery,Desk Organizer,4,189.26,0.1,757.04,75.7,681.34,115.22,460.88,220.46,Cash on Delivery
105654,2024-04-03,CUST1523,Individual,North,Delhi,Retail Store,Apparel,Running Shoes,4,1201.57,0.0,4806.28,0.0,4806.28,715.65,2862.6,1943.68,Cash on Delivery
104642,2025-07-30,CUST4301,Individual,West,Ahmedabad,Retail Store,Electronics,Webcam HD,2,2986.97,0.15,5973.94,896.09,5077.85,1722.66,3445.32,1632.53,UPI
104309,2024-11-22,CUST4779,Individual,South,Chennai,Distributor,Stationery,Gel Pens Pack,4,104.38,0.0,417.52,0.0,417.52,67.74,270.96,146.56,Net Banking
104993,2025-09-06,CUST3979,Small Business,Central,Bhopal,Online,Furniture,Standing Desk,4,8302.46,0.05,33209.84,1660.49,31549.35,5285.63,21142.52,10406.83,Credit Card
103541,2025-08-22,CUST1343,Individual,East,Patna,Online,Furniture,Standing Desk,4,3653.2,0.0,14612.8,0.0,14612.8,2213.58,8854.32,5758.48,Cash on Delivery
103271,2024-07-31,CUST4271,Individual,North,Chandigarh,Online,Furniture,Office Chair,5,14830.32,0.1,74151.6,7415.16,66736.44,10312.94,51564.7,15171.74,Cash on Delivery
101942,2024-07-12,CUST4540,Individual,Central,Nagpur,Online,Furniture,Office Chair,2,9220.08,0.0,18440.16,0.0,18440.16,6538.18,13076.36,5363.8,Cash on Delivery
101892,2025-10-25,CUST1072,Individual,North,Chandigarh,Online,Groceries,Almond Butter,4,258.43,0.0,1033.72,0.0,1033.72,160.2,640.8,392.92,Net Banking
105013,2024-03-31,CUST3898,Small Business,West,Pune,Distributor,Electronics,USB-C Hub,5,5653.04,0.0,28265.2,0.0,28265.2,4000.08,20000.4,8264.8,Cash on Delivery
103600,2024-12-14,CUST3368,Small Business,West,,Retail Store,Apparel,Wool Sweater,4,1598.47,0.15,6393.88,959.08,5434.8,1053.65,4214.6,1220.2,UPI
105386,2024-02-22,CUST4310,Individual,West,Pune,Online,ELECTRONICS,Bluetooth Speaker,1,3501.37,0.15,3501.37,525.21,2976.16,2233.16,2233.16,743.0,Credit Card
104911,2024-08-06,CUST4893,Small Business,North,Lucknow,Online,Stationery,Notebook Set,6,609.56,0.05,3657.36,182.87,3474.49,406.58,2439.48,1035.01,UPI
101266,2024-03-09,CUST3104,Individual,Central,Bhopal,Online,Stationery,Whiteboard,4,617.06,0.15,2468.24,370.24,2098.0,351.23,1404.92,693.08,Debit Card
104439,2025-08-22,CUST1400,Individual,Central,Bhopal,Distributor,Furniture,Bookshelf,1,9259.61,0.1,9259.61,925.96,8333.65,6154.09,6154.09,2179.56,Debit Card
102598,2025-10-12,CUST4170,Individual,Central,Nagpur,Online,Apparel,Wool Sweater,2,404.77,0.0,809.54,0.0,809.54,253.6,507.2,302.34,Debit Card
101411,2024-12-13,CUST1366,Individual,Central,Nagpur,Online,Groceries,Olive Oil,1,159.24,0.0,159.24,0.0,159.24,107.18,107.18,52.06,Credit Card
101215,2025-05-30,CUST4574,Small Business,Central,Bhopal,Online,Furniture,Bookshelf,3,13151.9,0.1,39455.7,3945.57,35510.13,7415.37,22246.11,13264.02,UPI
100967,2024-10-14,CUST2783,Enterprise,South,Chennai,Online,Apparel,Wool Sweater,2,2506.92,0.1,5013.84,501.38,4512.46,1797.66,3595.32,917.14,Net Banking
101231,2024-03-30,CUST4675,Individual,East,Patna,Retail Store,Furniture,Filing Cabinet,6,4428.04,0.0,26568.24,0.0,26568.24,3109.42,18656.52,7911.72,Debit Card
104792,2024-01-22,CUST4932,Individual,East,Patna,Online,Furniture,Filing Cabinet,3,9668.47,0.0,29005.41,0.0,29005.41,6366.1,19098.3,9907.11,Debit Card
100606,2025-10-04,CUST4185,Individual,North,Delhi,Online,Groceries,Green Tea Pack,3,731.89,0.15,2195.67,329.35,1866.32,498.93,1496.79,369.53,Cash on Delivery
100105,2025-06-03,CUST3383,Enterprise,West,Pune,Online,Stationery,Notebook Set,6,534.42,0.15,3206.52,480.98,2725.54,305.01,1830.06,895.48,Cash on Delivery
100646,2024-01-22,CUST2386,Individual,North,Delhi,Online,Electronics,Wireless Mouse,1,5680.71,0.1,5680.71,568.07,5112.64,3960.74,3960.74,1151.9,Credit Card
105501,2025-11-29,CUST1837,Small Business,Central,Raipur,Distributor,Groceries,Granola Bars,12,725.35,0.0,8704.2,0.0,8704.2,523.49,6281.88,2422.32,Cash on Delivery
104591,2025-08-24,CUST4505,Enterprise,North,Chandigarh,Retail Store,Apparel,Rain Jacket,1,2307.82,0.0,2307.82,0.0,2307.82,1428.08,1428.08,879.74,Debit Card
103089,2024-03-26,CUST3203,Small Business,Central,Raipur,Retail Store,Electronics,Webcam HD,3,5696.17,0.0,17088.51,0.0,17088.51,4011.14,12033.42,5055.09,UPI
101020,20-Sep-2024,CUST2717,Small Business,Central,Bhopal,Retail Store,Electronics,Bluetooth Speaker,4,2093.44,0.05,8373.76,418.69,7955.07,1462.28,5849.12,2105.95,UPI
100092,2025-04-07,CUST3341,Small Business,East,Patna,Online,Electronics,Wireless Mouse,5,3436.75,0.05,17183.75,859.19,16324.56,2515.05,12575.25,3749.31,Credit Card
105209,2025-01-22,CUST4197,Individual,West,Ahmedabad,Online,Groceries,Organic Coffee,1,412.97,0.2,412.97,82.59,330.38,247.5,247.5,82.88,UPI
102871,2024-10-09,CUST1236,Individual,West,Pune,Retail Store,Stationery,Gel Pens Pack,4,275.23,0.1,1100.92,110.09,990.83,196.59,786.36,204.47,Credit Card
100909,2024-08-14,CUST4748,Individual, South  ,Chennai,Online,Apparel,Cotton T-Shirt,1,2192.41,0.0,2192.41,0.0,2192.41,1495.05,1495.05,697.36,Debit Card
105571,2025-09-16,CUST4136,Individual,Central,Bhopal,Online,Furniture,Desk Lamp,1,12129.95,0.0,12129.95,0.0,12129.95,6744.77,6744.77,5385.18,UPI
102151,2024-03-02,CUST2378,Small Business,East,Patna,Online,STATIONERY,Whiteboard,4,648.69,0.2,2594.76,518.95,2075.81,441.31,1765.24,310.57,Net Banking
100239,2025-07-26,CUST3390,Individual,North,Delhi,Online,Furniture,Bookshelf,6,6831.87,0.0,40991.22,0.0,40991.22,4941.35,29648.1,11343.12,Net Banking
103141,2025-04-16,CUST2702,Small Business,West,Mumbai,Retail Store,Apparel,Denim Jacket,5,1262.79,0.0,6313.95,0.0,6313.95,750.94,3754.7,2559.25,Debit Card
100943,2025-01-29,CUST1067,Individual,South,Chennai,Online,Groceries,Organic Coffee,2,279.58,0.0,559.16,0.0,559.16,165.9,331.8,227.36,UPI
101271,2024-07-20,CUST4145,Individual,North,Chandigarh,Retail Store,Electronics,Power Bank,6,5106.52,0.1,30639.12,3063.91,27575.21,3037.61,18225.66,9349.55,Debit Card
100939,08-21-2024,CUST4089,Small Business,Central,Nagpur,Retail Store,Furniture,Filing Cabinet,1,5262.35,0.15,5262.35,789.35,4473.0,3159.17,3159.17,1313.83,Debit Card
105521,2024-10-12,CUST3980,Individual,North,Chandigarh,Distributor,Stationery,Whiteboard,4,603.52,0.1,2414.08,241.41,2172.67,435.28,1741.12,431.55,Cash on Delivery
103230,2024-07-04,CUST3089,Individual,West,Pune,Online,Stationery,Gel Pens Pack,1,563.03,0.1,563.03,56.3,506.73,381.05,381.05,125.68,UPI
103552,2025-04-17,CUST3426,Small Business,Central,Bhopal,Retail Store,Furniture,Desk Lamp,2,12279.63,0.2,24559.26,4911.85,19647.41,8833.5,17667.0,1980.41,Net Banking
101863,2025-10-19,CUST4207,Individual, South  ,Hyderabad,Distributor,Electronics,Power Bank,1,2776.54,0.0,2776.54,0.0,2776.54,1534.2,1534.2,1242.34,Cash on Delivery
101670,2025-09-11,CUST1621,Individual, Central  ,Bhopal,Online,Electronics,Bluetooth Speaker,4,5847.25,0.0,23389.0,0.0,23389.0,3507.77,14031.08,9357.92,Cash on Delivery
100006,2024-02-02,CUST4051,Small Business,East,Kolkata,Online,Apparel,Wool Sweater,2,1428.64,0.0,2857.28,0.0,2857.28,825.65,1651.3,1205.98,Debit Card
104344,2024-04-20,CUST4635,Individual,West,Pune,Retail Store,Apparel,Rain Jacket,3,1110.2,0.1,3330.6,333.06,2997.54,799.41,2398.23,599.31,Cash on Delivery
103944,2025-01-30,CUST1436,Enterprise,North,Lucknow,Online,Groceries,Organic Coffee,1,841.55,0.0,841.55,0.0,841.55,481.24,481.24,360.31,Debit Card
103014,2024-06-29,CUST3735,Individual,South,Chennai,Retail Store,Groceries,Olive Oil,2,317.69,0.0,635.38,0.0,635.38,193.68,387.36,248.02,Credit Card
100019,2024-11-19,CUST1300,Small Business,East,Kolkata,Online,Apparel,Denim Jacket,4,2354.85,0.1,9419.4,941.94,8477.46,1764.3,7057.2,1420.26,UPI
101971,2024-12-24,CUST1641,Small Business,Central,Nagpur,Online,Electronics,Power Bank,3,3588.77,0.0,10766.31,0.0,10766.31,2486.68,7460.04,3306.27,Cash on Delivery
102710,2025-04-21,CUST3692,Individual,North,Lucknow,Distributor,Groceries,Green Tea Pack,4,478.01,0.0,1912.04,0.0,1912.04,317.32,1269.28,642.76,Cash on Delivery
102233,2025-01-09,CUST3274,Small Business,East,Bhubaneswar,Online,Stationery,Gel Pens Pack,1,294.55,0.2,294.55,58.91,235.64,209.96,209.96,25.68,UPI
100812,2025-11-29,CUST2991,Small Business,West,Mumbai,Online,Stationery,Notebook Set,4,394.32,0.15,1577.28,236.59,1340.69,252.73,1010.92,329.77,Credit Card
101301,2025-04-29,CUST3950,Individual,North,Chandigarh,Retail Store,Apparel,Wool Sweater,3,2478.13,0.0,7434.39,0.0,7434.39,1405.83,4217.49,3216.9,Cash on Delivery
105432,2024-08-23,CUST1700,Small Business,North,Delhi,Online,Apparel,Running Shoes,1,638.08,0.0,638.08,0.0,638.08,469.96,469.96,168.12,Credit Card
105929,2024-06-08,CUST1528,Enterprise,South,Bengaluru,Retail Store,Furniture,Filing Cabinet,1,7050.68,0.0,7050.68,0.0,7050.68,5229.25,5229.25,1821.43,UPI
100261,2025-08-22,CUST4122,Individual,South,Hyderabad,Retail Store,Groceries,Granola Bars,7,811.04,0.1,5677.28,567.73,5109.55,594.64,4162.48,947.07,UPI
101805,2024-08-28,CUST4312,Enterprise,Central,Bhopal,Online,Stationery,Desk Organizer,4,675.87,0.0,2703.48,0.0,2703.48,386.04,1544.16,1159.32,Net Banking
101571,2024-11-05,CUST3844,Individual,South,Hyderabad,Online,Electronics,Bluetooth Speaker,3,1094.39,0.15,3283.17,492.48,2790.69,779.57,2338.71,451.98,Cash on Delivery
104281,2025-01-05,CUST2466,Individual,West,Mumbai,Online,Stationery,Desk Organizer,3,400.81,0.0,1202.43,0.0,1202.43,282.61,847.83,354.6,Net Banking
102455,2025-02-27,CUST2448,Small Business,South,Hyderabad,Retail Store,Electronics,Laptop Stand,1,2054.91,0.0,2054.91,0.0,2054.91,1467.22,1467.22,587.69,Cash on Delivery
101744,2024-06-23,CUST3856,Small Business,Central,Bhopal,Online,Stationery,Notebook Set,2,434.69,0.2,869.38,173.88,695.5,278.97,557.94,137.56,UPI
101631,2025-02-07,CUST4981,Individual,South,Bengaluru,Online,Furniture,Bookshelf,5,4862.34,0.0,24311.7,0.0,24311.7,3379.52,16897.6,7414.1,UPI
101717,2025-03-05,CUST4645,Individual,North,Delhi,Distributor,Apparel,Rain Jacket,2,2761.05,0.2,5522.1,1104.42,4417.68,1879.22,3758.44,659.24,UPI
100521,2025-07-26,CUST1077,Enterprise,Central,Raipur,Retail Store,Electronics,Bluetooth Speaker,2,3513.12,0.1,7026.24,702.62,6323.62,2058.51,4117.02,2206.6,Credit Card
103938,2025-06-17,CUST4373,Individual,West,Mumbai,Online,Groceries,Granola Bars,2,478.79,0.05,957.58,47.88,909.7,349.89,699.78,209.92,Debit Card
103483,2025-02-23,CUST2064,Individual,South,Bengaluru,Online,Apparel,Running Shoes,1,1075.18,0.15,1075.18,161.28,913.9,753.18,753.18,160.72,Net Banking
101659,2024-07-14,CUST1327,Small Business,West,Mumbai,Retail Store,Stationery,Notebook Set,3,435.05,0.1,1305.15,130.52,1174.63,312.93,938.79,235.84,Debit Card
103473,2024-02-27,CUST1337,Small Business,Central,Bhopal,Online,Apparel,Running Shoes,4,2443.73,0.2,9774.92,1954.98,7819.94,1404.98,5619.92,2200.02,UPI
105709,2025-10-06,CUST2208,Individual,East,Patna,Online,Electronics,Bluetooth Speaker,2,4060.19,0.0,8120.38,0.0,8120.38,2571.05,5142.1,2978.28,Net Banking
102476,2025-09-25,CUST1972,Individual,West,Ahmedabad,Online,ELECTRONICS,Wireless Mouse,3,1493.55,0.0,4480.65,0.0,4480.65,835.37,2506.11,1974.54,Debit Card
103949,11/05/2025,CUST3624,Individual,South,Chennai,Retail Store,Furniture,Bookshelf,6,13554.86,0.05,81329.16,4066.46,77262.7,8780.26,52681.56,24581.14,Net Banking
103935,2024-12-30,CUST4796,Small Business,Central,Raipur,Distributor,APPAREL,Wool Sweater,3,969.64,0.05,2908.92,145.45,2763.47,679.37,2038.11,725.36,Net Banking
103646,2025-07-05,CUST1927,Individual,Central,Raipur,Online,Furniture,Office Chair,1,12833.25,0.05,12833.25,641.66,12191.59,8609.49,8609.49,3582.1,Debit Card
100764,2024-08-25,CUST4368,Small Business,North,Delhi,Retail Store,Apparel,Denim Jacket,2,2895.63,0.0,5791.26,0.0,5791.26,1875.42,3750.84,2040.42,Debit Card
104704,2025-06-10,CUST4720,Individual,West,Ahmedabad,Retail Store,Apparel,Rain Jacket,3,1804.22,0.05,5412.66,270.63,5142.03,1150.81,3452.43,1689.6,Cash on Delivery
104327,2024-10-15,CUST2539,Individual,West,Pune,Online,Electronics,USB-C Hub,4,5838.18,0.2,23352.72,4670.54,18682.18,3290.47,13161.88,5520.3,Credit Card
104428,2025-11-19,CUST2683,Individual,South,Bengaluru,Online,Electronics,Bluetooth Speaker,3,5430.35,0.0,16291.05,0.0,16291.05,3575.87,10727.61,5563.44,UPI
105537,2024-07-17,CUST2927,Individual,South,Hyderabad,Retail Store,Stationery,Gel Pens Pack,3,607.32,0.0,1821.96,0.0,1821.96,356.42,1069.26,752.7,Cash on Delivery
101092,2024-09-27,CUST1290,Small Business, North  ,Lucknow,Distributor,Apparel,Rain Jacket,3,1985.33,0.0,5955.99,0.0,5955.99,1215.51,3646.53,2309.46,Credit Card
103609,2025-11-17,CUST4148,Individual,South,Chennai,Retail Store,Apparel,Denim Jacket,4,1012.74,0.1,4050.96,405.1,3645.86,650.33,2601.32,1044.54,Credit Card
101102,2025-11-25,CUST2268,Individual,Central,Nagpur,Online,Groceries,Organic Coffee,1,574.0,0.2,574.0,114.8,459.2,373.15,373.15,86.05,Net Banking
105226,2024-11-20,CUST1774,Small Business,South,Hyderabad,Retail Store,Stationery,Desk Organizer,6,691.75,0.15,4150.5,622.57,3527.93,480.82,2884.92,643.01,UPI
104558,2024-01-04,CUST3306,Individual,North,Delhi,Online,Apparel,Wool Sweater,1,2407.82,0.15,2407.82,361.17,2046.65,1415.69,1415.69,630.96,Cash on Delivery
100959,2025-01-11,CUST2049,Enterprise,West,Mumbai,Online,Stationery,Gel Pens Pack,1,179.12,0.0,179.12,0.0,179.12,125.53,125.53,53.59,Credit Card
105759,2024-11-20,CUST2835,Individual,North,Lucknow,Online,Groceries,Organic Coffee,6,452.9,0.0,2717.4,0.0,2717.4,280.84,1685.04,1032.36,Net Banking
100560,2025-01-25,CUST4385,Individual,North,Lucknow,Online,Furniture,Filing Cabinet,2,7869.96,0.1,15739.92,1573.99,14165.93,4608.08,9216.16,4949.77,Cash on Delivery
101520,2024-09-25,CUST2338,Small Business,Central,Nagpur,Online,Furniture,Filing Cabinet,2,10930.52,0.2,21861.04,4372.21,17488.83,6530.78,13061.56,4427.27,UPI
105927,2024-08-25,CUST4127,Individual,East,Patna,Retail Store,FURNITURE,Office Chair,1,9964.53,0.1,9964.53,996.45,8968.08,6913.52,6913.52,2054.56,Cash on Delivery
102485,2024-06-20,CUST4077,Individual,West,Mumbai,Distributor,Groceries,Granola Bars,5,830.83,0.0,4154.15,0.0,4154.15,474.89,2374.45,1779.7,UPI
100367,2025-04-21,CUST2260,Individual,South,Hyderabad,Distributor,Electronics,Power Bank,3,2618.18,0.0,7854.54,0.0,7854.54,1853.77,5561.31,2293.23,Cash on Delivery
103902,2025-07-16,CUST4667,Individual,West,Pune,Retail Store,Stationery,Desk Organizer,2,280.22,0.0,560.44,0.0,560.44,179.98,359.96,200.48,Cash on Delivery
101949,2025-10-12,CUST4487,Individual, East  ,Patna,Retail Store,Apparel,Denim Jacket,2,1378.62,0.05,2757.24,137.86,2619.38,965.77,1931.54,687.84,Cash on Delivery
104166,2024-09-04,CUST4511,Individual,South,Bengaluru,Online,Apparel,Cotton T-Shirt,3,1408.33,0.0,4224.99,0.0,4224.99,874.47,2623.41,1601.58,Debit Card
101573,2025-02-18,CUST4911,Individual,West,Pune,Online,Stationery,Gel Pens Pack,2,495.74,0.05,991.48,49.57,941.91,311.92,623.84,318.07,Credit Card
100809,2024-04-08,CUST4974,Small Business,East,Kolkata,Online,Groceries,Green Tea Pack,3,445.39,0.05,1336.17,66.81,1269.36,304.64,913.92,355.44,Net Banking
103233,2025-12-08,CUST3120,Individual,West,Mumbai,Online,Stationery,Gel Pens Pack,8,118.92,0.0,951.36,0.0,951.36,83.7,669.6,281.76,UPI
103947,2024-07-13,CUST2024,Individual,East,Kolkata,Retail Store,Electronics,USB-C Hub,7,843.33,0.2,5903.31,1180.66,4722.65,553.56,3874.92,847.73,Net Banking
100012,2025-09-13,CUST3409,Individual,Central,Raipur,Retail Store,Groceries,Green Tea Pack,2,488.61,0.0,977.22,0.0,977.22,301.77,603.54,373.68,Net Banking
102026,2025-09-19,CUST1470,Small Business,West,Pune,Online,Groceries,Green Tea Pack,2,164.61,0.0,329.22,0.0,329.22,91.6,183.2,146.02,Debit Card
105014,2025-01-20,CUST2451,Individual,North,Delhi,Online,Electronics,Webcam HD,4,5017.35,0.0,20069.4,0.0,20069.4,2767.22,11068.88,9000.52,UPI
105548,2024-10-23,CUST1781,Individual,East,Patna,Retail Store,Electronics,Laptop Stand,2,3116.28,0.0,6232.56,0.0,6232.56,2014.38,4028.76,2203.8,Credit Card
100177,2024-10-31,CUST1760,Individual,North,Lucknow,Online,Stationery,Desk Organizer,2,449.78,0.1,899.56,89.96,809.6,281.9,563.8,245.8,Credit Card
105091,2024-03-11,CUST2952,Individual,East,,Online,Apparel,Wool Sweater,3,1594.58,0.0,4783.74,0.0,4783.74,1033.36,3100.08,1683.66,Credit Card
102489,2024-11-11,CUST3047,Individual,North,Delhi,Online,Apparel,Rain Jacket,6,2991.67,0.0,17950.02,0.0,17950.02,2063.48,12380.88,5569.14,Debit Card
103887,2024-05-15,CUST2715,,East,,Online,Electronics,Wireless Mouse,1,3612.44,,3612.44,361.24,3251.2,2273.91,2273.91,977.29,
102570,25/08/2024,CUST4876,Individual,East,Kolkata,Retail Store,Apparel,Wool Sweater,2,1841.63,0.1,3683.26,368.33,3314.93,1208.53,2417.06,897.87,Debit Card
103521,2024-08-15,CUST1012,Individual,South,Chennai,Distributor,Furniture,Standing Desk,2,4127.16,0.0,8254.32,0.0,8254.32,2873.26,5746.52,2507.8,Net Banking
103761,2025-02-06,CUST2136,Individual,South,Chennai,Online,Stationery,Notebook Set,1,253.67,0.0,253.67,0.0,253.67,170.52,170.52,83.15,Net Banking
105352,2024-02-27,CUST3406,Individual,East,Patna,Online,Apparel,Rain Jacket,4,2200.58,0.0,8802.32,0.0,8802.32,1456.7,5826.8,2975.52,UPI
103283,2024-12-30,CUST1964,Small Business,North,Delhi,Online,Furniture,Standing Desk,6,11518.89,0.1,69113.34,6911.33,62202.01,8005.57,48033.42,14168.59,Cash on Delivery
101665,2025-03-03,CUST4042,Small Business,Central,Bhopal,Retail Store,Electronics,Laptop Stand,4,3931.55,0.0,15726.2,0.0,15726.2,2557.04,10228.16,5498.04,Credit Card
102192,2025-07-25,CUST4939,Individual,West,Ahmedabad,Online,Apparel,Cotton T-Shirt,5,2513.23,0.1,12566.15,1256.62,11309.53,1559.72,7798.6,3510.93,Cash on Delivery
104798,2024-09-14,CUST3044,Small Business,East,Patna,Online,Electronics,Wireless Mouse,4,856.57,0.1,3426.28,342.63,3083.65,537.84,2151.36,932.29,Debit Card
103371,2025-09-04,CUST4093,Individual,North,Lucknow,Distributor,Apparel,Rain Jacket,4,1695.99,0.05,6783.96,339.2,6444.76,1219.75,4879.0,1565.76,Debit Card
102661,2025-07-28,CUST2583,Individual,South,Hyderabad,Online,Electronics,Bluetooth Speaker,2,4325.31,0.0,8650.62,0.0,8650.62,2494.42,4988.84,3661.78,Cash on Delivery
104253,2024-08-09,CUST2525,Individual,North,Lucknow,Online,Apparel,Cotton T-Shirt,2,2110.47,0.0,4220.94,0.0,4220.94,1541.86,3083.72,1137.22,Net Banking
103579,2024-03-04,CUST1373,Individual,Central,Raipur,Retail Store,Electronics,Webcam HD,4,5388.93,0.2,21555.72,4311.14,17244.58,3380.75,13523.0,3721.58,UPI
105557,2024-07-15,CUST1287,Individual, West  ,Mumbai,Online,Apparel,Cotton T-Shirt,1,1044.43,0.0,1044.43,0.0,1044.43,652.86,652.86,391.57,Credit Card
102047,2025-10-03,CUST3727,Enterprise,West,Ahmedabad,Retail Store,Stationery,Notebook Set,4,651.6,0.05,2606.4,130.32,2476.08,401.37,1605.48,870.6,Debit Card
102625,26-Oct-2024,CUST3169,Small Business,East,Bhubaneswar,Distributor,Electronics,Power Bank,1,1805.17,0.05,1805.17,90.26,1714.91,1066.21,1066.21,648.7,Net Banking
103411,2025-09-27,CUST4658,Individual,Central,Bhopal,Online,Apparel,Denim Jacket,4,1470.52,0.1,5882.08,588.21,5293.87,1027.95,4111.8,1182.07,Debit Card
101186,2024-02-17,CUST3092,Small Business,East,Patna,Retail Store,Groceries,Olive Oil,3,218.63,0.0,655.89,0.0,655.89,161.09,483.27,172.62,UPI
101007,2025-06-09,CUST2863,Individual,Central,Bhopal,Online,Electronics,Webcam HD,1,1610.73,0.0,1610.73,0.0,1610.73,1034.86,1034.86,575.87,UPI
103570,2025-01-25,CUST3120,Individual,East,Patna,Distributor,Stationery,Notebook Set,5,196.43,0.05,982.15,49.11,933.04,143.22,716.1,216.94,Credit Card
103738,2024-03-24,CUST1673,Small Business,South,Bengaluru,Online,Groceries,Green Tea Pack,2,275.59,0.1,551.18,55.12,496.06,200.48,400.96,95.1,Credit Card
104657,2024-04-29,CUST3778,Small Business,South,Hyderabad,Online,Electronics,Webcam HD,1,3290.32,0.05,3290.32,164.52,3125.8,2129.28,2129.28,996.52,Cash on Delivery
105007,2024-11-20,CUST2255,Small Business,West,Mumbai,Online,Furniture,Office Chair,6,5915.7,0.05,35494.2,1774.71,33719.49,4417.01,26502.06,7217.43,UPI
105408,2024-07-24,CUST4156,Enterprise,North,Chandigarh,Retail Store,Apparel,Rain Jacket,3,2728.38,0.0,8185.14,0.0,8185.14,1881.98,5645.94,2539.2,Debit Card
102050,2025-12-29,CUST1356,Individual,East,Kolkata,Online,Stationery,Sticky Notes,3,554.81,0.15,1664.43,249.66,1414.77,325.93,977.79,436.98,UPI
104012,2025-01-11,CUST4831,Individual,South,Hyderabad,Retail Store,Apparel,Denim Jacket,1,2524.75,0.0,2524.75,0.0,2524.75,1790.48,1790.48,734.27,Net Banking
100270,2025-07-10,CUST3659,Small Business,North,Chandigarh,Online,STATIONERY,Whiteboard,5,374.41,0.1,1872.05,187.21,1684.84,267.6,1338.0,346.84,UPI
101994,2024-08-23,CUST2747,Individual,North,Lucknow,Online,FURNITURE,Desk Lamp,6,10190.96,0.0,61145.76,0.0,61145.76,6061.88,36371.28,24774.48,Debit Card
100266,11-22-2025,CUST4046,Small Business,Central,Nagpur,Online,Stationery,Gel Pens Pack,3,504.79,0.1,1514.37,151.44,1362.93,283.07,849.21,513.72,Net Banking
100915,2024-02-12,CUST2556,Individual,South,Hyderabad,Online,Stationery,Gel Pens Pack,3,366.46,0.15,1099.38,164.91,934.47,205.69,617.07,317.4,Debit Card
102279,2024-02-17,CUST1136,Individual,North,Lucknow,Retail Store,Stationery,Gel Pens Pack,1,480.66,0.0,480.66,0.0,480.66,358.53,358.53,122.13,Credit Card
102232,2024-09-09,CUST2999,Individual,South,Bengaluru,Online,Groceries,Granola Bars,2,516.65,0.1,1033.3,103.33,929.97,335.03,670.06,259.91,Cash on Delivery
100291,2025-04-09,CUST4692,Individual,North,Delhi,Online,Stationery,Desk Organizer,3,172.73,0.0,518.19,0.0,518.19,101.13,303.39,214.8,UPI
102913,2025-12-25,CUST2211,Small Business,West,Pune,Online,Electronics,USB-C Hub,1,5550.26,0.0,5550.26,0.0,5550.26,3786.94,3786.94,1763.32,Cash on Delivery
104970,2024-05-19,CUST2644,Individual,East,Bhubaneswar,Online,Groceries,Organic Coffee,2,778.73,0.0,1557.46,0.0,1557.46,492.03,984.06,573.4,Net Banking
102094,2024-02-18,CUST1327,Individual,North,Chandigarh,Retail Store,Groceries,Olive Oil,4,323.74,0.15,1294.96,194.24,1100.72,232.02,928.08,172.64,Net Banking
104572,2025-02-05,CUST2148,Small Business,East,Bhubaneswar,Retail Store,Stationery,Whiteboard,1,522.35,0.05,522.35,26.12,496.23,299.26,299.26,196.97,Credit Card
101653,2025-12-25,CUST4814,Individual,Central,Bhopal,Online,Groceries,Olive Oil,1,850.51,0.15,850.51,127.58,722.93,574.14,574.14,148.79,Net Banking
104142,2024-03-12,CUST3037,Individual,North,Lucknow,Distributor,Groceries,Green Tea Pack,1,219.26,0.05,219.26,10.96,208.3,128.53,128.53,79.77,Cash on Delivery
104258,2024-12-12,CUST1960,Small Business,Central,Bhopal,Distributor,ELECTRONICS,USB-C Hub,3,5269.83,0.0,15809.49,0.0,15809.49,3023.0,9069.0,6740.49,Credit Card
103040,2025-12-08,CUST1964,Individual,West,Pune,Online,Groceries,Granola Bars,1,731.12,0.0,731.12,0.0,731.12,456.62,456.62,274.5,Net Banking
102678,2024-12-05,CUST3958,Individual,South,Chennai,Online,Electronics,Bluetooth Speaker,4,5711.64,0.0,22846.56,0.0,22846.56,3427.77,13711.08,9135.48,UPI
100289,08/06/2025,CUST1351,Individual,South,Bengaluru,Online,Electronics,Webcam HD,7,2908.37,0.2,20358.59,4071.72,16286.87,1764.48,12351.36,3935.51,UPI
103108,2024-11-06,CUST3266,Individual,West,Ahmedabad,Retail Store,Groceries,Granola Bars,6,228.23,0.15,1369.38,205.41,1163.97,132.08,792.48,371.49,Credit Card
105997,2025-02-01,CUST3813,Individual,East,Patna,Online,Apparel,Denim Jacket,2,915.56,0.2,1831.12,366.22,1464.9,654.82,1309.64,155.26,Cash on Delivery
100576,2024-05-07,CUST4874,Individual,West,Mumbai,Retail Store,Apparel,Denim Jacket,1,1376.94,0.15,1376.94,206.54,1170.4,922.02,922.02,248.38,Credit Card
100851,2024-10-18,CUST4124,Small Business,South,Hyderabad,Online,Electronics,Laptop Stand,2,5344.54,0.0,10689.08,0.0,10689.08,3551.7,7103.4,3585.68,Cash on Delivery
103884,05-19-2025,CUST3927,Individual,Central,Bhopal,Retail Store,Stationery,Whiteboard,6,214.7,0.2,1288.2,257.64,1030.56,157.35,944.1,86.46,UPI
105008,2025-04-12,CUST2259,Small Business,Central,Bhopal,Retail Store,Stationery,Desk Organizer,3,672.1,0.15,2016.3,302.44,1713.86,385.45,1156.35,557.51,Net Banking
105351,2024-04-14,CUST2791,Enterprise,West,Pune,Retail Store,Furniture,Desk Lamp,1,8577.38,0.0,8577.38,0.0,8577.38,5054.36,5054.36,3523.02,UPI
101723,2025-04-26,CUST3196,Individual,East,Bhubaneswar,Retail Store,Groceries,Olive Oil,1,181.26,0.0,181.26,0.0,181.26,111.76,111.76,69.5,Debit Card
105832,2024-12-03,CUST2206,Individual,South,Bengaluru,Distributor,Groceries,Olive Oil,1,163.65,0.0,163.65,0.0,163.65,121.16,121.16,42.49,Credit Card
105029,2024-02-04,CUST2896,Small Business,East,Bhubaneswar,Distributor,Apparel,Cotton T-Shirt,1,1637.76,0.0,1637.76,0.0,1637.76,1138.42,1138.42,499.34,Debit Card
103950,2024-05-27,CUST2358,Individual,North,Lucknow,Online,Electronics,Power Bank,4,2238.77,0.1,8955.08,895.51,8059.57,1346.04,5384.16,2675.41,Cash on Delivery
101101,2025-02-16,CUST3768,Individual,Central,Raipur,Online,Stationery,Desk Organizer,2,454.89,0.1,909.78,90.98,818.8,318.06,636.12,182.68,Debit Card
101208,2025-07-26,CUST4492,Individual,North,Delhi,Retail Store,Furniture,Standing Desk,1,2177.06,0.05,2177.06,108.85,2068.21,1542.46,1542.46,525.75,Net Banking
101844,2025-08-20,CUST3534,Individual,West,Ahmedabad,Distributor,Groceries,Olive Oil,3,883.46,0.0,2650.38,0.0,2650.38,578.98,1736.94,913.44,Debit Card
101849,2024-11-05,CUST3189,Individual,North,Delhi,Distributor,Electronics,Bluetooth Speaker,3,1777.07,0.05,5331.21,266.56,5064.65,1251.93,3755.79,1308.86,Credit Card
102525,2024-08-24,CUST4760,Small Business,East,Patna,Online,Electronics,Webcam HD,4,2098.97,0.0,8395.88,0.0,8395.88,1419.1,5676.4,2719.48,Debit Card
103948,2024-12-21,CUST2776,Individual,East,Bhubaneswar,Online,Stationery,Sticky Notes,6,139.4,0.0,836.4,0.0,836.4,88.48,530.88,305.52,UPI
101695,2024-08-24,CUST2530,Individual,Central,Bhopal,Online,Stationery,Gel Pens Pack,3,437.4,0.15,1312.2,196.83,1115.37,261.87,785.61,329.76,Net Banking
104182,2025-08-29,CUST2194,Small Business,East,Kolkata,Online,Apparel,Denim Jacket,5,2315.88,0.0,11579.4,0.0,11579.4,1322.54,6612.7,4966.7,Net Banking
104566,2025-08-18,CUST1666,Small Business,North,Delhi,Online,Furniture,Filing Cabinet,2,11692.11,0.05,23384.22,1169.21,22215.01,6898.58,13797.16,8417.85,Cash on Delivery
103961,2024-12-31,CUST1444,Enterprise,North,Delhi,Online,Furniture,Bookshelf,9,12679.97,0.05,114119.73,5705.99,108413.74,9118.94,82070.46,26343.28,Net Banking
100234,2024-08-07,CUST1916,Individual,South,Chennai,Retail Store,Furniture,Standing Desk,1,11978.45,0.1,11978.45,1197.85,10780.6,8506.77,8506.77,2273.83,Debit Card
103333,2024-05-24,CUST1485,Enterprise,West,Ahmedabad,Online,Furniture,Office Chair,1,12042.44,0.0,12042.44,0.0,12042.44,7458.06,7458.06,4584.38,Debit Card
105782,2025-12-30,CUST4539,Small Business, Central  ,Nagpur,Retail Store,Electronics,Power Bank,4,1642.95,0.2,6571.8,1314.36,5257.44,920.14,3680.56,1576.88,Net Banking
102648,2024-11-05,CUST3490,Small Business, South  ,Chennai,Online,Stationery,Notebook Set,3,280.65,0.1,841.95,84.2,757.75,199.62,598.86,158.89,Cash on Delivery
104042,2024-12-02,CUST2836,Individual,East,Bhubaneswar,Retail Store,Electronics,Wireless Mouse,4,2354.2,0.0,9416.8,0.0,9416.8,1586.83,6347.32,3069.48,Debit Card
101712,2025-12-15,CUST1790,Individual,North,Delhi,Online,Electronics,Laptop Stand,3,1286.76,0.0,3860.28,0.0,3860.28,906.95,2720.85,1139.43,Debit Card
100183,2025-06-10,CUST3365,Small Business,West,Mumbai,Distributor,Electronics,Bluetooth Speaker,2,1489.99,0.05,2979.98,149.0,2830.98,965.35,1930.7,900.28,UPI
105085,2025-02-20,CUST4850,Individual,West,Pune,Online,Apparel,Running Shoes,3,1002.8,0.1,3008.4,300.84,2707.56,652.5,1957.5,750.06,Cash on Delivery
105097,2025-08-29,CUST2812,Individual,East,Patna,Retail Store,Apparel,Rain Jacket,1,1931.62,0.0,1931.62,0.0,1931.62,1156.18,1156.18,775.44,Credit Card
105738,2024-04-12,CUST2367,Individual,Central,Raipur,Retail Store,Electronics,Power Bank,2,5077.96,0.15,10155.92,1523.39,8632.53,2802.15,5604.3,3028.23,Cash on Delivery
105453,2024-08-30,CUST3628,Small Business,West,Mumbai,Online,Furniture,Filing Cabinet,4,11499.44,0.15,45997.76,6899.66,39098.1,7083.14,28332.56,10765.54,UPI
101463,2024-08-23,CUST2328,Enterprise,South,Bengaluru,Online,Groceries,Organic Coffee,2,372.38,0.0,744.76,0.0,744.76,242.29,484.58,260.18,Net Banking
100050,2024-11-08,CUST2673,Enterprise,North,Lucknow,Distributor,Stationery,Desk Organizer,9,187.76,0.0,1689.84,0.0,1689.84,109.15,982.35,707.49,Credit Card
105936,2024-05-12,CUST3498,Individual,South,Chennai,Online,Stationery,Desk Organizer,3,238.72,0.1,716.16,71.62,644.54,141.57,424.71,219.83,Cash on Delivery
105355,2025-09-16,CUST4602,Individual,North,Chandigarh,Online,Groceries,Almond Butter,3,181.42,0.0,544.26,0.0,544.26,102.02,306.06,238.2,Debit Card
104583,2025-06-11,CUST3613,Enterprise,South,Chennai,Retail Store,Electronics,Bluetooth Speaker,5,4194.13,0.05,20970.65,1048.53,19922.12,2353.84,11769.2,8152.92,UPI
105996,2024-06-28,CUST1763,Small Business,South,Hyderabad,Online,Electronics,USB-C Hub,5,4955.22,0.1,24776.1,2477.61,22298.49,3414.25,17071.25,5227.24,Debit Card
100107,2024-02-07,CUST4531,Enterprise,North,Delhi,Distributor,Apparel,Denim Jacket,1,1811.88,0.0,1811.88,0.0,1811.88,1100.21,1100.21,711.67,Net Banking
100444,2025-03-28,CUST1321,Small Business,East,Kolkata,Retail Store,Stationery,Desk Organizer,3,270.61,0.0,811.83,0.0,811.83,155.88,467.64,344.19,Credit Card
101955,05-Jul-2025,CUST4150,Small Business,Central,Nagpur,Retail Store,Furniture,Bookshelf,3,3071.46,0.0,9214.38,0.0,9214.38,1791.38,5374.14,3840.24,Cash on Delivery
104743,2024-08-27,CUST1419,Individual,Central,Raipur,Retail Store,Groceries,Granola Bars,4,714.1,0.1,2856.4,285.64,2570.76,417.93,1671.72,899.04,Credit Card
105859,2025-10-09,CUST1166,Individual,North,Delhi,Retail Store,Stationery,Notebook Set,1,654.2,0.1,654.2,65.42,588.78,443.75,443.75,145.03,Credit Card
100727,2025-04-15,CUST3858,Individual,East,Patna,Online,Furniture,Bookshelf,2,10566.63,0.1,21133.26,2113.33,19019.93,6359.48,12718.96,6300.97,Cash on Delivery
102239,2025-03-25,CUST2912,Small Business,East,Bhubaneswar,Distributor,Furniture,Bookshelf,1,6732.47,0.2,6732.47,1346.49,5385.98,4882.98,4882.98,503.0,Credit Card
102331,2024-09-23,CUST3503,Individual,East,Patna,Retail Store,Stationery,Gel Pens Pack,3,418.33,0.15,1254.99,188.25,1066.74,281.53,844.59,222.15,UPI
104126,2024-01-29,CUST4614,Individual,West,Ahmedabad,Online,Stationery,Notebook Set,5,511.81,0.1,2559.05,255.91,2303.14,304.63,1523.15,779.99,Credit Card
100170,2025-12-09,CUST3642,Individual,North,Chandigarh,Retail Store,Groceries,Granola Bars,6,648.52,0.1,3891.12,389.11,3502.01,362.43,2174.58,1327.43,Debit Card
101002,2024-03-07,CUST2064,Individual,West,Ahmedabad,Online,Groceries,Organic Coffee,2,478.02,0.0,956.04,0.0,956.04,297.96,595.92,360.12,Cash on Delivery
103253,2024-02-01,CUST2465,Small Business,East,Patna,Online,Electronics,USB-C Hub,1,4797.71,0.05,4797.71,239.89,4557.82,2639.67,2639.67,1918.15,Credit Card
102149,2024-12-15,CUST4818,Small Business,South,Hyderabad,Retail Store,Stationery,Desk Organizer,4,403.48,0.1,1613.92,161.39,1452.53,244.31,977.24,475.29,Credit Card
100198,2024-06-10,CUST4933,Small Business,Central,Raipur,Retail Store,Apparel,Cotton T-Shirt,3,431.95,0.0,1295.85,0.0,1295.85,253.03,759.09,536.76,UPI
104592,2024-03-04,CUST2999,Enterprise,South,Hyderabad,Retail Store,Groceries,Organic Coffee,1,478.41,0.0,478.41,0.0,478.41,357.98,357.98,120.43,UPI
103794,2025-09-21,CUST1985,Individual,Central,Raipur,Online,Groceries,Green Tea Pack,4,342.57,0.0,1370.28,0.0,1370.28,254.69,1018.76,351.52,Cash on Delivery
100648,2024-02-15,CUST3803,Individual,East,Kolkata,Online,Electronics,Webcam HD,1,5543.27,0.0,5543.27,0.0,5543.27,4070.63,4070.63,1472.64,Cash on Delivery
103036,2024-02-03,CUST1869,Enterprise,East,Bhubaneswar,Online,Furniture,Filing Cabinet,1,14226.13,0.0,14226.13,0.0,14226.13,9307.95,9307.95,4918.18,Net Banking
104141,2024-07-10,CUST4639,Small Business, South  ,Hyderabad,Online,Groceries,Granola Bars,5,717.24,0.0,3586.2,0.0,3586.2,523.11,2615.55,970.65,Net Banking
103734,2025-08-03,CUST2520,Small Business,West,Ahmedabad,Online,Furniture,Filing Cabinet,4,12201.7,0.1,48806.8,4880.68,43926.12,8500.52,34002.08,9924.04,Debit Card
102759,2024-04-07,CUST1199,Individual,East,Bhubaneswar,Retail Store,Electronics,Bluetooth Speaker,2,1889.28,0.0,3778.56,0.0,3778.56,1046.05,2092.1,1686.46,Credit Card
100374,2025-12-04,CUST2173,Individual,East,Patna,Distributor,Stationery,Notebook Set,8,633.12,0.0,5064.96,0.0,5064.96,373.61,2988.88,2076.08,Credit Card
104775,2024-12-15,CUST1786,Small Business,East,Patna,Online,Stationery,Gel Pens Pack,3,363.38,0.1,1090.14,109.01,981.13,235.82,707.46,273.67,Cash on Delivery
100567,2025-02-23,CUST1043,Individual,East,Kolkata,Online,Groceries,Green Tea Pack,5,407.74,0.0,2038.7,0.0,2038.7,256.6,1283.0,755.7,Cash on Delivery
103721,2024-07-10,CUST1811,Individual,South,Bengaluru,Retail Store,Stationery,Desk Organizer,6,442.8,0.0,2656.8,0.0,2656.8,263.31,1579.86,1076.94,Cash on Delivery
102896,2024-04-23,CUST2804,Individual,South,Chennai,Online,Groceries,Granola Bars,3,174.02,0.0,522.06,0.0,522.06,127.79,383.37,138.69,Credit Card
104557,2025-11-15,CUST1060,Small Business,East,Bhubaneswar,Distributor,Apparel,Wool Sweater,1,1946.8,0.0,1946.8,0.0,1946.8,1090.9,1090.9,855.9,UPI
103486,2024-08-13,CUST4049,Individual,Central,Raipur,Online,Stationery,Notebook Set,2,368.52,0.0,737.04,0.0,737.04,236.34,472.68,264.36,Debit Card
101156,2025-05-30,CUST4332,Small Business,West,Pune,Retail Store,Stationery,Desk Organizer,4,575.19,0.2,2300.76,460.15,1840.61,407.27,1629.08,211.53,Net Banking
104136,2025-08-17,CUST3349,Small Business,South,Bengaluru,Online,Stationery,Gel Pens Pack,3,327.98,0.0,983.94,0.0,983.94,236.28,708.84,275.1,UPI
100974,2025-10-15,CUST1043,Individual,North,Delhi,Online,Electronics,Bluetooth Speaker,1,5103.81,0.0,5103.81,0.0,5103.81,3482.42,3482.42,1621.39,Credit Card
103288,2024-01-27,CUST2996,Individual,East,Bhubaneswar,Retail Store,Stationery,Notebook Set,3,253.04,0.0,759.12,0.0,759.12,147.07,441.21,317.91,Credit Card
103628,2024-09-06,CUST1533,Individual,Central,Bhopal,Online,Stationery,Whiteboard,2,473.59,0.15,947.18,142.08,805.1,288.23,576.46,228.64,Cash on Delivery
103639,2024-12-11,CUST1334,Individual,Central,Bhopal,Online,Stationery,Whiteboard,3,230.25,0.05,690.75,34.54,656.21,137.13,411.39,244.82,Credit Card
105883,2024-01-19,CUST4176,Individual,North,Chandigarh,Retail Store,Stationery,Notebook Set,4,414.18,0.0,1656.72,0.0,1656.72,288.39,1153.56,503.16,Cash on Delivery
105595,2024-03-10,CUST3937,Small Business, Central  ,Raipur,Distributor,Furniture,Standing Desk,2,12111.85,0.05,24223.7,1211.19,23012.51,8129.0,16258.0,6754.51,Credit Card
101836,2025-07-21,CUST4475,Small Business,West,Pune,Retail Store,Stationery,Whiteboard,2,521.97,0.0,1043.94,0.0,1043.94,348.41,696.82,347.12,Net Banking
102309,2024-08-05,CUST4028,Individual,North,Chandigarh,Retail Store,Stationery,Whiteboard,1,299.86,0.0,299.86,0.0,299.86,194.52,194.52,105.34,Debit Card
101841,2024-02-07,CUST3823,Individual,North,Lucknow,Retail Store,Apparel,Wool Sweater,1,2972.96,0.0,2972.96,0.0,2972.96,1681.9,1681.9,1291.06,Credit Card
104924,2025-08-05,CUST2453,Individual,East,Kolkata,Retail Store,Furniture,Desk Lamp,2,13099.95,0.0,26199.9,0.0,26199.9,9556.5,19113.0,7086.9,Debit Card
102045,2024-10-10,CUST1951,Individual,East,Patna,Online,Apparel,Wool Sweater,3,2333.93,0.0,7001.79,0.0,7001.79,1416.61,4249.83,2751.96,Credit Card
104406,2025-12-08,CUST4494,Small Business,East,Patna,Retail Store,Electronics,Laptop Stand,9,4115.1,0.0,37035.9,0.0,37035.9,2719.44,24474.96,12560.94,Debit Card
104373,2024-03-27,CUST3295,Individual,West,Ahmedabad,Distributor,Furniture,Standing Desk,4,2133.58,0.1,8534.32,853.43,7680.89,1523.79,6095.16,1585.73,Credit Card
104733,2024-02-21,CUST1103,Small Business,West,Ahmedabad,Online,Stationery,Notebook Set,1,516.75,0.05,516.75,25.84,490.91,329.58,329.58,161.33,UPI
104751,2024-09-05,CUST2166,Small Business,Central,Raipur,Retail Store,STATIONERY,Gel Pens Pack,5,507.86,0.0,2539.3,0.0,2539.3,364.09,1820.45,718.85,Net Banking
104719,2025-11-27,CUST3455,Individual,North,Lucknow,Retail Store,Apparel,Wool Sweater,11,624.45,0.0,6868.95,0.0,6868.95,361.83,3980.13,2888.82,Net Banking
105956,2024-08-25,CUST3028,Individual,East,Kolkata,Online,Electronics,Laptop Stand,4,1110.66,0.0,4442.64,0.0,4442.64,800.1,3200.4,1242.24,Net Banking
100845,2024-07-02,CUST2310,Individual,East,Kolkata,Distributor,Electronics,Laptop Stand,7,4372.19,0.0,30605.33,0.0,30605.33,2843.48,19904.36,10700.97,Cash on Delivery
104490,2025-10-02,CUST1209,Individual,East,Kolkata,Distributor,Furniture,Filing Cabinet,1,12434.15,0.15,12434.15,1865.12,10569.03,7704.24,7704.24,2864.79,Credit Card
102156,2025-06-24,CUST2111,Individual,West,Ahmedabad,Online,Stationery,Whiteboard,6,631.87,0.0,3791.22,0.0,3791.22,382.02,2292.12,1499.1,Credit Card
100350,2025-11-25,CUST1828,Enterprise,West,Mumbai,Retail Store,STATIONERY,Gel Pens Pack,4,165.92,0.1,663.68,66.37,597.31,113.96,455.84,141.47,Cash on Delivery
100785,2025-12-02,CUST2940,Individual, East  ,Bhubaneswar,Retail Store,Furniture,Desk Lamp,6,14052.03,0.1,84312.18,8431.22,75880.96,9738.29,58429.74,17451.22,Cash on Delivery
100048,2024-10-18,CUST1611,Individual,West,Pune,Online,Groceries,Olive Oil,3,518.81,0.15,1556.43,233.46,1322.97,290.91,872.73,450.24,Credit Card
103652,2024-01-19,CUST2676,Small Business,North,Lucknow,Online,Electronics,Webcam HD,1,1797.17,0.2,1797.17,359.43,1437.74,1329.26,1329.26,108.48,Debit Card
105752,2024-06-18,CUST4450,Small Business,East,Kolkata,Distributor,Groceries,Granola Bars,1,692.43,0.2,692.43,138.49,553.94,449.77,449.77,104.17,Debit Card
104499,2025-04-17,CUST3166,Individual,West,Mumbai,Distributor,Electronics,Wireless Mouse,1,4758.82,0.0,4758.82,0.0,4758.82,3152.09,3152.09,1606.73,Net Banking
104019,2024-09-01,CUST1371,Individual,North,Chandigarh,Retail Store,Groceries,Green Tea Pack,2,229.7,0.0,459.4,0.0,459.4,136.54,273.08,186.32,Credit Card
105204,2025-02-16,CUST1498,Individual,East,Kolkata,Online,Stationery,Notebook Set,5,352.78,0.0,1763.9,0.0,1763.9,242.96,1214.8,549.1,Cash on Delivery
105251,2024-10-23,CUST2616,Individual,East,Patna,Retail Store,Stationery,Notebook Set,5,141.88,0.1,709.4,70.94,638.46,95.21,476.05,162.41,Debit Card
101440,2025-02-26,CUST4026,Enterprise,East,Bhubaneswar,Retail Store,Electronics,Webcam HD,2,1452.88,0.15,2905.76,435.86,2469.9,920.92,1841.84,628.06,Net Banking
105086,2024-10-11,CUST1580,Individual,Central,Nagpur,Retail Store,Stationery,Gel Pens Pack,1,186.29,0.1,186.29,18.63,167.66,127.73,127.73,39.93,Net Banking
101866,2025-06-27,CUST2706,Individual,West,Ahmedabad,Distributor,Stationery,Desk Organizer,2,207.72,0.15,415.44,62.32,353.12,154.09,308.18,44.94,Net Banking
105407,2024-07-19,CUST2976,Enterprise,North,Delhi,Online,Electronics,Power Bank,1,2084.77,0.05,2084.77,104.24,1980.53,1367.85,1367.85,612.68,Cash on Delivery
103196,2025-12-12,CUST1337,Individual,North,Chandigarh,Online,Furniture,Standing Desk,8,5236.32,0.15,41890.56,6283.58,35606.98,3051.7,24413.6,11193.38,UPI
100034,2025-05-11,CUST2699,Individual,West,Mumbai,Retail Store,FURNITURE,Bookshelf,3,9021.98,0.15,27065.94,4059.89,23006.05,5348.14,16044.42,6961.63,UPI
100788,2025-07-08,CUST4495,Individual,Central,Bhopal,Online,Furniture,Office Chair,5,3330.19,0.0,16650.95,0.0,16650.95,2215.01,11075.05,5575.9,UPI
105140,2024-11-10,CUST4486,Individual,East,Patna,Retail Store,Electronics,Power Bank,1,864.48,0.15,864.48,129.67,734.81,482.96,482.96,251.85,UPI
104578,2025-05-12,CUST3506,Individual,North,Lucknow,Online,Groceries,Granola Bars,1,334.6,0.0,334.6,0.0,334.6,241.3,241.3,93.3,Credit Card
105340,2024-04-27,CUST2700,Individual,Central,Nagpur,Distributor,Electronics,USB-C Hub,2,2157.14,0.15,4314.28,647.14,3667.14,1247.74,2495.48,1171.66,Credit Card
102628,2025-05-12,CUST2059,Small Business,West,Ahmedabad,Retail Store,Furniture,Desk Lamp,3,13678.88,0.0,41036.64,0.0,41036.64,9555.08,28665.24,12371.4,UPI
100932,2024-12-11,CUST2556,,West,,Online,Electronics,USB-C Hub,1,5334.61,,5334.61,0.0,5334.61,3899.1,3899.1,1435.51,
102405,2024-06-12,CUST3573,Individual,Central,Raipur,Retail Store,Groceries,Almond Butter,2,194.09,0.0,388.18,0.0,388.18,128.52,257.04,131.14,Credit Card
101686,01-Jan-2024,CUST2721,Individual, West  ,Ahmedabad,Retail Store,Groceries,Granola Bars,4,161.08,0.0,644.32,0.0,644.32,101.11,404.44,239.88,Net Banking
101249,2025-02-19,CUST4215,Small Business,South,Chennai,Retail Store,Stationery,Sticky Notes,4,163.84,0.05,655.36,32.77,622.59,119.64,478.56,144.03,Net Banking
104856,2024-09-24,CUST2009,Enterprise,Central,Raipur,Online,Furniture,Desk Lamp,5,11914.61,0.0,59573.05,0.0,59573.05,7803.56,39017.8,20555.25,Cash on Delivery
100093,2025-10-29,CUST2793,Individual,Central,Nagpur,Online,Furniture,Bookshelf,1,12885.9,0.0,12885.9,0.0,12885.9,7725.73,7725.73,5160.17,Credit Card
105272,2025-02-13,CUST2662,Enterprise,North,Lucknow,Online,Groceries,Green Tea Pack,1,692.54,0.0,692.54,0.0,692.54,414.23,414.23,278.31,Cash on Delivery
105512,2024-08-03,CUST2368,Individual,East,Bhubaneswar,Online,Groceries,Almond Butter,4,287.65,0.0,1150.6,0.0,1150.6,203.15,812.6,338.0,Credit Card
105438,2025-07-14,CUST1418,Small Business,Central,Nagpur,Online,Apparel,Wool Sweater,8,1964.28,0.2,15714.24,3142.85,12571.39,1179.11,9432.88,3138.51,Credit Card
105569,2025-12-13,CUST2853,Small Business,South,Bengaluru,Online,Groceries,Green Tea Pack,1,681.2,0.0,681.2,0.0,681.2,488.09,488.09,193.11,Credit Card
102852,2024-12-06,CUST3048,Individual,East,Patna,Online,Groceries,Green Tea Pack,8,440.09,0.15,3520.72,528.11,2992.61,307.73,2461.84,530.77,Net Banking
102794,2024-07-31,CUST1457,Enterprise,South,Chennai,Online,Stationery,Notebook Set,7,185.06,0.0,1295.42,0.0,1295.42,136.94,958.58,336.84,Debit Card
105704,2025-01-25,CUST4642,Small Business,North,Lucknow,Online,Groceries,Organic Coffee,1,563.35,0.15,563.35,84.5,478.85,396.81,396.81,82.04,UPI
100765,2024-01-27,CUST3020,Individual,East,Bhubaneswar,Online,Apparel,Denim Jacket,3,685.0,0.05,2055.0,102.75,1952.25,498.53,1495.59,456.66,Cash on Delivery
102989,17/04/2024,CUST1661,Small Business,Central,Raipur,Online,Stationery,Desk Organizer,2,293.0,0.15,586.0,87.9,498.1,195.04,390.08,108.02,Credit Card
105470,2025-09-08,CUST4029,Individual,East,Patna,Online,Groceries,Granola Bars,3,289.27,0.1,867.81,86.78,781.03,194.75,584.25,196.78,UPI
102449,2025-08-01,CUST2485,Individual,Central,Raipur,Distributor,Electronics,Bluetooth Speaker,2,1382.0,0.1,2764.0,276.4,2487.6,952.7,1905.4,582.2,UPI
101729,2024-06-19,CUST1812,Individual,West,Pune,Distributor,Groceries,Olive Oil,5,669.97,0.1,3349.85,334.99,3014.86,491.96,2459.8,555.06,Credit Card
100258,09-26-2025,CUST1435,Small Business,East,Bhubaneswar,Online,Stationery,Whiteboard,3,261.03,0.1,783.09,78.31,704.78,163.09,489.27,215.51,Credit Card
105041,2024-09-02,CUST1289,Individual,East,Bhubaneswar,Online,Apparel,Rain Jacket,5,2103.41,0.0,10517.05,0.0,10517.05,1402.22,7011.1,3505.95,Cash on Delivery
101220,2025-09-04,CUST1461,Small Business,East,Kolkata,Online,Stationery,Whiteboard,6,432.17,0.0,2593.02,0.0,2593.02,250.74,1504.44,1088.58,UPI
101162,2024-08-07,CUST4130,Individual,Central,Bhopal,Online,ELECTRONICS,USB-C Hub,5,869.73,0.1,4348.65,434.87,3913.78,496.38,2481.9,1431.88,Net Banking
100773,2024-10-01,CUST1529,Individual, East  ,Bhubaneswar,Retail Store,Groceries,Green Tea Pack,4,734.66,0.1,2938.64,293.86,2644.78,493.8,1975.2,669.58,Net Banking
105583,2025-10-03,CUST2981,Individual,North,Chandigarh,Online,Apparel,Wool Sweater,4,894.64,0.05,3578.56,178.93,3399.63,559.39,2237.56,1162.07,Debit Card
100313,2024-05-28,CUST2619,Small Business,West,Ahmedabad,Retail Store,Furniture,Bookshelf,4,4105.99,0.0,16423.96,0.0,16423.96,2755.44,11021.76,5402.2,Cash on Delivery
104387,2025-08-11,CUST2309,Individual,South,Hyderabad,Online,FURNITURE,Office Chair,2,3839.82,0.1,7679.64,767.96,6911.68,2616.13,5232.26,1679.42,Net Banking
104033,2024-02-29,CUST2470,Individual,Central,Bhopal,Retail Store,Stationery,Sticky Notes,1,228.63,0.0,228.63,0.0,228.63,133.85,133.85,94.78,Net Banking
104860,11-27-2024,CUST2128,Enterprise,South,Chennai,Online,Apparel,Wool Sweater,1,2523.08,0.2,2523.08,504.62,2018.46,1744.64,1744.64,273.82,Cash on Delivery
102998,2024-10-01,CUST4126,Individual,Central,Bhopal,Online,Stationery,Gel Pens Pack,5,144.06,0.2,720.3,144.06,576.24,105.66,528.3,47.94,Debit Card
104280,2024-09-03,CUST2499,Small Business,Central,Raipur,Online,Stationery,Whiteboard,2,243.66,0.0,487.32,0.0,487.32,146.91,293.82,193.5,Debit Card
101177,2025-05-12,CUST3852,Individual,East,Kolkata,Online,Groceries,Organic Coffee,1,686.18,0.2,686.18,137.24,548.94,474.49,474.49,74.45,Net Banking
103897,2024-03-13,CUST2997,Small Business,South,Bengaluru,Online,Apparel,Rain Jacket,3,2577.25,0.0,7731.75,0.0,7731.75,1459.76,4379.28,3352.47,Net Banking
101350,2025-07-11,CUST1662,Individual,North,Delhi,Online,Groceries,Green Tea Pack,2,326.21,0.0,652.42,0.0,652.42,215.5,431.0,221.42,Credit Card
103776,2025-08-03,CUST1341,Small Business,Central,Nagpur,Retail Store,Apparel,Rain Jacket,4,2103.06,0.0,8412.24,0.0,8412.24,1409.13,5636.52,2775.72,Credit Card
103117,2024-06-21,CUST3259,Individual,West,Pune,Online,Furniture,Desk Lamp,3,2105.95,0.2,6317.85,1263.57,5054.28,1379.68,4139.04,915.24,Cash on Delivery
103517,2024-06-13,CUST4207,Enterprise,East,Kolkata,Online,Apparel,Running Shoes,2,970.48,0.2,1940.96,388.19,1552.77,541.53,1083.06,469.71,Net Banking
102299,2024-07-24,CUST2439,Individual,East,Patna,Online,Groceries,Organic Coffee,7,336.68,0.05,2356.76,117.84,2238.92,213.79,1496.53,742.39,UPI
102872,2024-09-26,CUST4772,Individual,South,Chennai,Retail Store,Groceries,Organic Coffee,2,898.34,0.2,1796.68,359.34,1437.34,502.67,1005.34,432.0,Debit Card
105196,2024-07-17,CUST2817,Individual,Central,Nagpur,Retail Store,Furniture,Office Chair,2,14635.7,0.0,29271.4,0.0,29271.4,10313.38,20626.76,8644.64,Cash on Delivery
100392,2024-10-11,CUST4205,Individual,Central,Nagpur,Online,Apparel,Denim Jacket,3,1938.6,0.2,5815.8,1163.16,4652.64,1134.24,3402.72,1249.92,Net Banking
105032,2024-12-12,CUST4490,Individual,Central,Raipur,Online,Stationery,Desk Organizer,4,542.94,0.1,2171.76,217.18,1954.58,342.49,1369.96,584.62,Net Banking
101457,2024-04-19,CUST2589,Individual,North,Delhi,Online,Groceries,Granola Bars,7,689.77,0.15,4828.39,724.26,4104.13,455.26,3186.82,917.31,UPI
101093,2024-05-06,CUST3961,Individual,East,Kolkata,Online,Stationery,Desk Organizer,2,698.1,0.0,1396.2,0.0,1396.2,407.77,815.54,580.66,UPI
103240,2025-05-20,CUST2868,Individual,West,Pune,Online,Groceries,Granola Bars,4,649.19,0.1,2596.76,259.68,2337.08,375.35,1501.4,835.68,Cash on Delivery
105001,2024-02-03,CUST1192,Individual,South,Bengaluru,Online,FURNITURE,Desk Lamp,4,12326.41,0.0,49305.64,0.0,49305.64,6941.8,27767.2,21538.44,Cash on Delivery
102779,2025-01-19,CUST1984,Individual,Central,Raipur,Online,Electronics,Wireless Mouse,1,4416.6,0.0,4416.6,0.0,4416.6,3169.19,3169.19,1247.41,Credit Card
104463,2025-06-12,CUST1840,Enterprise, North  ,Delhi,Online,Apparel,Rain Jacket,5,2984.81,0.0,14924.05,0.0,14924.05,1894.17,9470.85,5453.2,Cash on Delivery
104442,2024-05-12,CUST4471,Individual,East,Patna,Online,Groceries,Green Tea Pack,3,628.59,0.15,1885.77,282.87,1602.9,397.84,1193.52,409.38,Credit Card
103657,2024-01-17,CUST3500,Individual,North,Chandigarh,Online,Electronics,USB-C Hub,2,2630.12,0.0,5260.24,0.0,5260.24,1767.8,3535.6,1724.64,Credit Card
102584,2025-12-20,CUST4184,Individual,West,Pune,Online,Electronics,Bluetooth Speaker,4,5593.05,0.0,22372.2,0.0,22372.2,4031.59,16126.36,6245.84,Cash on Delivery
103258,2024-01-04,CUST4051,Individual,North,Delhi,Online,Stationery,Whiteboard,4,572.52,0.0,2290.08,0.0,2290.08,425.41,1701.64,588.44,Net Banking
101373,2025-04-28,CUST1741,Individual,West,Pune,Online,Furniture,Standing Desk,2,5202.95,0.1,10405.9,1040.59,9365.31,3199.53,6399.06,2966.25,Net Banking
105736,2025-08-30,CUST4225,Small Business,Central,Bhopal,Distributor,Stationery,Desk Organizer,7,462.58,0.05,3238.06,161.9,3076.16,326.81,2287.67,788.49,Debit Card
100920,2025-01-03,CUST4603,Enterprise,East,Bhubaneswar,Retail Store,Furniture,Standing Desk,4,6785.02,0.05,27140.08,1357.0,25783.08,4288.64,17154.56,8628.52,Cash on Delivery
104308,2024-03-14,CUST3700,Individual,North,Delhi,Online,Stationery,Desk Organizer,7,508.02,0.0,3556.14,0.0,3556.14,358.92,2512.44,1043.7,Cash on Delivery
105700,2024-10-02,CUST4101,Enterprise,East,Bhubaneswar,Online,Groceries,Green Tea Pack,4,848.02,0.05,3392.08,169.6,3222.48,581.44,2325.76,896.72,Cash on Delivery
102551,2025-12-21,CUST4809,Small Business,Central,,Distributor,Stationery,Sticky Notes,1,119.73,0.0,119.73,0.0,119.73,68.1,68.1,51.63,
100538,2025-10-03,CUST3561,Small Business,South,Bengaluru,Online,Apparel,Running Shoes,3,1015.53,0.05,3046.59,152.33,2894.26,713.73,2141.19,753.07,Net Banking
101221,2025-10-23,CUST1868,Enterprise,North,Chandigarh,Distributor,Stationery,Whiteboard,2,110.61,0.1,221.22,22.12,199.1,73.16,146.32,52.78,UPI
104272,2025-11-04,CUST4672,Small Business,East,Patna,Retail Store,Groceries,Almond Butter,4,241.34,0.1,965.36,96.54,868.82,152.59,610.36,258.46,Cash on Delivery
